# i si j sj a b distance p sign Re(class) Im(class) Re(target) Im(target) Re(sign_class) Im(sign_class) residual
0 0 1 0 0 1 1 0 1 1.5483719497275521 0 1.5483719497275521 0 1.5483719497275521 0 0
0 0 2 0 0 2 2 1 1 -0.62106902470630421 0 -0.62106902470630421 0 -0.62106902470630421 0 0
0 0 3 0 0 3 3 2 1 1.4591568302030655 0 1.4591568302030655 0 1.4591568302030655 0 0
0 0 4 0 0 4 4 3 1 -0.65922634871850916 0 -0.65922634871850916 0 -0.65922634871850916 0 0
0 0 5 0 0 5 5 4 1 1.4380193841453996 0 1.4380193841453996 0 1.4380193841453996 0 0
0 0 6 0 0 6 6 5 1 -0.67262681213945552 0 -0.67262681213945552 0 -0.67262681213945552 0 0
0 0 7 0 0 7 7 6 1 1.4287857099143846 0 1.4287857099143846 0 1.4287857099143846 0 0
0 0 8 0 0 8 8 7 1 -0.67935965176948165 0 -0.67935965176948165 0 -0.67935965176948165 0 0
0 0 9 0 0 9 9 8 1 1.423671853971749 0 1.423671853971749 0 1.423671853971749 0 0
0 0 10 0 0 10 10 9 1 -0.68336495168385192 0 -0.68336495168385192 0 -0.68336495168385192 0 0
0 0 11 0 0 11 11 10 1 1.4204592435907357 0 1.4204592435907357 0 1.4204592435907357 0 0
0 0 12 0 0 12 12 11 1 -0.68599076312992613 0 -0.68599076312992613 0 -0.68599076312992613 0 0
0 0 13 0 0 13 13 12 1 1.418280333004784 0 1.418280333004784 0 1.418280333004784 0 0
0 0 14 0 0 14 14 13 1 -0.68782111261705625 0 -0.68782111261705625 0 -0.68782111261705625 0 0
0 0 15 0 0 15 15 14 1 1.4167274407073669 0 1.4167274407073669 0 1.4167274407073669 0 0
0 0 16 0 0 16 16 15 1 -0.68914919296560939 0 -0.68914919296560939 0 -0.68914919296560939 0 0
0 0 17 0 0 17 17 16 1 1.415584401425233 0 1.415584401425233 0 1.415584401425233 0 0
0 0 18 0 0 18 18 17 1 -0.6901377561362213 0 -0.6901377561362213 0 -0.6901377561362213 0 0
0 0 19 0 0 19 19 18 1 1.4147264780329518 0 1.4147264780329518 0 1.4147264780329518 0 0
0 0 20 0 0 20 20 19 1 -0.69088386103115262 0 -0.69088386103115262 0 -0.69088386103115262 0 0
0 0 21 0 0 21 21 20 1 1.4140771750058097 0 1.4140771750058097 0 1.4140771750058097 0 0
0 0 22 0 0 22 22 21 1 -0.69144844497275415 0 -0.69144844497275415 0 -0.69144844497275415 0 0
0 0 23 0 0 23 23 22 1 1.4135875246411542 0 1.4135875246411542 0 1.4135875246411542 0 0
0 0 24 0 0 24 24 23 1 -0.69187112178069776 0 -0.69187112178069776 0 -0.69187112178069776 0 0
0 0 25 0 0 25 25 24 1 1.4132253331583424 0 1.4132253331583424 0 1.4132253331583424 0 0
0 0 26 0 0 26 26 25 1 -0.69217811196996715 0 -0.69217811196996715 0 -0.69217811196996715 0 0
0 0 27 0 0 27 27 26 1 1.412969260722523 0 1.412969260722523 0 1.412969260722523 0 0
0 0 28 0 0 28 28 27 1 -0.69238670518368572 0 -0.69238670518368572 0 -0.69238670518368572 0 0
0 0 29 0 0 29 29 28 1 1.412805434823321 0 1.412805434823321 0 1.412805434823321 0 0
0 0 30 0 0 30 30 29 1 -0.6925078382886708 0 -0.6925078382886708 0 -0.6925078382886708 0 0
0 0 31 0 0 31 31 30 1 1.4127254916248142 0 1.4127254916248142 0 1.4127254916248142 0 0
0 0 32 0 0 32 32 31 1 -0.69254756909215287 0 -0.69254756909215287 0 -0.69254756909215287 0 0
0 0 33 0 0 33 31 30 1 1.4127254916248142 0 1.4127254916248169 0 1.4127254916248142 0 2.6645352591003757e-15
0 0 34 0 0 34 30 29 1 -0.6925078382886708 0 -0.69250783828867302 0 -0.6925078382886708 0 2.2204460492503131e-15
0 0 35 0 0 35 29 28 1 1.412805434823321 0 1.4128054348233245 0 1.412805434823321 0 3.5527136788005009e-15
0 0 36 0 0 36 28 27 1 -0.69238670518368572 0 -0.69238670518369061 0 -0.69238670518368572 0 4.8849813083506888e-15
0 0 37 0 0 37 27 26 1 1.412969260722523 0 1.4129692607225253 0 1.412969260722523 0 2.2204460492503131e-15
0 0 38 0 0 38 26 25 1 -0.69217811196996715 0 -0.69217811196997048 0 -0.69217811196996715 0 3.3306690738754696e-15
0 0 39 0 0 39 25 24 1 1.4132253331583424 0 1.4132253331583415 0 1.4132253331583424 0 8.8817841970012523e-16
0 0 40 0 0 40 24 23 1 -0.69187112178069776 0 -0.69187112178070287 0 -0.69187112178069776 0 5.1070259132757201e-15
0 0 41 0 0 41 23 22 1 1.4135875246411542 0 1.4135875246411573 0 1.4135875246411542 0 3.1086244689504383e-15
0 0 42 0 0 42 22 21 1 -0.69144844497275415 0 -0.69144844497276392 0 -0.69144844497275415 0 9.7699626167013776e-15
0 0 43 0 0 43 21 20 1 1.4140771750058097 0 1.4140771750058145 0 1.4140771750058097 0 4.8849813083506888e-15
0 0 44 0 0 44 20 19 1 -0.69088386103115262 0 -0.69088386103115063 0 -0.69088386103115262 0 1.9984014443252818e-15
0 0 45 0 0 45 19 18 1 1.4147264780329518 0 1.4147264780329598 0 1.4147264780329518 0 7.9936057773011271e-15
0 0 46 0 0 46 18 17 1 -0.6901377561362213 0 -0.6901377561362213 0 -0.6901377561362213 0 0
0 0 47 0 0 47 17 16 1 1.415584401425233 0 1.4155844014252348 0 1.415584401425233 0 1.7763568394002505e-15
0 0 48 0 0 48 16 15 1 -0.68914919296560939 0 -0.68914919296561961 0 -0.68914919296560939 0 1.021405182655144e-14
0 0 49 0 0 49 15 14 1 1.4167274407073669 0 1.4167274407073918 0 1.4167274407073669 0 2.4868995751603507e-14
0 0 50 0 0 50 14 13 1 -0.68782111261705625 0 -0.68782111261707468 0 -0.68782111261705625 0 1.8429702208777599e-14
0 0 51 0 0 51 13 12 1 1.418280333004784 0 1.4182803330047968 0 1.418280333004784 0 1.2878587085651816e-14
0 0 52 0 0 52 12 11 1 -0.68599076312992613 0 -0.6859907631299299 0 -0.68599076312992613 0 3.7747582837255322e-15
0 0 53 0 0 53 11 10 1 1.4204592435907357 0 1.4204592435907557 0 1.4204592435907357 0 1.9984014443252818e-14
0 0 54 0 0 54 10 9 1 -0.68336495168385192 0 -0.6833649516838608 0 -0.68336495168385192 0 8.8817841970012523e-15
0 0 55 0 0 55 9 8 1 1.423671853971749 0 1.423671853971769 0 1.423671853971749 0 1.9984014443252818e-14
0 0 56 0 0 56 8 7 1 -0.67935965176948165 0 -0.67935965176951207 0 -0.67935965176948165 0 3.0420110874729289e-14
0 0 57 0 0 57 7 6 1 1.4287857099143846 0 1.4287857099143961 0 1.4287857099143846 0 1.1546319456101628e-14
0 0 58 0 0 58 6 5 1 -0.67262681213945552 0 -0.67262681213947395 0 -0.67262681213945552 0 1.8429702208777599e-14
0 0 59 0 0 59 5 4 1 1.4380193841453996 0 1.4380193841454063 0 1.4380193841453996 0 6.6613381477509392e-15
0 0 60 0 0 60 4 3 1 -0.65922634871850916 0 -0.65922634871853047 0 -0.65922634871850916 0 2.1316282072803006e-14
0 0 61 0 0 61 3 2 1 1.4591568302030655 0 1.4591568302030749 0 1.4591568302030655 0 9.3258734068513149e-15
0 0 62 0 0 62 2 1 1 -0.62106902470630421 0 -0.62106902470631353 0 -0.62106902470630421 0 9.3258734068513149e-15
0 0 63 0 0 63 1 0 1 1.5483719497275521 0 1.5483719497275534 0 1.5483719497275521 0 1.3322676295501878e-15
0 0 0 1 0 64 0 32 1 0 0 0 0 0 0 0
0 0 1 1 0 65 1 33 1 0.20703724960773262 0 0.20703724960773262 0 0.20703724960773262 0 0
0 0 2 1 0 66 2 34 1 0.20703724960773262 0 0.20703724960773262 0 0.20703724960773262 0 0
0 0 3 1 0 67 3 35 1 0.20703724960773262 0 0.20703724960773262 0 0.20703724960773262 0 0
0 0 4 1 0 68 4 36 1 0.20703724960773262 0 0.20703724960773262 0 0.20703724960773262 0 0
0 0 5 1 0 69 5 37 1 0.20703724960773262 0 0.20703724960773262 0 0.20703724960773262 0 0
0 0 6 1 0 70 6 38 1 0.20703724960773262 0 0.20703724960773262 0 0.20703724960773262 0 0
0 0 7 1 0 71 7 39 1 0.20703724960773262 0 0.20703724960773262 0 0.20703724960773262 0 0
0 0 8 1 0 72 8 40 1 0.20703724960773262 0 0.20703724960773262 0 0.20703724960773262 0 0
0 0 9 1 0 73 9 41 1 0.20703724960773262 0 0.20703724960773262 0 0.20703724960773262 0 0
0 0 10 1 0 74 10 42 1 0.20703724960773262 0 0.20703724960773262 0 0.20703724960773262 0 0
0 0 11 1 0 75 11 43 1 0.20703724960773262 0 0.20703724960773262 0 0.20703724960773262 0 0
0 0 12 1 0 76 12 44 1 0.20703724960773262 0 0.20703724960773262 0 0.20703724960773262 0 0
0 0 13 1 0 77 13 45 1 0.20703724960773262 0 0.20703724960773262 0 0.20703724960773262 0 0
0 0 14 1 0 78 14 46 1 0.20703724960773262 0 0.20703724960773262 0 0.20703724960773262 0 0
0 0 15 1 0 79 15 47 1 0.20703724960773262 0 0.20703724960773262 0 0.20703724960773262 0 0
0 0 16 1 0 80 16 48 1 0.20703724960773262 0 0.20703724960773262 0 0.20703724960773262 0 0
0 0 17 1 0 81 17 49 1 0.20703724960773262 0 0.20703724960773262 0 0.20703724960773262 0 0
0 0 18 1 0 82 18 50 1 0.20703724960773262 0 0.20703724960773262 0 0.20703724960773262 0 0
0 0 19 1 0 83 19 51 1 0.20703724960773262 0 0.20703724960773262 0 0.20703724960773262 0 0
0 0 20 1 0 84 20 52 1 0.20703724960773262 0 0.20703724960773262 0 0.20703724960773262 0 0
0 0 21 1 0 85 21 53 1 0.20703724960773262 0 0.20703724960773262 0 0.20703724960773262 0 0
0 0 22 1 0 86 22 54 1 0.20703724960773262 0 0.20703724960773262 0 0.20703724960773262 0 0
0 0 23 1 0 87 23 55 1 0.20703724960773262 0 0.20703724960773262 0 0.20703724960773262 0 0
0 0 24 1 0 88 24 56 1 0.20703724960773262 0 0.20703724960773262 0 0.20703724960773262 0 0
0 0 25 1 0 89 25 57 1 0.20703724960773262 0 0.20703724960773262 0 0.20703724960773262 0 0
0 0 26 1 0 90 26 58 1 0.20703724960773262 0 0.20703724960773262 0 0.20703724960773262 0 0
0 0 27 1 0 91 27 59 1 0.20703724960773262 0 0.20703724960773262 0 0.20703724960773262 0 0
0 0 28 1 0 92 28 60 1 0.20703724960773262 0 0.20703724960773262 0 0.20703724960773262 0 0
0 0 29 1 0 93 29 61 1 0.20703724960773262 0 0.20703724960773262 0 0.20703724960773262 0 0
0 0 30 1 0 94 30 62 1 0.20703724960773262 0 0.20703724960773262 0 0.20703724960773262 0 0
0 0 31 1 0 95 31 63 1 0.20703724960773262 0 0.20703724960773262 0 0.20703724960773262 0 0
0 0 32 1 0 96 32 64 1 0.20703724960773262 0 0.20703724960773262 0 0.20703724960773262 0 0
0 0 33 1 0 97 31 63 1 0.20703724960773262 0 0.20703724960773262 0 0.20703724960773262 0 0
0 0 34 1 0 98 30 62 1 0.20703724960773262 0 0.20703724960773262 0 0.20703724960773262 0 0
0 0 35 1 0 99 29 61 1 0.20703724960773262 0 0.20703724960773262 0 0.20703724960773262 0 0
0 0 36 1 0 100 28 60 1 0.20703724960773262 0 0.20703724960773262 0 0.20703724960773262 0 0
0 0 37 1 0 101 27 59 1 0.20703724960773262 0 0.20703724960773262 0 0.20703724960773262 0 0
0 0 38 1 0 102 26 58 1 0.20703724960773262 0 0.20703724960773262 0 0.20703724960773262 0 0
0 0 39 1 0 103 25 57 1 0.20703724960773262 0 0.20703724960773262 0 0.20703724960773262 0 0
0 0 40 1 0 104 24 56 1 0.20703724960773262 0 0.20703724960773262 0 0.20703724960773262 0 0
0 0 41 1 0 105 23 55 1 0.20703724960773262 0 0.20703724960773262 0 0.20703724960773262 0 0
0 0 42 1 0 106 22 54 1 0.20703724960773262 0 0.20703724960773262 0 0.20703724960773262 0 0
0 0 43 1 0 107 21 53 1 0.20703724960773262 0 0.20703724960773262 0 0.20703724960773262 0 0
0 0 44 1 0 108 20 52 1 0.20703724960773262 0 0.20703724960773262 0 0.20703724960773262 0 0
0 0 45 1 0 109 19 51 1 0.20703724960773262 0 0.20703724960773262 0 0.20703724960773262 0 0
0 0 46 1 0 110 18 50 1 0.20703724960773262 0 0.20703724960773262 0 0.20703724960773262 0 0
0 0 47 1 0 111 17 49 1 0.20703724960773262 0 0.20703724960773262 0 0.20703724960773262 0 0
0 0 48 1 0 112 16 48 1 0.20703724960773262 0 0.20703724960773262 0 0.20703724960773262 0 0
0 0 49 1 0 113 15 47 1 0.20703724960773262 0 0.20703724960773262 0 0.20703724960773262 0 0
0 0 50 1 0 114 14 46 1 0.20703724960773262 0 0.20703724960773262 0 0.20703724960773262 0 0
0 0 51 1 0 115 13 45 1 0.20703724960773262 0 0.20703724960773262 0 0.20703724960773262 0 0
0 0 52 1 0 116 12 44 1 0.20703724960773262 0 0.20703724960773262 0 0.20703724960773262 0 0
0 0 53 1 0 117 11 43 1 0.20703724960773262 0 0.20703724960773262 0 0.20703724960773262 0 0
0 0 54 1 0 118 10 42 1 0.20703724960773262 0 0.20703724960773262 0 0.20703724960773262 0 0
0 0 55 1 0 119 9 41 1 0.20703724960773262 0 0.20703724960773262 0 0.20703724960773262 0 0
0 0 56 1 0 120 8 40 1 0.20703724960773262 0 0.20703724960773262 0 0.20703724960773262 0 0
0 0 57 1 0 121 7 39 1 0.20703724960773262 0 0.20703724960773262 0 0.20703724960773262 0 0
0 0 58 1 0 122 6 38 1 0.20703724960773262 0 0.20703724960773262 0 0.20703724960773262 0 0
0 0 59 1 0 123 5 37 1 0.20703724960773262 0 0.20703724960773262 0 0.20703724960773262 0 0
0 0 60 1 0 124 4 36 1 0.20703724960773262 0 0.20703724960773262 0 0.20703724960773262 0 0
0 0 61 1 0 125 3 35 1 0.20703724960773262 0 0.20703724960773262 0 0.20703724960773262 0 0
0 0 62 1 0 126 2 34 1 0.20703724960773262 0 0.20703724960773262 0 0.20703724960773262 0 0
0 0 63 1 0 127 1 33 1 0.20703724960773262 0 0.20703724960773262 0 0.20703724960773262 0 0
1 0 2 0 1 2 1 0 1 1.5483719497275521 0 1.5483719497275521 0 1.5483719497275521 0 0
1 0 3 0 1 3 2 1 1 -0.62106902470630421 0 -0.62106902470630421 0 -0.62106902470630421 0 0
1 0 4 0 1 4 3 2 1 1.4591568302030655 0 1.4591568302030655 0 1.4591568302030655 0 0
1 0 5 0 1 5 4 3 1 -0.65922634871850916 0 -0.65922634871850916 0 -0.65922634871850916 0 0
1 0 6 0 1 6 5 4 1 1.4380193841453996 0 1.4380193841453996 0 1.4380193841453996 0 0
1 0 7 0 1 7 6 5 1 -0.67262681213945552 0 -0.67262681213945552 0 -0.67262681213945552 0 0
1 0 8 0 1 8 7 6 1 1.4287857099143846 0 1.4287857099143846 0 1.4287857099143846 0 0
1 0 9 0 1 9 8 7 1 -0.67935965176948165 0 -0.67935965176948165 0 -0.67935965176948165 0 0
1 0 10 0 1 10 9 8 1 1.423671853971749 0 1.423671853971749 0 1.423671853971749 0 0
1 0 11 0 1 11 10 9 1 -0.68336495168385192 0 -0.68336495168385192 0 -0.68336495168385192 0 0
1 0 12 0 1 12 11 10 1 1.4204592435907357 0 1.4204592435907357 0 1.4204592435907357 0 0
1 0 13 0 1 13 12 11 1 -0.68599076312992613 0 -0.68599076312992613 0 -0.68599076312992613 0 0
1 0 14 0 1 14 13 12 1 1.418280333004784 0 1.418280333004784 0 1.418280333004784 0 0
1 0 15 0 1 15 14 13 1 -0.68782111261705625 0 -0.68782111261705625 0 -0.68782111261705625 0 0
1 0 16 0 1 16 15 14 1 1.4167274407073669 0 1.4167274407073669 0 1.4167274407073669 0 0
1 0 17 0 1 17 16 15 1 -0.68914919296560939 0 -0.68914919296560939 0 -0.68914919296560939 0 0
1 0 18 0 1 18 17 16 1 1.415584401425233 0 1.415584401425233 0 1.415584401425233 0 0
1 0 19 0 1 19 18 17 1 -0.6901377561362213 0 -0.6901377561362213 0 -0.6901377561362213 0 0
1 0 20 0 1 20 19 18 1 1.4147264780329518 0 1.4147264780329518 0 1.4147264780329518 0 0
1 0 21 0 1 21 20 19 1 -0.69088386103115262 0 -0.69088386103115262 0 -0.69088386103115262 0 0
1 0 22 0 1 22 21 20 1 1.4140771750058097 0 1.4140771750058097 0 1.4140771750058097 0 0
1 0 23 0 1 23 22 21 1 -0.69144844497275415 0 -0.69144844497275415 0 -0.69144844497275415 0 0
1 0 24 0 1 24 23 22 1 1.4135875246411542 0 1.4135875246411542 0 1.4135875246411542 0 0
1 0 25 0 1 25 24 23 1 -0.69187112178069776 0 -0.69187112178069776 0 -0.69187112178069776 0 0
1 0 26 0 1 26 25 24 1 1.4132253331583424 0 1.4132253331583424 0 1.4132253331583424 0 0
1 0 27 0 1 27 26 25 1 -0.69217811196996715 0 -0.69217811196996715 0 -0.69217811196996715 0 0
1 0 28 0 1 28 27 26 1 1.412969260722523 0 1.412969260722523 0 1.412969260722523 0 0
1 0 29 0 1 29 28 27 1 -0.69238670518368572 0 -0.69238670518368572 0 -0.69238670518368572 0 0
1 0 30 0 1 30 29 28 1 1.412805434823321 0 1.412805434823321 0 1.412805434823321 0 0
1 0 31 0 1 31 30 29 1 -0.6925078382886708 0 -0.6925078382886708 0 -0.6925078382886708 0 0
1 0 32 0 1 32 31 30 1 1.4127254916248142 0 1.4127254916248142 0 1.4127254916248142 0 0
1 0 33 0 1 33 32 31 1 -0.69254756909215287 0 -0.69254756909215287 0 -0.69254756909215287 0 0
1 0 34 0 1 34 31 30 1 1.4127254916248142 0 1.4127254916248169 0 1.4127254916248142 0 2.6645352591003757e-15
1 0 35 0 1 35 30 29 1 -0.6925078382886708 0 -0.69250783828867302 0 -0.6925078382886708 0 2.2204460492503131e-15
1 0 36 0 1 36 29 28 1 1.412805434823321 0 1.4128054348233245 0 1.412805434823321 0 3.5527136788005009e-15
1 0 37 0 1 37 28 27 1 -0.69238670518368572 0 -0.69238670518369061 0 -0.69238670518368572 0 4.8849813083506888e-15
1 0 38 0 1 38 27 26 1 1.412969260722523 0 1.4129692607225253 0 1.412969260722523 0 2.2204460492503131e-15
1 0 39 0 1 39 26 25 1 -0.69217811196996715 0 -0.69217811196997048 0 -0.69217811196996715 0 3.3306690738754696e-15
1 0 40 0 1 40 25 24 1 1.4132253331583424 0 1.4132253331583415 0 1.4132253331583424 0 8.8817841970012523e-16
1 0 41 0 1 41 24 23 1 -0.69187112178069776 0 -0.69187112178070287 0 -0.69187112178069776 0 5.1070259132757201e-15
1 0 42 0 1 42 23 22 1 1.4135875246411542 0 1.4135875246411573 0 1.4135875246411542 0 3.1086244689504383e-15
1 0 43 0 1 43 22 21 1 -0.69144844497275415 0 -0.69144844497276392 0 -0.69144844497275415 0 9.7699626167013776e-15
1 0 44 0 1 44 21 20 1 1.4140771750058097 0 1.4140771750058145 0 1.4140771750058097 0 4.8849813083506888e-15
1 0 45 0 1 45 20 19 1 -0.69088386103115262 0 -0.69088386103115063 0 -0.69088386103115262 0 1.9984014443252818e-15
1 0 46 0 1 46 19 18 1 1.4147264780329518 0 1.4147264780329598 0 1.4147264780329518 0 7.9936057773011271e-15
1 0 47 0 1 47 18 17 1 -0.6901377561362213 0 -0.6901377561362213 0 -0.6901377561362213 0 0
1 0 48 0 1 48 17 16 1 1.415584401425233 0 1.4155844014252348 0 1.415584401425233 0 1.7763568394002505e-15
1 0 49 0 1 49 16 15 1 -0.68914919296560939 0 -0.68914919296561961 0 -0.68914919296560939 0 1.021405182655144e-14
1 0 50 0 1 50 15 14 1 1.4167274407073669 0 1.4167274407073918 0 1.4167274407073669 0 2.4868995751603507e-14
1 0 51 0 1 51 14 13 1 -0.68782111261705625 0 -0.68782111261707468 0 -0.68782111261705625 0 1.8429702208777599e-14
1 0 52 0 1 52 13 12 1 1.418280333004784 0 1.4182803330047968 0 1.418280333004784 0 1.2878587085651816e-14
1 0 53 0 1 53 12 11 1 -0.68599076312992613 0 -0.6859907631299299 0 -0.68599076312992613 0 3.7747582837255322e-15
1 0 54 0 1 54 11 10 1 1.4204592435907357 0 1.4204592435907557 0 1.4204592435907357 0 1.9984014443252818e-14
1 0 55 0 1 55 10 9 1 -0.68336495168385192 0 -0.6833649516838608 0 -0.68336495168385192 0 8.8817841970012523e-15
1 0 56 0 1 56 9 8 1 1.423671853971749 0 1.423671853971769 0 1.423671853971749 0 1.9984014443252818e-14
1 0 57 0 1 57 8 7 1 -0.67935965176948165 0 -0.67935965176951207 0 -0.67935965176948165 0 3.0420110874729289e-14
1 0 58 0 1 58 7 6 1 1.4287857099143846 0 1.4287857099143961 0 1.4287857099143846 0 1.1546319456101628e-14
1 0 59 0 1 59 6 5 1 -0.67262681213945552 0 -0.67262681213947395 0 -0.67262681213945552 0 1.8429702208777599e-14
1 0 60 0 1 60 5 4 1 1.4380193841453996 0 1.4380193841454063 0 1.4380193841453996 0 6.6613381477509392e-15
1 0 61 0 1 61 4 3 1 -0.65922634871850916 0 -0.65922634871853047 0 -0.65922634871850916 0 2.1316282072803006e-14
1 0 62 0 1 62 3 2 1 1.4591568302030655 0 1.4591568302030749 0 1.4591568302030655 0 9.3258734068513149e-15
1 0 63 0 1 63 2 1 1 -0.62106902470630421 0 -0.62106902470631353 0 -0.62106902470630421 0 9.3258734068513149e-15
1 0 0 1 1 64 1 33 -1 0.20703724960773262 0 -0.20703724960773262 0 -0.20703724960773262 0 0
1 0 1 1 1 65 0 32 1 0 0 0 0 0 0 0
1 0 2 1 1 66 1 33 1 0.20703724960773262 0 0.20703724960773262 0 0.20703724960773262 0 0
1 0 3 1 1 67 2 34 1 0.20703724960773262 0 0.20703724960773262 0 0.20703724960773262 0 0
1 0 4 1 1 68 3 35 1 0.20703724960773262 0 0.20703724960773262 0 0.20703724960773262 0 0
1 0 5 1 1 69 4 36 1 0.20703724960773262 0 0.20703724960773262 0 0.20703724960773262 0 0
1 0 6 1 1 70 5 37 1 0.20703724960773262 0 0.20703724960773262 0 0.20703724960773262 0 0
1 0 7 1 1 71 6 38 1 0.20703724960773262 0 0.20703724960773262 0 0.20703724960773262 0 0
1 0 8 1 1 72 7 39 1 0.20703724960773262 0 0.20703724960773262 0 0.20703724960773262 0 0
1 0 9 1 1 73 8 40 1 0.20703724960773262 0 0.20703724960773262 0 0.20703724960773262 0 0
1 0 10 1 1 74 9 41 1 0.20703724960773262 0 0.20703724960773262 0 0.20703724960773262 0 0
1 0 11 1 1 75 10 42 1 0.20703724960773262 0 0.20703724960773262 0 0.20703724960773262 0 0
1 0 12 1 1 76 11 43 1 0.20703724960773262 0 0.20703724960773262 0 0.20703724960773262 0 0
1 0 13 1 1 77 12 44 1 0.20703724960773262 0 0.20703724960773262 0 0.20703724960773262 0 0
1 0 14 1 1 78 13 45 1 0.20703724960773262 0 0.20703724960773262 0 0.20703724960773262 0 0
1 0 15 1 1 79 14 46 1 0.20703724960773262 0 0.20703724960773262 0 0.20703724960773262 0 0
1 0 16 1 1 80 15 47 1 0.20703724960773262 0 0.20703724960773262 0 0.20703724960773262 0 0
1 0 17 1 1 81 16 48 1 0.20703724960773262 0 0.20703724960773262 0 0.20703724960773262 0 0
1 0 18 1 1 82 17 49 1 0.20703724960773262 0 0.20703724960773262 0 0.20703724960773262 0 0
1 0 19 1 1 83 18 50 1 0.20703724960773262 0 0.20703724960773262 0 0.20703724960773262 0 0
1 0 20 1 1 84 19 51 1 0.20703724960773262 0 0.20703724960773262 0 0.20703724960773262 0 0
1 0 21 1 1 85 20 52 1 0.20703724960773262 0 0.20703724960773262 0 0.20703724960773262 0 0
1 0 22 1 1 86 21 53 1 0.20703724960773262 0 0.20703724960773262 0 0.20703724960773262 0 0
1 0 23 1 1 87 22 54 1 0.20703724960773262 0 0.20703724960773262 0 0.20703724960773262 0 0
1 0 24 1 1 88 23 55 1 0.20703724960773262 0 0.20703724960773262 0 0.20703724960773262 0 0
1 0 25 1 1 89 24 56 1 0.20703724960773262 0 0.20703724960773262 0 0.20703724960773262 0 0
1 0 26 1 1 90 25 57 1 0.20703724960773262 0 0.20703724960773262 0 0.20703724960773262 0 0
1 0 27 1 1 91 26 58 1 0.20703724960773262 0 0.20703724960773262 0 0.20703724960773262 0 0
1 0 28 1 1 92 27 59 1 0.20703724960773262 0 0.20703724960773262 0 0.20703724960773262 0 0
1 0 29 1 1 93 28 60 1 0.20703724960773262 0 0.20703724960773262 0 0.20703724960773262 0 0
1 0 30 1 1 94 29 61 1 0.20703724960773262 0 0.20703724960773262 0 0.20703724960773262 0 0
1 0 31 1 1 95 30 62 1 0.20703724960773262 0 0.20703724960773262 0 0.20703724960773262 0 0
1 0 32 1 1 96 31 63 1 0.20703724960773262 0 0.20703724960773262 0 0.20703724960773262 0 0
1 0 33 1 1 97 32 64 1 0.20703724960773262 0 0.20703724960773262 0 0.20703724960773262 0 0
1 0 34 1 1 98 31 63 1 0.20703724960773262 0 0.20703724960773262 0 0.20703724960773262 0 0
1 0 35 1 1 99 30 62 1 0.20703724960773262 0 0.20703724960773262 0 0.20703724960773262 0 0
1 0 36 1 1 100 29 61 1 0.20703724960773262 0 0.20703724960773262 0 0.20703724960773262 0 0
1 0 37 1 1 101 28 60 1 0.20703724960773262 0 0.20703724960773262 0 0.20703724960773262 0 0
1 0 38 1 1 102 27 59 1 0.20703724960773262 0 0.20703724960773262 0 0.20703724960773262 0 0
1 0 39 1 1 103 26 58 1 0.20703724960773262 0 0.20703724960773262 0 0.20703724960773262 0 0
1 0 40 1 1 104 25 57 1 0.20703724960773262 0 0.20703724960773262 0 0.20703724960773262 0 0
1 0 41 1 1 105 24 56 1 0.20703724960773262 0 0.20703724960773262 0 0.20703724960773262 0 0
1 0 42 1 1 106 23 55 1 0.20703724960773262 0 0.20703724960773262 0 0.20703724960773262 0 0
1 0 43 1 1 107 22 54 1 0.20703724960773262 0 0.20703724960773262 0 0.20703724960773262 0 0
1 0 44 1 1 108 21 53 1 0.20703724960773262 0 0.20703724960773262 0 0.20703724960773262 0 0
1 0 45 1 1 109 20 52 1 0.20703724960773262 0 0.20703724960773262 0 0.20703724960773262 0 0
1 0 46 1 1 110 19 51 1 0.20703724960773262 0 0.20703724960773262 0 0.20703724960773262 0 0
1 0 47 1 1 111 18 50 1 0.20703724960773262 0 0.20703724960773262 0 0.20703724960773262 0 0
1 0 48 1 1 112 17 49 1 0.20703724960773262 0 0.20703724960773262 0 0.20703724960773262 0 0
1 0 49 1 1 113 16 48 1 0.20703724960773262 0 0.20703724960773262 0 0.20703724960773262 0 0
1 0 50 1 1 114 15 47 1 0.20703724960773262 0 0.20703724960773262 0 0.20703724960773262 0 0
1 0 51 1 1 115 14 46 1 0.20703724960773262 0 0.20703724960773262 0 0.20703724960773262 0 0
1 0 52 1 1 116 13 45 1 0.20703724960773262 0 0.20703724960773262 0 0.20703724960773262 0 0
1 0 53 1 1 117 12 44 1 0.20703724960773262 0 0.20703724960773262 0 0.20703724960773262 0 0
1 0 54 1 1 118 11 43 1 0.20703724960773262 0 0.20703724960773262 0 0.20703724960773262 0 0
1 0 55 1 1 119 10 42 1 0.20703724960773262 0 0.20703724960773262 0 0.20703724960773262 0 0
1 0 56 1 1 120 9 41 1 0.20703724960773262 0 0.20703724960773262 0 0.20703724960773262 0 0
1 0 57 1 1 121 8 40 1 0.20703724960773262 0 0.20703724960773262 0 0.20703724960773262 0 0
1 0 58 1 1 122 7 39 1 0.20703724960773262 0 0.20703724960773262 0 0.20703724960773262 0 0
1 0 59 1 1 123 6 38 1 0.20703724960773262 0 0.20703724960773262 0 0.20703724960773262 0 0
1 0 60 1 1 124 5 37 1 0.20703724960773262 0 0.20703724960773262 0 0.20703724960773262 0 0
1 0 61 1 1 125 4 36 1 0.20703724960773262 0 0.20703724960773262 0 0.20703724960773262 0 0
1 0 62 1 1 126 3 35 1 0.20703724960773262 0 0.20703724960773262 0 0.20703724960773262 0 0
1 0 63 1 1 127 2 34 1 0.20703724960773262 0 0.20703724960773262 0 0.20703724960773262 0 0
2 0 3 0 2 3 1 0 1 1.5483719497275521 0 1.5483719497275521 0 1.5483719497275521 0 0
2 0 4 0 2 4 2 1 1 -0.62106902470630421 0 -0.62106902470630421 0 -0.62106902470630421 0 0
2 0 5 0 2 5 3 2 1 1.4591568302030655 0 1.4591568302030655 0 1.4591568302030655 0 0
2 0 6 0 2 6 4 3 1 -0.65922634871850916 0 -0.65922634871850916 0 -0.65922634871850916 0 0
2 0 7 0 2 7 5 4 1 1.4380193841453996 0 1.4380193841453996 0 1.4380193841453996 0 0
2 0 8 0 2 8 6 5 1 -0.67262681213945552 0 -0.67262681213945552 0 -0.67262681213945552 0 0
2 0 9 0 2 9 7 6 1 1.4287857099143846 0 1.4287857099143846 0 1.4287857099143846 0 0
2 0 10 0 2 10 8 7 1 -0.67935965176948165 0 -0.67935965176948165 0 -0.67935965176948165 0 0
2 0 11 0 2 11 9 8 1 1.423671853971749 0 1.423671853971749 0 1.423671853971749 0 0
2 0 12 0 2 12 10 9 1 -0.68336495168385192 0 -0.68336495168385192 0 -0.68336495168385192 0 0
2 0 13 0 2 13 11 10 1 1.4204592435907357 0 1.4204592435907357 0 1.4204592435907357 0 0
2 0 14 0 2 14 12 11 1 -0.68599076312992613 0 -0.68599076312992613 0 -0.68599076312992613 0 0
2 0 15 0 2 15 13 12 1 1.418280333004784 0 1.418280333004784 0 1.418280333004784 0 0
2 0 16 0 2 16 14 13 1 -0.68782111261705625 0 -0.68782111261705625 0 -0.68782111261705625 0 0
2 0 17 0 2 17 15 14 1 1.4167274407073669 0 1.4167274407073669 0 1.4167274407073669 0 0
2 0 18 0 2 18 16 15 1 -0.68914919296560939 0 -0.68914919296560939 0 -0.68914919296560939 0 0
2 0 19 0 2 19 17 16 1 1.415584401425233 0 1.415584401425233 0 1.415584401425233 0 0
2 0 20 0 2 20 18 17 1 -0.6901377561362213 0 -0.6901377561362213 0 -0.6901377561362213 0 0
2 0 21 0 2 21 19 18 1 1.4147264780329518 0 1.4147264780329518 0 1.4147264780329518 0 0
2 0 22 0 2 22 20 19 1 -0.69088386103115262 0 -0.69088386103115262 0 -0.69088386103115262 0 0
2 0 23 0 2 23 21 20 1 1.4140771750058097 0 1.4140771750058097 0 1.4140771750058097 0 0
2 0 24 0 2 24 22 21 1 -0.69144844497275415 0 -0.69144844497275415 0 -0.69144844497275415 0 0
2 0 25 0 2 25 23 22 1 1.4135875246411542 0 1.4135875246411542 0 1.4135875246411542 0 0
2 0 26 0 2 26 24 23 1 -0.69187112178069776 0 -0.69187112178069776 0 -0.69187112178069776 0 0
2 0 27 0 2 27 25 24 1 1.4132253331583424 0 1.4132253331583424 0 1.4132253331583424 0 0
2 0 28 0 2 28 26 25 1 -0.69217811196996715 0 -0.69217811196996715 0 -0.69217811196996715 0 0
2 0 29 0 2 29 27 26 1 1.412969260722523 0 1.412969260722523 0 1.412969260722523 0 0
2 0 30 0 2 30 28 27 1 -0.69238670518368572 0 -0.69238670518368572 0 -0.69238670518368572 0 0
2 0 31 0 2 31 29 28 1 1.412805434823321 0 1.412805434823321 0 1.412805434823321 0 0
2 0 32 0 2 32 30 29 1 -0.6925078382886708 0 -0.6925078382886708 0 -0.6925078382886708 0 0
2 0 33 0 2 33 31 30 1 1.4127254916248142 0 1.4127254916248142 0 1.4127254916248142 0 0
2 0 34 0 2 34 32 31 1 -0.69254756909215287 0 -0.69254756909215287 0 -0.69254756909215287 0 0
2 0 35 0 2 35 31 30 1 1.4127254916248142 0 1.4127254916248169 0 1.4127254916248142 0 2.6645352591003757e-15
2 0 36 0 2 36 30 29 1 -0.6925078382886708 0 -0.69250783828867302 0 -0.6925078382886708 0 2.2204460492503131e-15
2 0 37 0 2 37 29 28 1 1.412805434823321 0 1.4128054348233245 0 1.412805434823321 0 3.5527136788005009e-15
2 0 38 0 2 38 28 27 1 -0.69238670518368572 0 -0.69238670518369061 0 -0.69238670518368572 0 4.8849813083506888e-15
2 0 39 0 2 39 27 26 1 1.412969260722523 0 1.4129692607225253 0 1.412969260722523 0 2.2204460492503131e-15
2 0 40 0 2 40 26 25 1 -0.69217811196996715 0 -0.69217811196997048 0 -0.69217811196996715 0 3.3306690738754696e-15
2 0 41 0 2 41 25 24 1 1.4132253331583424 0 1.4132253331583415 0 1.4132253331583424 0 8.8817841970012523e-16
2 0 42 0 2 42 24 23 1 -0.69187112178069776 0 -0.69187112178070287 0 -0.69187112178069776 0 5.1070259132757201e-15
2 0 43 0 2 43 23 22 1 1.4135875246411542 0 1.4135875246411573 0 1.4135875246411542 0 3.1086244689504383e-15
2 0 44 0 2 44 22 21 1 -0.69144844497275415 0 -0.69144844497276392 0 -0.69144844497275415 0 9.7699626167013776e-15
2 0 45 0 2 45 21 20 1 1.4140771750058097 0 1.4140771750058145 0 1.4140771750058097 0 4.8849813083506888e-15
2 0 46 0 2 46 20 19 1 -0.69088386103115262 0 -0.69088386103115063 0 -0.69088386103115262 0 1.9984014443252818e-15
2 0 47 0 2 47 19 18 1 1.4147264780329518 0 1.4147264780329598 0 1.4147264780329518 0 7.9936057773011271e-15
2 0 48 0 2 48 18 17 1 -0.6901377561362213 0 -0.6901377561362213 0 -0.6901377561362213 0 0
2 0 49 0 2 49 17 16 1 1.415584401425233 0 1.4155844014252348 0 1.415584401425233 0 1.7763568394002505e-15
2 0 50 0 2 50 16 15 1 -0.68914919296560939 0 -0.68914919296561961 0 -0.68914919296560939 0 1.021405182655144e-14
2 0 51 0 2 51 15 14 1 1.4167274407073669 0 1.4167274407073918 0 1.4167274407073669 0 2.4868995751603507e-14
2 0 52 0 2 52 14 13 1 -0.68782111261705625 0 -0.68782111261707468 0 -0.68782111261705625 0 1.8429702208777599e-14
2 0 53 0 2 53 13 12 1 1.418280333004784 0 1.4182803330047968 0 1.418280333004784 0 1.2878587085651816e-14
2 0 54 0 2 54 12 11 1 -0.68599076312992613 0 -0.6859907631299299 0 -0.68599076312992613 0 3.7747582837255322e-15
2 0 55 0 2 55 11 10 1 1.4204592435907357 0 1.4204592435907557 0 1.4204592435907357 0 1.9984014443252818e-14
2 0 56 0 2 56 10 9 1 -0.68336495168385192 0 -0.6833649516838608 0 -0.68336495168385192 0 8.8817841970012523e-15
2 0 57 0 2 57 9 8 1 1.423671853971749 0 1.423671853971769 0 1.423671853971749 0 1.9984014443252818e-14
2 0 58 0 2 58 8 7 1 -0.67935965176948165 0 -0.67935965176951207 0 -0.67935965176948165 0 3.0420110874729289e-14
2 0 59 0 2 59 7 6 1 1.4287857099143846 0 1.4287857099143961 0 1.4287857099143846 0 1.1546319456101628e-14
2 0 60 0 2 60 6 5 1 -0.67262681213945552 0 -0.67262681213947395 0 -0.67262681213945552 0 1.8429702208777599e-14
2 0 61 0 2 61 5 4 1 1.4380193841453996 0 1.4380193841454063 0 1.4380193841453996 0 6.6613381477509392e-15
2 0 62 0 2 62 4 3 1 -0.65922634871850916 0 -0.65922634871853047 0 -0.65922634871850916 0 2.1316282072803006e-14
2 0 63 0 2 63 3 2 1 1.4591568302030655 0 1.4591568302030749 0 1.4591568302030655 0 9.3258734068513149e-15
2 0 0 1 2 64 2 34 -1 0.20703724960773262 0 -0.20703724960773262 0 -0.20703724960773262 0 0
2 0 1 1 2 65 1 33 -1 0.20703724960773262 0 -0.20703724960773262 0 -0.20703724960773262 0 0
2 0 2 1 2 66 0 32 1 0 0 0 0 0 0 0
2 0 3 1 2 67 1 33 1 0.20703724960773262 0 0.20703724960773262 0 0.20703724960773262 0 0
2 0 4 1 2 68 2 34 1 0.20703724960773262 0 0.20703724960773262 0 0.20703724960773262 0 0
2 0 5 1 2 69 3 35 1 0.20703724960773262 0 0.20703724960773262 0 0.20703724960773262 0 0
2 0 6 1 2 70 4 36 1 0.20703724960773262 0 0.20703724960773262 0 0.20703724960773262 0 0
2 0 7 1 2 71 5 37 1 0.20703724960773262 0 0.20703724960773262 0 0.20703724960773262 0 0
2 0 8 1 2 72 6 38 1 0.20703724960773262 0 0.20703724960773262 0 0.20703724960773262 0 0
2 0 9 1 2 73 7 39 1 0.20703724960773262 0 0.20703724960773262 0 0.20703724960773262 0 0
2 0 10 1 2 74 8 40 1 0.20703724960773262 0 0.20703724960773262 0 0.20703724960773262 0 0
2 0 11 1 2 75 9 41 1 0.20703724960773262 0 0.20703724960773262 0 0.20703724960773262 0 0
2 0 12 1 2 76 10 42 1 0.20703724960773262 0 0.20703724960773262 0 0.20703724960773262 0 0
2 0 13 1 2 77 11 43 1 0.20703724960773262 0 0.20703724960773262 0 0.20703724960773262 0 0
2 0 14 1 2 78 12 44 1 0.20703724960773262 0 0.20703724960773262 0 0.20703724960773262 0 0
2 0 15 1 2 79 13 45 1 0.20703724960773262 0 0.20703724960773262 0 0.20703724960773262 0 0
2 0 16 1 2 80 14 46 1 0.20703724960773262 0 0.20703724960773262 0 0.20703724960773262 0 0
2 0 17 1 2 81 15 47 1 0.20703724960773262 0 0.20703724960773262 0 0.20703724960773262 0 0
2 0 18 1 2 82 16 48 1 0.20703724960773262 0 0.20703724960773262 0 0.20703724960773262 0 0
2 0 19 1 2 83 17 49 1 0.20703724960773262 0 0.20703724960773262 0 0.20703724960773262 0 0
2 0 20 1 2 84 18 50 1 0.20703724960773262 0 0.20703724960773262 0 0.20703724960773262 0 0
2 0 21 1 2 85 19 51 1 0.20703724960773262 0 0.20703724960773262 0 0.20703724960773262 0 0
2 0 22 1 2 86 20 52 1 0.20703724960773262 0 0.20703724960773262 0 0.20703724960773262 0 0
2 0 23 1 2 87 21 53 1 0.20703724960773262 0 0.20703724960773262 0 0.20703724960773262 0 0
2 0 24 1 2 88 22 54 1 0.20703724960773262 0 0.20703724960773262 0 0.20703724960773262 0 0
2 0 25 1 2 89 23 55 1 0.20703724960773262 0 0.20703724960773262 0 0.20703724960773262 0 0
2 0 26 1 2 90 24 56 1 0.20703724960773262 0 0.20703724960773262 0 0.20703724960773262 0 0
2 0 27 1 2 91 25 57 1 0.20703724960773262 0 0.20703724960773262 0 0.20703724960773262 0 0
2 0 28 1 2 92 26 58 1 0.20703724960773262 0 0.20703724960773262 0 0.20703724960773262 0 0
2 0 29 1 2 93 27 59 1 0.20703724960773262 0 0.20703724960773262 0 0.20703724960773262 0 0
2 0 30 1 2 94 28 60 1 0.20703724960773262 0 0.20703724960773262 0 0.20703724960773262 0 0
2 0 31 1 2 95 29 61 1 0.20703724960773262 0 0.20703724960773262 0 0.20703724960773262 0 0
2 0 32 1 2 96 30 62 1 0.20703724960773262 0 0.20703724960773262 0 0.20703724960773262 0 0
2 0 33 1 2 97 31 63 1 0.20703724960773262 0 0.20703724960773262 0 0.20703724960773262 0 0
2 0 34 1 2 98 32 64 1 0.20703724960773262 0 0.20703724960773262 0 0.20703724960773262 0 0
2 0 35 1 2 99 31 63 1 0.20703724960773262 0 0.20703724960773262 0 0.20703724960773262 0 0
2 0 36 1 2 100 30 62 1 0.20703724960773262 0 0.20703724960773262 0 0.20703724960773262 0 0
2 0 37 1 2 101 29 61 1 0.20703724960773262 0 0.20703724960773262 0 0.20703724960773262 0 0
2 0 38 1 2 102 28 60 1 0.20703724960773262 0 0.20703724960773262 0 0.20703724960773262 0 0
2 0 39 1 2 103 27 59 1 0.20703724960773262 0 0.20703724960773262 0 0.20703724960773262 0 0
2 0 40 1 2 104 26 58 1 0.20703724960773262 0 0.20703724960773262 0 0.20703724960773262 0 0
2 0 41 1 2 105 25 57 1 0.20703724960773262 0 0.20703724960773262 0 0.20703724960773262 0 0
2 0 42 1 2 106 24 56 1 0.20703724960773262 0 0.20703724960773262 0 0.20703724960773262 0 0
2 0 43 1 2 107 23 55 1 0.20703724960773262 0 0.20703724960773262 0 0.20703724960773262 0 0
2 0 44 1 2 108 22 54 1 0.20703724960773262 0 0.20703724960773262 0 0.20703724960773262 0 0
2 0 45 1 2 109 21 53 1 0.20703724960773262 0 0.20703724960773262 0 0.20703724960773262 0 0
2 0 46 1 2 110 20 52 1 0.20703724960773262 0 0.20703724960773262 0 0.20703724960773262 0 0
2 0 47 1 2 111 19 51 1 0.20703724960773262 0 0.20703724960773262 0 0.20703724960773262 0 0
2 0 48 1 2 112 18 50 1 0.20703724960773262 0 0.20703724960773262 0 0.20703724960773262 0 0
2 0 49 1 2 113 17 49 1 0.20703724960773262 0 0.20703724960773262 0 0.20703724960773262 0 0
2 0 50 1 2 114 16 48 1 0.20703724960773262 0 0.20703724960773262 0 0.20703724960773262 0 0
2 0 51 1 2 115 15 47 1 0.20703724960773262 0 0.20703724960773262 0 0.20703724960773262 0 0
2 0 52 1 2 116 14 46 1 0.20703724960773262 0 0.20703724960773262 0 0.20703724960773262 0 0
2 0 53 1 2 117 13 45 1 0.20703724960773262 0 0.20703724960773262 0 0.20703724960773262 0 0
2 0 54 1 2 118 12 44 1 0.20703724960773262 0 0.20703724960773262 0 0.20703724960773262 0 0
2 0 55 1 2 119 11 43 1 0.20703724960773262 0 0.20703724960773262 0 0.20703724960773262 0 0
2 0 56 1 2 120 10 42 1 0.20703724960773262 0 0.20703724960773262 0 0.20703724960773262 0 0
2 0 57 1 2 121 9 41 1 0.20703724960773262 0 0.20703724960773262 0 0.20703724960773262 0 0
2 0 58 1 2 122 8 40 1 0.20703724960773262 0 0.20703724960773262 0 0.20703724960773262 0 0
2 0 59 1 2 123 7 39 1 0.20703724960773262 0 0.20703724960773262 0 0.20703724960773262 0 0
2 0 60 1 2 124 6 38 1 0.20703724960773262 0 0.20703724960773262 0 0.20703724960773262 0 0
2 0 61 1 2 125 5 37 1 0.20703724960773262 0 0.20703724960773262 0 0.20703724960773262 0 0
2 0 62 1 2 126 4 36 1 0.20703724960773262 0 0.20703724960773262 0 0.20703724960773262 0 0
2 0 63 1 2 127 3 35 1 0.20703724960773262 0 0.20703724960773262 0 0.20703724960773262 0 0
3 0 4 0 3 4 1 0 1 1.5483719497275521 0 1.5483719497275521 0 1.5483719497275521 0 0
3 0 5 0 3 5 2 1 1 -0.62106902470630421 0 -0.62106902470630421 0 -0.62106902470630421 0 0
3 0 6 0 3 6 3 2 1 1.4591568302030655 0 1.4591568302030655 0 1.4591568302030655 0 0
3 0 7 0 3 7 4 3 1 -0.65922634871850916 0 -0.65922634871850916 0 -0.65922634871850916 0 0
3 0 8 0 3 8 5 4 1 1.4380193841453996 0 1.4380193841453996 0 1.4380193841453996 0 0
3 0 9 0 3 9 6 5 1 -0.67262681213945552 0 -0.67262681213945552 0 -0.67262681213945552 0 0
3 0 10 0 3 10 7 6 1 1.4287857099143846 0 1.4287857099143846 0 1.4287857099143846 0 0
3 0 11 0 3 11 8 7 1 -0.67935965176948165 0 -0.67935965176948165 0 -0.67935965176948165 0 0
3 0 12 0 3 12 9 8 1 1.423671853971749 0 1.423671853971749 0 1.423671853971749 0 0
3 0 13 0 3 13 10 9 1 -0.68336495168385192 0 -0.68336495168385192 0 -0.68336495168385192 0 0
3 0 14 0 3 14 11 10 1 1.4204592435907357 0 1.4204592435907357 0 1.4204592435907357 0 0
3 0 15 0 3 15 12 11 1 -0.68599076312992613 0 -0.68599076312992613 0 -0.68599076312992613 0 0
3 0 16 0 3 16 13 12 1 1.418280333004784 0 1.418280333004784 0 1.418280333004784 0 0
3 0 17 0 3 17 14 13 1 -0.68782111261705625 0 -0.68782111261705625 0 -0.68782111261705625 0 0
3 0 18 0 3 18 15 14 1 1.4167274407073669 0 1.4167274407073669 0 1.4167274407073669 0 0
3 0 19 0 3 19 16 15 1 -0.68914919296560939 0 -0.68914919296560939 0 -0.68914919296560939 0 0
3 0 20 0 3 20 17 16 1 1.415584401425233 0 1.415584401425233 0 1.415584401425233 0 0
3 0 21 0 3 21 18 17 1 -0.6901377561362213 0 -0.6901377561362213 0 -0.6901377561362213 0 0
3 0 22 0 3 22 19 18 1 1.4147264780329518 0 1.4147264780329518 0 1.4147264780329518 0 0
3 0 23 0 3 23 20 19 1 -0.69088386103115262 0 -0.69088386103115262 0 -0.69088386103115262 0 0
3 0 24 0 3 24 21 20 1 1.4140771750058097 0 1.4140771750058097 0 1.4140771750058097 0 0
3 0 25 0 3 25 22 21 1 -0.69144844497275415 0 -0.69144844497275415 0 -0.69144844497275415 0 0
3 0 26 0 3 26 23 22 1 1.4135875246411542 0 1.4135875246411542 0 1.4135875246411542 0 0
3 0 27 0 3 27 24 23 1 -0.69187112178069776 0 -0.69187112178069776 0 -0.69187112178069776 0 0
3 0 28 0 3 28 25 24 1 1.4132253331583424 0 1.4132253331583424 0 1.4132253331583424 0 0
3 0 29 0 3 29 26 25 1 -0.69217811196996715 0 -0.69217811196996715 0 -0.69217811196996715 0 0
3 0 30 0 3 30 27 26 1 1.412969260722523 0 1.412969260722523 0 1.412969260722523 0 0
3 0 31 0 3 31 28 27 1 -0.69238670518368572 0 -0.69238670518368572 0 -0.69238670518368572 0 0
3 0 32 0 3 32 29 28 1 1.412805434823321 0 1.412805434823321 0 1.412805434823321 0 0
3 0 33 0 3 33 30 29 1 -0.6925078382886708 0 -0.6925078382886708 0 -0.6925078382886708 0 0
3 0 34 0 3 34 31 30 1 1.4127254916248142 0 1.4127254916248142 0 1.4127254916248142 0 0
3 0 35 0 3 35 32 31 1 -0.69254756909215287 0 -0.69254756909215287 0 -0.69254756909215287 0 0
3 0 36 0 3 36 31 30 1 1.4127254916248142 0 1.4127254916248169 0 1.4127254916248142 0 2.6645352591003757e-15
3 0 37 0 3 37 30 29 1 -0.6925078382886708 0 -0.69250783828867302 0 -0.6925078382886708 0 2.2204460492503131e-15
3 0 38 0 3 38 29 28 1 1.412805434823321 0 1.4128054348233245 0 1.412805434823321 0 3.5527136788005009e-15
3 0 39 0 3 39 28 27 1 -0.69238670518368572 0 -0.69238670518369061 0 -0.69238670518368572 0 4.8849813083506888e-15
3 0 40 0 3 40 27 26 1 1.412969260722523 0 1.4129692607225253 0 1.412969260722523 0 2.2204460492503131e-15
3 0 41 0 3 41 26 25 1 -0.69217811196996715 0 -0.69217811196997048 0 -0.69217811196996715 0 3.3306690738754696e-15
3 0 42 0 3 42 25 24 1 1.4132253331583424 0 1.4132253331583415 0 1.4132253331583424 0 8.8817841970012523e-16
3 0 43 0 3 43 24 23 1 -0.69187112178069776 0 -0.69187112178070287 0 -0.69187112178069776 0 5.1070259132757201e-15
3 0 44 0 3 44 23 22 1 1.4135875246411542 0 1.4135875246411573 0 1.4135875246411542 0 3.1086244689504383e-15
3 0 45 0 3 45 22 21 1 -0.69144844497275415 0 -0.69144844497276392 0 -0.69144844497275415 0 9.7699626167013776e-15
3 0 46 0 3 46 21 20 1 1.4140771750058097 0 1.4140771750058145 0 1.4140771750058097 0 4.8849813083506888e-15
3 0 47 0 3 47 20 19 1 -0.69088386103115262 0 -0.69088386103115063 0 -0.69088386103115262 0 1.9984014443252818e-15
3 0 48 0 3 48 19 18 1 1.4147264780329518 0 1.4147264780329598 0 1.4147264780329518 0 7.9936057773011271e-15
3 0 49 0 3 49 18 17 1 -0.6901377561362213 0 -0.6901377561362213 0 -0.6901377561362213 0 0
3 0 50 0 3 50 17 16 1 1.415584401425233 0 1.4155844014252348 0 1.415584401425233 0 1.7763568394002505e-15
3 0 51 0 3 51 16 15 1 -0.68914919296560939 0 -0.68914919296561961 0 -0.68914919296560939 0 1.021405182655144e-14
3 0 52 0 3 52 15 14 1 1.4167274407073669 0 1.4167274407073918 0 1.4167274407073669 0 2.4868995751603507e-14
3 0 53 0 3 53 14 13 1 -0.68782111261705625 0 -0.68782111261707468 0 -0.68782111261705625 0 1.8429702208777599e-14
3 0 54 0 3 54 13 12 1 1.418280333004784 0 1.4182803330047968 0 1.418280333004784 0 1.2878587085651816e-14
3 0 55 0 3 55 12 11 1 -0.68599076312992613 0 -0.6859907631299299 0 -0.68599076312992613 0 3.7747582837255322e-15
3 0 56 0 3 56 11 10 1 1.4204592435907357 0 1.4204592435907557 0 1.4204592435907357 0 1.9984014443252818e-14
3 0 57 0 3 57 10 9 1 -0.68336495168385192 0 -0.6833649516838608 0 -0.68336495168385192 0 8.8817841970012523e-15
3 0 58 0 3 58 9 8 1 1.423671853971749 0 1.423671853971769 0 1.423671853971749 0 1.9984014443252818e-14
3 0 59 0 3 59 8 7 1 -0.67935965176948165 0 -0.67935965176951207 0 -0.67935965176948165 0 3.0420110874729289e-14
3 0 60 0 3 60 7 6 1 1.4287857099143846 0 1.4287857099143961 0 1.4287857099143846 0 1.1546319456101628e-14
3 0 61 0 3 61 6 5 1 -0.67262681213945552 0 -0.67262681213947395 0 -0.67262681213945552 0 1.8429702208777599e-14
3 0 62 0 3 62 5 4 1 1.4380193841453996 0 1.4380193841454063 0 1.4380193841453996 0 6.6613381477509392e-15
3 0 63 0 3 63 4 3 1 -0.65922634871850916 0 -0.65922634871853047 0 -0.65922634871850916 0 2.1316282072803006e-14
3 0 0 1 3 64 3 35 -1 0.20703724960773262 0 -0.20703724960773262 0 -0.20703724960773262 0 0
3 0 1 1 3 65 2 34 -1 0.20703724960773262 0 -0.20703724960773262 0 -0.20703724960773262 0 0
3 0 2 1 3 66 1 33 -1 0.20703724960773262 0 -0.20703724960773262 0 -0.20703724960773262 0 0
3 0 3 1 3 67 0 32 1 0 0 0 0 0 0 0
3 0 4 1 3 68 1 33 1 0.20703724960773262 0 0.20703724960773262 0 0.20703724960773262 0 0
3 0 5 1 3 69 2 34 1 0.20703724960773262 0 0.20703724960773262 0 0.20703724960773262 0 0
3 0 6 1 3 70 3 35 1 0.20703724960773262 0 0.20703724960773262 0 0.20703724960773262 0 0
3 0 7 1 3 71 4 36 1 0.20703724960773262 0 0.20703724960773262 0 0.20703724960773262 0 0
3 0 8 1 3 72 5 37 1 0.20703724960773262 0 0.20703724960773262 0 0.20703724960773262 0 0
3 0 9 1 3 73 6 38 1 0.20703724960773262 0 0.20703724960773262 0 0.20703724960773262 0 0
3 0 10 1 3 74 7 39 1 0.20703724960773262 0 0.20703724960773262 0 0.20703724960773262 0 0
3 0 11 1 3 75 8 40 1 0.20703724960773262 0 0.20703724960773262 0 0.20703724960773262 0 0
3 0 12 1 3 76 9 41 1 0.20703724960773262 0 0.20703724960773262 0 0.20703724960773262 0 0
3 0 13 1 3 77 10 42 1 0.20703724960773262 0 0.20703724960773262 0 0.20703724960773262 0 0
3 0 14 1 3 78 11 43 1 0.20703724960773262 0 0.20703724960773262 0 0.20703724960773262 0 0
3 0 15 1 3 79 12 44 1 0.20703724960773262 0 0.20703724960773262 0 0.20703724960773262 0 0
3 0 16 1 3 80 13 45 1 0.20703724960773262 0 0.20703724960773262 0 0.20703724960773262 0 0
3 0 17 1 3 81 14 46 1 0.20703724960773262 0 0.20703724960773262 0 0.20703724960773262 0 0
3 0 18 1 3 82 15 47 1 0.20703724960773262 0 0.20703724960773262 0 0.20703724960773262 0 0
3 0 19 1 3 83 16 48 1 0.20703724960773262 0 0.20703724960773262 0 0.20703724960773262 0 0
3 0 20 1 3 84 17 49 1 0.20703724960773262 0 0.20703724960773262 0 0.20703724960773262 0 0
3 0 21 1 3 85 18 50 1 0.20703724960773262 0 0.20703724960773262 0 0.20703724960773262 0 0
3 0 22 1 3 86 19 51 1 0.20703724960773262 0 0.20703724960773262 0 0.20703724960773262 0 0
3 0 23 1 3 87 20 52 1 0.20703724960773262 0 0.20703724960773262 0 0.20703724960773262 0 0
3 0 24 1 3 88 21 53 1 0.20703724960773262 0 0.20703724960773262 0 0.20703724960773262 0 0
3 0 25 1 3 89 22 54 1 0.20703724960773262 0 0.20703724960773262 0 0.20703724960773262 0 0
3 0 26 1 3 90 23 55 1 0.20703724960773262 0 0.20703724960773262 0 0.20703724960773262 0 0
3 0 27 1 3 91 24 56 1 0.20703724960773262 0 0.20703724960773262 0 0.20703724960773262 0 0
3 0 28 1 3 92 25 57 1 0.20703724960773262 0 0.20703724960773262 0 0.20703724960773262 0 0
3 0 29 1 3 93 26 58 1 0.20703724960773262 0 0.20703724960773262 0 0.20703724960773262 0 0
3 0 30 1 3 94 27 59 1 0.20703724960773262 0 0.20703724960773262 0 0.20703724960773262 0 0
3 0 31 1 3 95 28 60 1 0.20703724960773262 0 0.20703724960773262 0 0.20703724960773262 0 0
3 0 32 1 3 96 29 61 1 0.20703724960773262 0 0.20703724960773262 0 0.20703724960773262 0 0
3 0 33 1 3 97 30 62 1 0.20703724960773262 0 0.20703724960773262 0 0.20703724960773262 0 0
3 0 34 1 3 98 31 63 1 0.20703724960773262 0 0.20703724960773262 0 0.20703724960773262 0 0
3 0 35 1 3 99 32 64 1 0.20703724960773262 0 0.20703724960773262 0 0.20703724960773262 0 0
3 0 36 1 3 100 31 63 1 0.20703724960773262 0 0.20703724960773262 0 0.20703724960773262 0 0
3 0 37 1 3 101 30 62 1 0.20703724960773262 0 0.20703724960773262 0 0.20703724960773262 0 0
3 0 38 1 3 102 29 61 1 0.20703724960773262 0 0.20703724960773262 0 0.20703724960773262 0 0
3 0 39 1 3 103 28 60 1 0.20703724960773262 0 0.20703724960773262 0 0.20703724960773262 0 0
3 0 40 1 3 104 27 59 1 0.20703724960773262 0 0.20703724960773262 0 0.20703724960773262 0 0
3 0 41 1 3 105 26 58 1 0.20703724960773262 0 0.20703724960773262 0 0.20703724960773262 0 0
3 0 42 1 3 106 25 57 1 0.20703724960773262 0 0.20703724960773262 0 0.20703724960773262 0 0
3 0 43 1 3 107 24 56 1 0.20703724960773262 0 0.20703724960773262 0 0.20703724960773262 0 0
3 0 44 1 3 108 23 55 1 0.20703724960773262 0 0.20703724960773262 0 0.20703724960773262 0 0
3 0 45 1 3 109 22 54 1 0.20703724960773262 0 0.20703724960773262 0 0.20703724960773262 0 0
3 0 46 1 3 110 21 53 1 0.20703724960773262 0 0.20703724960773262 0 0.20703724960773262 0 0
3 0 47 1 3 111 20 52 1 0.20703724960773262 0 0.20703724960773262 0 0.20703724960773262 0 0
3 0 48 1 3 112 19 51 1 0.20703724960773262 0 0.20703724960773262 0 0.20703724960773262 0 0
3 0 49 1 3 113 18 50 1 0.20703724960773262 0 0.20703724960773262 0 0.20703724960773262 0 0
3 0 50 1 3 114 17 49 1 0.20703724960773262 0 0.20703724960773262 0 0.20703724960773262 0 0
3 0 51 1 3 115 16 48 1 0.20703724960773262 0 0.20703724960773262 0 0.20703724960773262 0 0
3 0 52 1 3 116 15 47 1 0.20703724960773262 0 0.20703724960773262 0 0.20703724960773262 0 0
3 0 53 1 3 117 14 46 1 0.20703724960773262 0 0.20703724960773262 0 0.20703724960773262 0 0
3 0 54 1 3 118 13 45 1 0.20703724960773262 0 0.20703724960773262 0 0.20703724960773262 0 0
3 0 55 1 3 119 12 44 1 0.20703724960773262 0 0.20703724960773262 0 0.20703724960773262 0 0
3 0 56 1 3 120 11 43 1 0.20703724960773262 0 0.20703724960773262 0 0.20703724960773262 0 0
3 0 57 1 3 121 10 42 1 0.20703724960773262 0 0.20703724960773262 0 0.20703724960773262 0 0
3 0 58 1 3 122 9 41 1 0.20703724960773262 0 0.20703724960773262 0 0.20703724960773262 0 0
3 0 59 1 3 123 8 40 1 0.20703724960773262 0 0.20703724960773262 0 0.20703724960773262 0 0
3 0 60 1 3 124 7 39 1 0.20703724960773262 0 0.20703724960773262 0 0.20703724960773262 0 0
3 0 61 1 3 125 6 38 1 0.20703724960773262 0 0.20703724960773262 0 0.20703724960773262 0 0
3 0 62 1 3 126 5 37 1 0.20703724960773262 0 0.20703724960773262 0 0.20703724960773262 0 0
3 0 63 1 3 127 4 36 1 0.20703724960773262 0 0.20703724960773262 0 0.20703724960773262 0 0
4 0 5 0 4 5 1 0 1 1.5483719497275521 0 1.5483719497275521 0 1.5483719497275521 0 0
4 0 6 0 4 6 2 1 1 -0.62106902470630421 0 -0.62106902470630421 0 -0.62106902470630421 0 0
4 0 7 0 4 7 3 2 1 1.4591568302030655 0 1.4591568302030655 0 1.4591568302030655 0 0
4 0 8 0 4 8 4 3 1 -0.65922634871850916 0 -0.65922634871850916 0 -0.65922634871850916 0 0
4 0 9 0 4 9 5 4 1 1.4380193841453996 0 1.4380193841453996 0 1.4380193841453996 0 0
4 0 10 0 4 10 6 5 1 -0.67262681213945552 0 -0.67262681213945552 0 -0.67262681213945552 0 0
4 0 11 0 4 11 7 6 1 1.4287857099143846 0 1.4287857099143846 0 1.4287857099143846 0 0
4 0 12 0 4 12 8 7 1 -0.67935965176948165 0 -0.67935965176948165 0 -0.67935965176948165 0 0
4 0 13 0 4 13 9 8 1 1.423671853971749 0 1.423671853971749 0 1.423671853971749 0 0
4 0 14 0 4 14 10 9 1 -0.68336495168385192 0 -0.68336495168385192 0 -0.68336495168385192 0 0
4 0 15 0 4 15 11 10 1 1.4204592435907357 0 1.4204592435907357 0 1.4204592435907357 0 0
4 0 16 0 4 16 12 11 1 -0.68599076312992613 0 -0.68599076312992613 0 -0.68599076312992613 0 0
4 0 17 0 4 17 13 12 1 1.418280333004784 0 1.418280333004784 0 1.418280333004784 0 0
4 0 18 0 4 18 14 13 1 -0.68782111261705625 0 -0.68782111261705625 0 -0.68782111261705625 0 0
4 0 19 0 4 19 15 14 1 1.4167274407073669 0 1.4167274407073669 0 1.4167274407073669 0 0
4 0 20 0 4 20 16 15 1 -0.68914919296560939 0 -0.68914919296560939 0 -0.68914919296560939 0 0
4 0 21 0 4 21 17 16 1 1.415584401425233 0 1.415584401425233 0 1.415584401425233 0 0
4 0 22 0 4 22 18 17 1 -0.6901377561362213 0 -0.6901377561362213 0 -0.6901377561362213 0 0
4 0 23 0 4 23 19 18 1 1.4147264780329518 0 1.4147264780329518 0 1.4147264780329518 0 0
4 0 24 0 4 24 20 19 1 -0.69088386103115262 0 -0.69088386103115262 0 -0.69088386103115262 0 0
4 0 25 0 4 25 21 20 1 1.4140771750058097 0 1.4140771750058097 0 1.4140771750058097 0 0
4 0 26 0 4 26 22 21 1 -0.69144844497275415 0 -0.69144844497275415 0 -0.69144844497275415 0 0
4 0 27 0 4 27 23 22 1 1.4135875246411542 0 1.4135875246411542 0 1.4135875246411542 0 0
4 0 28 0 4 28 24 23 1 -0.69187112178069776 0 -0.69187112178069776 0 -0.69187112178069776 0 0
4 0 29 0 4 29 25 24 1 1.4132253331583424 0 1.4132253331583424 0 1.4132253331583424 0 0
4 0 30 0 4 30 26 25 1 -0.69217811196996715 0 -0.69217811196996715 0 -0.69217811196996715 0 0
4 0 31 0 4 31 27 26 1 1.412969260722523 0 1.412969260722523 0 1.412969260722523 0 0
4 0 32 0 4 32 28 27 1 -0.69238670518368572 0 -0.69238670518368572 0 -0.69238670518368572 0 0
4 0 33 0 4 33 29 28 1 1.412805434823321 0 1.412805434823321 0 1.412805434823321 0 0
4 0 34 0 4 34 30 29 1 -0.6925078382886708 0 -0.6925078382886708 0 -0.6925078382886708 0 0
4 0 35 0 4 35 31 30 1 1.4127254916248142 0 1.4127254916248142 0 1.4127254916248142 0 0
4 0 36 0 4 36 32 31 1 -0.69254756909215287 0 -0.69254756909215287 0 -0.69254756909215287 0 0
4 0 37 0 4 37 31 30 1 1.4127254916248142 0 1.4127254916248169 0 1.4127254916248142 0 2.6645352591003757e-15
4 0 38 0 4 38 30 29 1 -0.6925078382886708 0 -0.69250783828867302 0 -0.6925078382886708 0 2.2204460492503131e-15
4 0 39 0 4 39 29 28 1 1.412805434823321 0 1.4128054348233245 0 1.412805434823321 0 3.5527136788005009e-15
4 0 40 0 4 40 28 27 1 -0.69238670518368572 0 -0.69238670518369061 0 -0.69238670518368572 0 4.8849813083506888e-15
4 0 41 0 4 41 27 26 1 1.412969260722523 0 1.4129692607225253 0 1.412969260722523 0 2.2204460492503131e-15
4 0 42 0 4 42 26 25 1 -0.69217811196996715 0 -0.69217811196997048 0 -0.69217811196996715 0 3.3306690738754696e-15
4 0 43 0 4 43 25 24 1 1.4132253331583424 0 1.4132253331583415 0 1.4132253331583424 0 8.8817841970012523e-16
4 0 44 0 4 44 24 23 1 -0.69187112178069776 0 -0.69187112178070287 0 -0.69187112178069776 0 5.1070259132757201e-15
4 0 45 0 4 45 23 22 1 1.4135875246411542 0 1.4135875246411573 0 1.4135875246411542 0 3.1086244689504383e-15
4 0 46 0 4 46 22 21 1 -0.69144844497275415 0 -0.69144844497276392 0 -0.69144844497275415 0 9.7699626167013776e-15
4 0 47 0 4 47 21 20 1 1.4140771750058097 0 1.4140771750058145 0 1.4140771750058097 0 4.8849813083506888e-15
4 0 48 0 4 48 20 19 1 -0.69088386103115262 0 -0.69088386103115063 0 -0.69088386103115262 0 1.9984014443252818e-15
4 0 49 0 4 49 19 18 1 1.4147264780329518 0 1.4147264780329598 0 1.4147264780329518 0 7.9936057773011271e-15
4 0 50 0 4 50 18 17 1 -0.6901377561362213 0 -0.6901377561362213 0 -0.6901377561362213 0 0
4 0 51 0 4 51 17 16 1 1.415584401425233 0 1.4155844014252348 0 1.415584401425233 0 1.7763568394002505e-15
4 0 52 0 4 52 16 15 1 -0.68914919296560939 0 -0.68914919296561961 0 -0.68914919296560939 0 1.021405182655144e-14
4 0 53 0 4 53 15 14 1 1.4167274407073669 0 1.4167274407073918 0 1.4167274407073669 0 2.4868995751603507e-14
4 0 54 0 4 54 14 13 1 -0.68782111261705625 0 -0.68782111261707468 0 -0.68782111261705625 0 1.8429702208777599e-14
4 0 55 0 4 55 13 12 1 1.418280333004784 0 1.4182803330047968 0 1.418280333004784 0 1.2878587085651816e-14
4 0 56 0 4 56 12 11 1 -0.68599076312992613 0 -0.6859907631299299 0 -0.68599076312992613 0 3.7747582837255322e-15
4 0 57 0 4 57 11 10 1 1.4204592435907357 0 1.4204592435907557 0 1.4204592435907357 0 1.9984014443252818e-14
4 0 58 0 4 58 10 9 1 -0.68336495168385192 0 -0.6833649516838608 0 -0.68336495168385192 0 8.8817841970012523e-15
4 0 59 0 4 59 9 8 1 1.423671853971749 0 1.423671853971769 0 1.423671853971749 0 1.9984014443252818e-14
4 0 60 0 4 60 8 7 1 -0.67935965176948165 0 -0.67935965176951207 0 -0.67935965176948165 0 3.0420110874729289e-14
4 0 61 0 4 61 7 6 1 1.4287857099143846 0 1.4287857099143961 0 1.4287857099143846 0 1.1546319456101628e-14
4 0 62 0 4 62 6 5 1 -0.67262681213945552 0 -0.67262681213947395 0 -0.67262681213945552 0 1.8429702208777599e-14
4 0 63 0 4 63 5 4 1 1.4380193841453996 0 1.4380193841454063 0 1.4380193841453996 0 6.6613381477509392e-15
4 0 0 1 4 64 4 36 -1 0.20703724960773262 0 -0.20703724960773262 0 -0.20703724960773262 0 0
4 0 1 1 4 65 3 35 -1 0.20703724960773262 0 -0.20703724960773262 0 -0.20703724960773262 0 0
4 0 2 1 4 66 2 34 -1 0.20703724960773262 0 -0.20703724960773262 0 -0.20703724960773262 0 0
4 0 3 1 4 67 1 33 -1 0.20703724960773262 0 -0.20703724960773262 0 -0.20703724960773262 0 0
4 0 4 1 4 68 0 32 1 0 0 0 0 0 0 0
4 0 5 1 4 69 1 33 1 0.20703724960773262 0 0.20703724960773262 0 0.20703724960773262 0 0
4 0 6 1 4 70 2 34 1 0.20703724960773262 0 0.20703724960773262 0 0.20703724960773262 0 0
4 0 7 1 4 71 3 35 1 0.20703724960773262 0 0.20703724960773262 0 0.20703724960773262 0 0
4 0 8 1 4 72 4 36 1 0.20703724960773262 0 0.20703724960773262 0 0.20703724960773262 0 0
4 0 9 1 4 73 5 37 1 0.20703724960773262 0 0.20703724960773262 0 0.20703724960773262 0 0
4 0 10 1 4 74 6 38 1 0.20703724960773262 0 0.20703724960773262 0 0.20703724960773262 0 0
4 0 11 1 4 75 7 39 1 0.20703724960773262 0 0.20703724960773262 0 0.20703724960773262 0 0
4 0 12 1 4 76 8 40 1 0.20703724960773262 0 0.20703724960773262 0 0.20703724960773262 0 0
4 0 13 1 4 77 9 41 1 0.20703724960773262 0 0.20703724960773262 0 0.20703724960773262 0 0
4 0 14 1 4 78 10 42 1 0.20703724960773262 0 0.20703724960773262 0 0.20703724960773262 0 0
4 0 15 1 4 79 11 43 1 0.20703724960773262 0 0.20703724960773262 0 0.20703724960773262 0 0
4 0 16 1 4 80 12 44 1 0.20703724960773262 0 0.20703724960773262 0 0.20703724960773262 0 0
4 0 17 1 4 81 13 45 1 0.20703724960773262 0 0.20703724960773262 0 0.20703724960773262 0 0
4 0 18 1 4 82 14 46 1 0.20703724960773262 0 0.20703724960773262 0 0.20703724960773262 0 0
4 0 19 1 4 83 15 47 1 0.20703724960773262 0 0.20703724960773262 0 0.20703724960773262 0 0
4 0 20 1 4 84 16 48 1 0.20703724960773262 0 0.20703724960773262 0 0.20703724960773262 0 0
4 0 21 1 4 85 17 49 1 0.20703724960773262 0 0.20703724960773262 0 0.20703724960773262 0 0
4 0 22 1 4 86 18 50 1 0.20703724960773262 0 0.20703724960773262 0 0.20703724960773262 0 0
4 0 23 1 4 87 19 51 1 0.20703724960773262 0 0.20703724960773262 0 0.20703724960773262 0 0
4 0 24 1 4 88 20 52 1 0.20703724960773262 0 0.20703724960773262 0 0.20703724960773262 0 0
4 0 25 1 4 89 21 53 1 0.20703724960773262 0 0.20703724960773262 0 0.20703724960773262 0 0
4 0 26 1 4 90 22 54 1 0.20703724960773262 0 0.20703724960773262 0 0.20703724960773262 0 0
4 0 27 1 4 91 23 55 1 0.20703724960773262 0 0.20703724960773262 0 0.20703724960773262 0 0
4 0 28 1 4 92 24 56 1 0.20703724960773262 0 0.20703724960773262 0 0.20703724960773262 0 0
4 0 29 1 4 93 25 57 1 0.20703724960773262 0 0.20703724960773262 0 0.20703724960773262 0 0
4 0 30 1 4 94 26 58 1 0.20703724960773262 0 0.20703724960773262 0 0.20703724960773262 0 0
4 0 31 1 4 95 27 59 1 0.20703724960773262 0 0.20703724960773262 0 0.20703724960773262 0 0
4 0 32 1 4 96 28 60 1 0.20703724960773262 0 0.20703724960773262 0 0.20703724960773262 0 0
4 0 33 1 4 97 29 61 1 0.20703724960773262 0 0.20703724960773262 0 0.20703724960773262 0 0
4 0 34 1 4 98 30 62 1 0.20703724960773262 0 0.20703724960773262 0 0.20703724960773262 0 0
4 0 35 1 4 99 31 63 1 0.20703724960773262 0 0.20703724960773262 0 0.20703724960773262 0 0
4 0 36 1 4 100 32 64 1 0.20703724960773262 0 0.20703724960773262 0 0.20703724960773262 0 0
4 0 37 1 4 101 31 63 1 0.20703724960773262 0 0.20703724960773262 0 0.20703724960773262 0 0
4 0 38 1 4 102 30 62 1 0.20703724960773262 0 0.20703724960773262 0 0.20703724960773262 0 0
4 0 39 1 4 103 29 61 1 0.20703724960773262 0 0.20703724960773262 0 0.20703724960773262 0 0
4 0 40 1 4 104 28 60 1 0.20703724960773262 0 0.20703724960773262 0 0.20703724960773262 0 0
4 0 41 1 4 105 27 59 1 0.20703724960773262 0 0.20703724960773262 0 0.20703724960773262 0 0
4 0 42 1 4 106 26 58 1 0.20703724960773262 0 0.20703724960773262 0 0.20703724960773262 0 0
4 0 43 1 4 107 25 57 1 0.20703724960773262 0 0.20703724960773262 0 0.20703724960773262 0 0
4 0 44 1 4 108 24 56 1 0.20703724960773262 0 0.20703724960773262 0 0.20703724960773262 0 0
4 0 45 1 4 109 23 55 1 0.20703724960773262 0 0.20703724960773262 0 0.20703724960773262 0 0
4 0 46 1 4 110 22 54 1 0.20703724960773262 0 0.20703724960773262 0 0.20703724960773262 0 0
4 0 47 1 4 111 21 53 1 0.20703724960773262 0 0.20703724960773262 0 0.20703724960773262 0 0
4 0 48 1 4 112 20 52 1 0.20703724960773262 0 0.20703724960773262 0 0.20703724960773262 0 0
4 0 49 1 4 113 19 51 1 0.20703724960773262 0 0.20703724960773262 0 0.20703724960773262 0 0
4 0 50 1 4 114 18 50 1 0.20703724960773262 0 0.20703724960773262 0 0.20703724960773262 0 0
4 0 51 1 4 115 17 49 1 0.20703724960773262 0 0.20703724960773262 0 0.20703724960773262 0 0
4 0 52 1 4 116 16 48 1 0.20703724960773262 0 0.20703724960773262 0 0.20703724960773262 0 0
4 0 53 1 4 117 15 47 1 0.20703724960773262 0 0.20703724960773262 0 0.20703724960773262 0 0
4 0 54 1 4 118 14 46 1 0.20703724960773262 0 0.20703724960773262 0 0.20703724960773262 0 0
4 0 55 1 4 119 13 45 1 0.20703724960773262 0 0.20703724960773262 0 0.20703724960773262 0 0
4 0 56 1 4 120 12 44 1 0.20703724960773262 0 0.20703724960773262 0 0.20703724960773262 0 0
4 0 57 1 4 121 11 43 1 0.20703724960773262 0 0.20703724960773262 0 0.20703724960773262 0 0
4 0 58 1 4 122 10 42 1 0.20703724960773262 0 0.20703724960773262 0 0.20703724960773262 0 0
4 0 59 1 4 123 9 41 1 0.20703724960773262 0 0.20703724960773262 0 0.20703724960773262 0 0
4 0 60 1 4 124 8 40 1 0.20703724960773262 0 0.20703724960773262 0 0.20703724960773262 0 0
4 0 61 1 4 125 7 39 1 0.20703724960773262 0 0.20703724960773262 0 0.20703724960773262 0 0
4 0 62 1 4 126 6 38 1 0.20703724960773262 0 0.20703724960773262 0 0.20703724960773262 0 0
4 0 63 1 4 127 5 37 1 0.20703724960773262 0 0.20703724960773262 0 0.20703724960773262 0 0
5 0 6 0 5 6 1 0 1 1.5483719497275521 0 1.5483719497275521 0 1.5483719497275521 0 0
5 0 7 0 5 7 2 1 1 -0.62106902470630421 0 -0.62106902470630421 0 -0.62106902470630421 0 0
5 0 8 0 5 8 3 2 1 1.4591568302030655 0 1.4591568302030655 0 1.4591568302030655 0 0
5 0 9 0 5 9 4 3 1 -0.65922634871850916 0 -0.65922634871850916 0 -0.65922634871850916 0 0
5 0 10 0 5 10 5 4 1 1.4380193841453996 0 1.4380193841453996 0 1.4380193841453996 0 0
5 0 11 0 5 11 6 5 1 -0.67262681213945552 0 -0.67262681213945552 0 -0.67262681213945552 0 0
5 0 12 0 5 12 7 6 1 1.4287857099143846 0 1.4287857099143846 0 1.4287857099143846 0 0
5 0 13 0 5 13 8 7 1 -0.67935965176948165 0 -0.67935965176948165 0 -0.67935965176948165 0 0
5 0 14 0 5 14 9 8 1 1.423671853971749 0 1.423671853971749 0 1.423671853971749 0 0
5 0 15 0 5 15 10 9 1 -0.68336495168385192 0 -0.68336495168385192 0 -0.68336495168385192 0 0
5 0 16 0 5 16 11 10 1 1.4204592435907357 0 1.4204592435907357 0 1.4204592435907357 0 0
5 0 17 0 5 17 12 11 1 -0.68599076312992613 0 -0.68599076312992613 0 -0.68599076312992613 0 0
5 0 18 0 5 18 13 12 1 1.418280333004784 0 1.418280333004784 0 1.418280333004784 0 0
5 0 19 0 5 19 14 13 1 -0.68782111261705625 0 -0.68782111261705625 0 -0.68782111261705625 0 0
5 0 20 0 5 20 15 14 1 1.4167274407073669 0 1.4167274407073669 0 1.4167274407073669 0 0
5 0 21 0 5 21 16 15 1 -0.68914919296560939 0 -0.68914919296560939 0 -0.68914919296560939 0 0
5 0 22 0 5 22 17 16 1 1.415584401425233 0 1.415584401425233 0 1.415584401425233 0 0
5 0 23 0 5 23 18 17 1 -0.6901377561362213 0 -0.6901377561362213 0 -0.6901377561362213 0 0
5 0 24 0 5 24 19 18 1 1.4147264780329518 0 1.4147264780329518 0 1.4147264780329518 0 0
5 0 25 0 5 25 20 19 1 -0.69088386103115262 0 -0.69088386103115262 0 -0.69088386103115262 0 0
5 0 26 0 5 26 21 20 1 1.4140771750058097 0 1.4140771750058097 0 1.4140771750058097 0 0
5 0 27 0 5 27 22 21 1 -0.69144844497275415 0 -0.69144844497275415 0 -0.69144844497275415 0 0
5 0 28 0 5 28 23 22 1 1.4135875246411542 0 1.4135875246411542 0 1.4135875246411542 0 0
5 0 29 0 5 29 24 23 1 -0.69187112178069776 0 -0.69187112178069776 0 -0.69187112178069776 0 0
5 0 30 0 5 30 25 24 1 1.4132253331583424 0 1.4132253331583424 0 1.4132253331583424 0 0
5 0 31 0 5 31 26 25 1 -0.69217811196996715 0 -0.69217811196996715 0 -0.69217811196996715 0 0
5 0 32 0 5 32 27 26 1 1.412969260722523 0 1.412969260722523 0 1.412969260722523 0 0
5 0 33 0 5 33 28 27 1 -0.69238670518368572 0 -0.69238670518368572 0 -0.69238670518368572 0 0
5 0 34 0 5 34 29 28 1 1.412805434823321 0 1.412805434823321 0 1.412805434823321 0 0
5 0 35 0 5 35 30 29 1 -0.6925078382886708 0 -0.6925078382886708 0 -0.6925078382886708 0 0
5 0 36 0 5 36 31 30 1 1.4127254916248142 0 1.4127254916248142 0 1.4127254916248142 0 0
5 0 37 0 5 37 32 31 1 -0.69254756909215287 0 -0.69254756909215287 0 -0.69254756909215287 0 0
5 0 38 0 5 38 31 30 1 1.4127254916248142 0 1.4127254916248169 0 1.4127254916248142 0 2.6645352591003757e-15
5 0 39 0 5 39 30 29 1 -0.6925078382886708 0 -0.69250783828867302 0 -0.6925078382886708 0 2.2204460492503131e-15
5 0 40 0 5 40 29 28 1 1.412805434823321 0 1.4128054348233245 0 1.412805434823321 0 3.5527136788005009e-15
5 0 41 0 5 41 28 27 1 -0.69238670518368572 0 -0.69238670518369061 0 -0.69238670518368572 0 4.8849813083506888e-15
5 0 42 0 5 42 27 26 1 1.412969260722523 0 1.4129692607225253 0 1.412969260722523 0 2.2204460492503131e-15
5 0 43 0 5 43 26 25 1 -0.69217811196996715 0 -0.69217811196997048 0 -0.69217811196996715 0 3.3306690738754696e-15
5 0 44 0 5 44 25 24 1 1.4132253331583424 0 1.4132253331583415 0 1.4132253331583424 0 8.8817841970012523e-16
5 0 45 0 5 45 24 23 1 -0.69187112178069776 0 -0.69187112178070287 0 -0.69187112178069776 0 5.1070259132757201e-15
5 0 46 0 5 46 23 22 1 1.4135875246411542 0 1.4135875246411573 0 1.4135875246411542 0 3.1086244689504383e-15
5 0 47 0 5 47 22 21 1 -0.69144844497275415 0 -0.69144844497276392 0 -0.69144844497275415 0 9.7699626167013776e-15
5 0 48 0 5 48 21 20 1 1.4140771750058097 0 1.4140771750058145 0 1.4140771750058097 0 4.8849813083506888e-15
5 0 49 0 5 49 20 19 1 -0.69088386103115262 0 -0.69088386103115063 0 -0.69088386103115262 0 1.9984014443252818e-15
5 0 50 0 5 50 19 18 1 1.4147264780329518 0 1.4147264780329598 0 1.4147264780329518 0 7.9936057773011271e-15
5 0 51 0 5 51 18 17 1 -0.6901377561362213 0 -0.6901377561362213 0 -0.6901377561362213 0 0
5 0 52 0 5 52 17 16 1 1.415584401425233 0 1.4155844014252348 0 1.415584401425233 0 1.7763568394002505e-15
5 0 53 0 5 53 16 15 1 -0.68914919296560939 0 -0.68914919296561961 0 -0.68914919296560939 0 1.021405182655144e-14
5 0 54 0 5 54 15 14 1 1.4167274407073669 0 1.4167274407073918 0 1.4167274407073669 0 2.4868995751603507e-14
5 0 55 0 5 55 14 13 1 -0.68782111261705625 0 -0.68782111261707468 0 -0.68782111261705625 0 1.8429702208777599e-14
5 0 56 0 5 56 13 12 1 1.418280333004784 0 1.4182803330047968 0 1.418280333004784 0 1.2878587085651816e-14
5 0 57 0 5 57 12 11 1 -0.68599076312992613 0 -0.6859907631299299 0 -0.68599076312992613 0 3.7747582837255322e-15
5 0 58 0 5 58 11 10 1 1.4204592435907357 0 1.4204592435907557 0 1.4204592435907357 0 1.9984014443252818e-14
5 0 59 0 5 59 10 9 1 -0.68336495168385192 0 -0.6833649516838608 0 -0.68336495168385192 0 8.8817841970012523e-15
5 0 60 0 5 60 9 8 1 1.423671853971749 0 1.423671853971769 0 1.423671853971749 0 1.9984014443252818e-14
5 0 61 0 5 61 8 7 1 -0.67935965176948165 0 -0.67935965176951207 0 -0.67935965176948165 0 3.0420110874729289e-14
5 0 62 0 5 62 7 6 1 1.4287857099143846 0 1.4287857099143961 0 1.4287857099143846 0 1.1546319456101628e-14
5 0 63 0 5 63 6 5 1 -0.67262681213945552 0 -0.67262681213947395 0 -0.67262681213945552 0 1.8429702208777599e-14
5 0 0 1 5 64 5 37 -1 0.20703724960773262 0 -0.20703724960773262 0 -0.20703724960773262 0 0
5 0 1 1 5 65 4 36 -1 0.20703724960773262 0 -0.20703724960773262 0 -0.20703724960773262 0 0
5 0 2 1 5 66 3 35 -1 0.20703724960773262 0 -0.20703724960773262 0 -0.20703724960773262 0 0
5 0 3 1 5 67 2 34 -1 0.20703724960773262 0 -0.20703724960773262 0 -0.20703724960773262 0 0
5 0 4 1 5 68 1 33 -1 0.20703724960773262 0 -0.20703724960773262 0 -0.20703724960773262 0 0
5 0 5 1 5 69 0 32 1 0 0 0 0 0 0 0
5 0 6 1 5 70 1 33 1 0.20703724960773262 0 0.20703724960773262 0 0.20703724960773262 0 0
5 0 7 1 5 71 2 34 1 0.20703724960773262 0 0.20703724960773262 0 0.20703724960773262 0 0
5 0 8 1 5 72 3 35 1 0.20703724960773262 0 0.20703724960773262 0 0.20703724960773262 0 0
5 0 9 1 5 73 4 36 1 0.20703724960773262 0 0.20703724960773262 0 0.20703724960773262 0 0
5 0 10 1 5 74 5 37 1 0.20703724960773262 0 0.20703724960773262 0 0.20703724960773262 0 0
5 0 11 1 5 75 6 38 1 0.20703724960773262 0 0.20703724960773262 0 0.20703724960773262 0 0
5 0 12 1 5 76 7 39 1 0.20703724960773262 0 0.20703724960773262 0 0.20703724960773262 0 0
5 0 13 1 5 77 8 40 1 0.20703724960773262 0 0.20703724960773262 0 0.20703724960773262 0 0
5 0 14 1 5 78 9 41 1 0.20703724960773262 0 0.20703724960773262 0 0.20703724960773262 0 0
5 0 15 1 5 79 10 42 1 0.20703724960773262 0 0.20703724960773262 0 0.20703724960773262 0 0
5 0 16 1 5 80 11 43 1 0.20703724960773262 0 0.20703724960773262 0 0.20703724960773262 0 0
5 0 17 1 5 81 12 44 1 0.20703724960773262 0 0.20703724960773262 0 0.20703724960773262 0 0
5 0 18 1 5 82 13 45 1 0.20703724960773262 0 0.20703724960773262 0 0.20703724960773262 0 0
5 0 19 1 5 83 14 46 1 0.20703724960773262 0 0.20703724960773262 0 0.20703724960773262 0 0
5 0 20 1 5 84 15 47 1 0.20703724960773262 0 0.20703724960773262 0 0.20703724960773262 0 0
5 0 21 1 5 85 16 48 1 0.20703724960773262 0 0.20703724960773262 0 0.20703724960773262 0 0
5 0 22 1 5 86 17 49 1 0.20703724960773262 0 0.20703724960773262 0 0.20703724960773262 0 0
5 0 23 1 5 87 18 50 1 0.20703724960773262 0 0.20703724960773262 0 0.20703724960773262 0 0
5 0 24 1 5 88 19 51 1 0.20703724960773262 0 0.20703724960773262 0 0.20703724960773262 0 0
5 0 25 1 5 89 20 52 1 0.20703724960773262 0 0.20703724960773262 0 0.20703724960773262 0 0
5 0 26 1 5 90 21 53 1 0.20703724960773262 0 0.20703724960773262 0 0.20703724960773262 0 0
5 0 27 1 5 91 22 54 1 0.20703724960773262 0 0.20703724960773262 0 0.20703724960773262 0 0
5 0 28 1 5 92 23 55 1 0.20703724960773262 0 0.20703724960773262 0 0.20703724960773262 0 0
5 0 29 1 5 93 24 56 1 0.20703724960773262 0 0.20703724960773262 0 0.20703724960773262 0 0
5 0 30 1 5 94 25 57 1 0.20703724960773262 0 0.20703724960773262 0 0.20703724960773262 0 0
5 0 31 1 5 95 26 58 1 0.20703724960773262 0 0.20703724960773262 0 0.20703724960773262 0 0
5 0 32 1 5 96 27 59 1 0.20703724960773262 0 0.20703724960773262 0 0.20703724960773262 0 0
5 0 33 1 5 97 28 60 1 0.20703724960773262 0 0.20703724960773262 0 0.20703724960773262 0 0
5 0 34 1 5 98 29 61 1 0.20703724960773262 0 0.20703724960773262 0 0.20703724960773262 0 0
5 0 35 1 5 99 30 62 1 0.20703724960773262 0 0.20703724960773262 0 0.20703724960773262 0 0
5 0 36 1 5 100 31 63 1 0.20703724960773262 0 0.20703724960773262 0 0.20703724960773262 0 0
5 0 37 1 5 101 32 64 1 0.20703724960773262 0 0.20703724960773262 0 0.20703724960773262 0 0
5 0 38 1 5 102 31 63 1 0.20703724960773262 0 0.20703724960773262 0 0.20703724960773262 0 0
5 0 39 1 5 103 30 62 1 0.20703724960773262 0 0.20703724960773262 0 0.20703724960773262 0 0
5 0 40 1 5 104 29 61 1 0.20703724960773262 0 0.20703724960773262 0 0.20703724960773262 0 0
5 0 41 1 5 105 28 60 1 0.20703724960773262 0 0.20703724960773262 0 0.20703724960773262 0 0
5 0 42 1 5 106 27 59 1 0.20703724960773262 0 0.20703724960773262 0 0.20703724960773262 0 0
5 0 43 1 5 107 26 58 1 0.20703724960773262 0 0.20703724960773262 0 0.20703724960773262 0 0
5 0 44 1 5 108 25 57 1 0.20703724960773262 0 0.20703724960773262 0 0.20703724960773262 0 0
5 0 45 1 5 109 24 56 1 0.20703724960773262 0 0.20703724960773262 0 0.20703724960773262 0 0
5 0 46 1 5 110 23 55 1 0.20703724960773262 0 0.20703724960773262 0 0.20703724960773262 0 0
5 0 47 1 5 111 22 54 1 0.20703724960773262 0 0.20703724960773262 0 0.20703724960773262 0 0
5 0 48 1 5 112 21 53 1 0.20703724960773262 0 0.20703724960773262 0 0.20703724960773262 0 0
5 0 49 1 5 113 20 52 1 0.20703724960773262 0 0.20703724960773262 0 0.20703724960773262 0 0
5 0 50 1 5 114 19 51 1 0.20703724960773262 0 0.20703724960773262 0 0.20703724960773262 0 0
5 0 51 1 5 115 18 50 1 0.20703724960773262 0 0.20703724960773262 0 0.20703724960773262 0 0
5 0 52 1 5 116 17 49 1 0.20703724960773262 0 0.20703724960773262 0 0.20703724960773262 0 0
5 0 53 1 5 117 16 48 1 0.20703724960773262 0 0.20703724960773262 0 0.20703724960773262 0 0
5 0 54 1 5 118 15 47 1 0.20703724960773262 0 0.20703724960773262 0 0.20703724960773262 0 0
5 0 55 1 5 119 14 46 1 0.20703724960773262 0 0.20703724960773262 0 0.20703724960773262 0 0
5 0 56 1 5 120 13 45 1 0.20703724960773262 0 0.20703724960773262 0 0.20703724960773262 0 0
5 0 57 1 5 121 12 44 1 0.20703724960773262 0 0.20703724960773262 0 0.20703724960773262 0 0
5 0 58 1 5 122 11 43 1 0.20703724960773262 0 0.20703724960773262 0 0.20703724960773262 0 0
5 0 59 1 5 123 10 42 1 0.20703724960773262 0 0.20703724960773262 0 0.20703724960773262 0 0
5 0 60 1 5 124 9 41 1 0.20703724960773262 0 0.20703724960773262 0 0.20703724960773262 0 0
5 0 61 1 5 125 8 40 1 0.20703724960773262 0 0.20703724960773262 0 0.20703724960773262 0 0
5 0 62 1 5 126 7 39 1 0.20703724960773262 0 0.20703724960773262 0 0.20703724960773262 0 0
5 0 63 1 5 127 6 38 1 0.20703724960773262 0 0.20703724960773262 0 0.20703724960773262 0 0
6 0 7 0 6 7 1 0 1 1.5483719497275521 0 1.5483719497275521 0 1.5483719497275521 0 0
6 0 8 0 6 8 2 1 1 -0.62106902470630421 0 -0.62106902470630421 0 -0.62106902470630421 0 0
6 0 9 0 6 9 3 2 1 1.4591568302030655 0 1.4591568302030655 0 1.4591568302030655 0 0
6 0 10 0 6 10 4 3 1 -0.65922634871850916 0 -0.65922634871850916 0 -0.65922634871850916 0 0
6 0 11 0 6 11 5 4 1 1.4380193841453996 0 1.4380193841453996 0 1.4380193841453996 0 0
6 0 12 0 6 12 6 5 1 -0.67262681213945552 0 -0.67262681213945552 0 -0.67262681213945552 0 0
6 0 13 0 6 13 7 6 1 1.4287857099143846 0 1.4287857099143846 0 1.4287857099143846 0 0
6 0 14 0 6 14 8 7 1 -0.67935965176948165 0 -0.67935965176948165 0 -0.67935965176948165 0 0
6 0 15 0 6 15 9 8 1 1.423671853971749 0 1.423671853971749 0 1.423671853971749 0 0
6 0 16 0 6 16 10 9 1 -0.68336495168385192 0 -0.68336495168385192 0 -0.68336495168385192 0 0
6 0 17 0 6 17 11 10 1 1.4204592435907357 0 1.4204592435907357 0 1.4204592435907357 0 0
6 0 18 0 6 18 12 11 1 -0.68599076312992613 0 -0.68599076312992613 0 -0.68599076312992613 0 0
6 0 19 0 6 19 13 12 1 1.418280333004784 0 1.418280333004784 0 1.418280333004784 0 0
6 0 20 0 6 20 14 13 1 -0.68782111261705625 0 -0.68782111261705625 0 -0.68782111261705625 0 0
6 0 21 0 6 21 15 14 1 1.4167274407073669 0 1.4167274407073669 0 1.4167274407073669 0 0
6 0 22 0 6 22 16 15 1 -0.68914919296560939 0 -0.68914919296560939 0 -0.68914919296560939 0 0
6 0 23 0 6 23 17 16 1 1.415584401425233 0 1.415584401425233 0 1.415584401425233 0 0
6 0 24 0 6 24 18 17 1 -0.6901377561362213 0 -0.6901377561362213 0 -0.6901377561362213 0 0
6 0 25 0 6 25 19 18 1 1.4147264780329518 0 1.4147264780329518 0 1.4147264780329518 0 0
6 0 26 0 6 26 20 19 1 -0.69088386103115262 0 -0.69088386103115262 0 -0.69088386103115262 0 0
6 0 27 0 6 27 21 20 1 1.4140771750058097 0 1.4140771750058097 0 1.4140771750058097 0 0
6 0 28 0 6 28 22 21 1 -0.69144844497275415 0 -0.69144844497275415 0 -0.69144844497275415 0 0
6 0 29 0 6 29 23 22 1 1.4135875246411542 0 1.4135875246411542 0 1.4135875246411542 0 0
6 0 30 0 6 30 24 23 1 -0.69187112178069776 0 -0.69187112178069776 0 -0.69187112178069776 0 0
6 0 31 0 6 31 25 24 1 1.4132253331583424 0 1.4132253331583424 0 1.4132253331583424 0 0
6 0 32 0 6 32 26 25 1 -0.69217811196996715 0 -0.69217811196996715 0 -0.69217811196996715 0 0
6 0 33 0 6 33 27 26 1 1.412969260722523 0 1.412969260722523 0 1.412969260722523 0 0
6 0 34 0 6 34 28 27 1 -0.69238670518368572 0 -0.69238670518368572 0 -0.69238670518368572 0 0
6 0 35 0 6 35 29 28 1 1.412805434823321 0 1.412805434823321 0 1.412805434823321 0 0
6 0 36 0 6 36 30 29 1 -0.6925078382886708 0 -0.6925078382886708 0 -0.6925078382886708 0 0
6 0 37 0 6 37 31 30 1 1.4127254916248142 0 1.4127254916248142 0 1.4127254916248142 0 0
6 0 38 0 6 38 32 31 1 -0.69254756909215287 0 -0.69254756909215287 0 -0.69254756909215287 0 0
6 0 39 0 6 39 31 30 1 1.4127254916248142 0 1.4127254916248169 0 1.4127254916248142 0 2.6645352591003757e-15
6 0 40 0 6 40 30 29 1 -0.6925078382886708 0 -0.69250783828867302 0 -0.6925078382886708 0 2.2204460492503131e-15
6 0 41 0 6 41 29 28 1 1.412805434823321 0 1.4128054348233245 0 1.412805434823321 0 3.5527136788005009e-15
6 0 42 0 6 42 28 27 1 -0.69238670518368572 0 -0.69238670518369061 0 -0.69238670518368572 0 4.8849813083506888e-15
6 0 43 0 6 43 27 26 1 1.412969260722523 0 1.4129692607225253 0 1.412969260722523 0 2.2204460492503131e-15
6 0 44 0 6 44 26 25 1 -0.69217811196996715 0 -0.69217811196997048 0 -0.69217811196996715 0 3.3306690738754696e-15
6 0 45 0 6 45 25 24 1 1.4132253331583424 0 1.4132253331583415 0 1.4132253331583424 0 8.8817841970012523e-16
6 0 46 0 6 46 24 23 1 -0.69187112178069776 0 -0.69187112178070287 0 -0.69187112178069776 0 5.1070259132757201e-15
6 0 47 0 6 47 23 22 1 1.4135875246411542 0 1.4135875246411573 0 1.4135875246411542 0 3.1086244689504383e-15
6 0 48 0 6 48 22 21 1 -0.69144844497275415 0 -0.69144844497276392 0 -0.69144844497275415 0 9.7699626167013776e-15
6 0 49 0 6 49 21 20 1 1.4140771750058097 0 1.4140771750058145 0 1.4140771750058097 0 4.8849813083506888e-15
6 0 50 0 6 50 20 19 1 -0.69088386103115262 0 -0.69088386103115063 0 -0.69088386103115262 0 1.9984014443252818e-15
6 0 51 0 6 51 19 18 1 1.4147264780329518 0 1.4147264780329598 0 1.4147264780329518 0 7.9936057773011271e-15
6 0 52 0 6 52 18 17 1 -0.6901377561362213 0 -0.6901377561362213 0 -0.6901377561362213 0 0
6 0 53 0 6 53 17 16 1 1.415584401425233 0 1.4155844014252348 0 1.415584401425233 0 1.7763568394002505e-15
6 0 54 0 6 54 16 15 1 -0.68914919296560939 0 -0.68914919296561961 0 -0.68914919296560939 0 1.021405182655144e-14
6 0 55 0 6 55 15 14 1 1.4167274407073669 0 1.4167274407073918 0 1.4167274407073669 0 2.4868995751603507e-14
6 0 56 0 6 56 14 13 1 -0.68782111261705625 0 -0.68782111261707468 0 -0.68782111261705625 0 1.8429702208777599e-14
6 0 57 0 6 57 13 12 1 1.418280333004784 0 1.4182803330047968 0 1.418280333004784 0 1.2878587085651816e-14
6 0 58 0 6 58 12 11 1 -0.68599076312992613 0 -0.6859907631299299 0 -0.68599076312992613 0 3.7747582837255322e-15
6 0 59 0 6 59 11 10 1 1.4204592435907357 0 1.4204592435907557 0 1.4204592435907357 0 1.9984014443252818e-14
6 0 60 0 6 60 10 9 1 -0.68336495168385192 0 -0.6833649516838608 0 -0.68336495168385192 0 8.8817841970012523e-15
6 0 61 0 6 61 9 8 1 1.423671853971749 0 1.423671853971769 0 1.423671853971749 0 1.9984014443252818e-14
6 0 62 0 6 62 8 7 1 -0.67935965176948165 0 -0.67935965176951207 0 -0.67935965176948165 0 3.0420110874729289e-14
6 0 63 0 6 63 7 6 1 1.4287857099143846 0 1.4287857099143961 0 1.4287857099143846 0 1.1546319456101628e-14
6 0 0 1 6 64 6 38 -1 0.20703724960773262 0 -0.20703724960773262 0 -0.20703724960773262 0 0
6 0 1 1 6 65 5 37 -1 0.20703724960773262 0 -0.20703724960773262 0 -0.20703724960773262 0 0
6 0 2 1 6 66 4 36 -1 0.20703724960773262 0 -0.20703724960773262 0 -0.20703724960773262 0 0
6 0 3 1 6 67 3 35 -1 0.20703724960773262 0 -0.20703724960773262 0 -0.20703724960773262 0 0
6 0 4 1 6 68 2 34 -1 0.20703724960773262 0 -0.20703724960773262 0 -0.20703724960773262 0 0
6 0 5 1 6 69 1 33 -1 0.20703724960773262 0 -0.20703724960773262 0 -0.20703724960773262 0 0
6 0 6 1 6 70 0 32 1 0 0 0 0 0 0 0
6 0 7 1 6 71 1 33 1 0.20703724960773262 0 0.20703724960773262 0 0.20703724960773262 0 0
6 0 8 1 6 72 2 34 1 0.20703724960773262 0 0.20703724960773262 0 0.20703724960773262 0 0
6 0 9 1 6 73 3 35 1 0.20703724960773262 0 0.20703724960773262 0 0.20703724960773262 0 0
6 0 10 1 6 74 4 36 1 0.20703724960773262 0 0.20703724960773262 0 0.20703724960773262 0 0
6 0 11 1 6 75 5 37 1 0.20703724960773262 0 0.20703724960773262 0 0.20703724960773262 0 0
6 0 12 1 6 76 6 38 1 0.20703724960773262 0 0.20703724960773262 0 0.20703724960773262 0 0
6 0 13 1 6 77 7 39 1 0.20703724960773262 0 0.20703724960773262 0 0.20703724960773262 0 0
6 0 14 1 6 78 8 40 1 0.20703724960773262 0 0.20703724960773262 0 0.20703724960773262 0 0
6 0 15 1 6 79 9 41 1 0.20703724960773262 0 0.20703724960773262 0 0.20703724960773262 0 0
6 0 16 1 6 80 10 42 1 0.20703724960773262 0 0.20703724960773262 0 0.20703724960773262 0 0
6 0 17 1 6 81 11 43 1 0.20703724960773262 0 0.20703724960773262 0 0.20703724960773262 0 0
6 0 18 1 6 82 12 44 1 0.20703724960773262 0 0.20703724960773262 0 0.20703724960773262 0 0
6 0 19 1 6 83 13 45 1 0.20703724960773262 0 0.20703724960773262 0 0.20703724960773262 0 0
6 0 20 1 6 84 14 46 1 0.20703724960773262 0 0.20703724960773262 0 0.20703724960773262 0 0
6 0 21 1 6 85 15 47 1 0.20703724960773262 0 0.20703724960773262 0 0.20703724960773262 0 0
6 0 22 1 6 86 16 48 1 0.20703724960773262 0 0.20703724960773262 0 0.20703724960773262 0 0
6 0 23 1 6 87 17 49 1 0.20703724960773262 0 0.20703724960773262 0 0.20703724960773262 0 0
6 0 24 1 6 88 18 50 1 0.20703724960773262 0 0.20703724960773262 0 0.20703724960773262 0 0
6 0 25 1 6 89 19 51 1 0.20703724960773262 0 0.20703724960773262 0 0.20703724960773262 0 0
6 0 26 1 6 90 20 52 1 0.20703724960773262 0 0.20703724960773262 0 0.20703724960773262 0 0
6 0 27 1 6 91 21 53 1 0.20703724960773262 0 0.20703724960773262 0 0.20703724960773262 0 0
6 0 28 1 6 92 22 54 1 0.20703724960773262 0 0.20703724960773262 0 0.20703724960773262 0 0
6 0 29 1 6 93 23 55 1 0.20703724960773262 0 0.20703724960773262 0 0.20703724960773262 0 0
6 0 30 1 6 94 24 56 1 0.20703724960773262 0 0.20703724960773262 0 0.20703724960773262 0 0
6 0 31 1 6 95 25 57 1 0.20703724960773262 0 0.20703724960773262 0 0.20703724960773262 0 0
6 0 32 1 6 96 26 58 1 0.20703724960773262 0 0.20703724960773262 0 0.20703724960773262 0 0
6 0 33 1 6 97 27 59 1 0.20703724960773262 0 0.20703724960773262 0 0.20703724960773262 0 0
6 0 34 1 6 98 28 60 1 0.20703724960773262 0 0.20703724960773262 0 0.20703724960773262 0 0
6 0 35 1 6 99 29 61 1 0.20703724960773262 0 0.20703724960773262 0 0.20703724960773262 0 0
6 0 36 1 6 100 30 62 1 0.20703724960773262 0 0.20703724960773262 0 0.20703724960773262 0 0
6 0 37 1 6 101 31 63 1 0.20703724960773262 0 0.20703724960773262 0 0.20703724960773262 0 0
6 0 38 1 6 102 32 64 1 0.20703724960773262 0 0.20703724960773262 0 0.20703724960773262 0 0
6 0 39 1 6 103 31 63 1 0.20703724960773262 0 0.20703724960773262 0 0.20703724960773262 0 0
6 0 40 1 6 104 30 62 1 0.20703724960773262 0 0.20703724960773262 0 0.20703724960773262 0 0
6 0 41 1 6 105 29 61 1 0.20703724960773262 0 0.20703724960773262 0 0.20703724960773262 0 0
6 0 42 1 6 106 28 60 1 0.20703724960773262 0 0.20703724960773262 0 0.20703724960773262 0 0
6 0 43 1 6 107 27 59 1 0.20703724960773262 0 0.20703724960773262 0 0.20703724960773262 0 0
6 0 44 1 6 108 26 58 1 0.20703724960773262 0 0.20703724960773262 0 0.20703724960773262 0 0
6 0 45 1 6 109 25 57 1 0.20703724960773262 0 0.20703724960773262 0 0.20703724960773262 0 0
6 0 46 1 6 110 24 56 1 0.20703724960773262 0 0.20703724960773262 0 0.20703724960773262 0 0
6 0 47 1 6 111 23 55 1 0.20703724960773262 0 0.20703724960773262 0 0.20703724960773262 0 0
6 0 48 1 6 112 22 54 1 0.20703724960773262 0 0.20703724960773262 0 0.20703724960773262 0 0
6 0 49 1 6 113 21 53 1 0.20703724960773262 0 0.20703724960773262 0 0.20703724960773262 0 0
6 0 50 1 6 114 20 52 1 0.20703724960773262 0 0.20703724960773262 0 0.20703724960773262 0 0
6 0 51 1 6 115 19 51 1 0.20703724960773262 0 0.20703724960773262 0 0.20703724960773262 0 0
6 0 52 1 6 116 18 50 1 0.20703724960773262 0 0.20703724960773262 0 0.20703724960773262 0 0
6 0 53 1 6 117 17 49 1 0.20703724960773262 0 0.20703724960773262 0 0.20703724960773262 0 0
6 0 54 1 6 118 16 48 1 0.20703724960773262 0 0.20703724960773262 0 0.20703724960773262 0 0
6 0 55 1 6 119 15 47 1 0.20703724960773262 0 0.20703724960773262 0 0.20703724960773262 0 0
6 0 56 1 6 120 14 46 1 0.20703724960773262 0 0.20703724960773262 0 0.20703724960773262 0 0
6 0 57 1 6 121 13 45 1 0.20703724960773262 0 0.20703724960773262 0 0.20703724960773262 0 0
6 0 58 1 6 122 12 44 1 0.20703724960773262 0 0.20703724960773262 0 0.20703724960773262 0 0
6 0 59 1 6 123 11 43 1 0.20703724960773262 0 0.20703724960773262 0 0.20703724960773262 0 0
6 0 60 1 6 124 10 42 1 0.20703724960773262 0 0.20703724960773262 0 0.20703724960773262 0 0
6 0 61 1 6 125 9 41 1 0.20703724960773262 0 0.20703724960773262 0 0.20703724960773262 0 0
6 0 62 1 6 126 8 40 1 0.20703724960773262 0 0.20703724960773262 0 0.20703724960773262 0 0
6 0 63 1 6 127 7 39 1 0.20703724960773262 0 0.20703724960773262 0 0.20703724960773262 0 0
7 0 8 0 7 8 1 0 1 1.5483719497275521 0 1.5483719497275521 0 1.5483719497275521 0 0
7 0 9 0 7 9 2 1 1 -0.62106902470630421 0 -0.62106902470630421 0 -0.62106902470630421 0 0
7 0 10 0 7 10 3 2 1 1.4591568302030655 0 1.4591568302030655 0 1.4591568302030655 0 0
7 0 11 0 7 11 4 3 1 -0.65922634871850916 0 -0.65922634871850916 0 -0.65922634871850916 0 0
7 0 12 0 7 12 5 4 1 1.4380193841453996 0 1.4380193841453996 0 1.4380193841453996 0 0
7 0 13 0 7 13 6 5 1 -0.67262681213945552 0 -0.67262681213945552 0 -0.67262681213945552 0 0
7 0 14 0 7 14 7 6 1 1.4287857099143846 0 1.4287857099143846 0 1.4287857099143846 0 0
7 0 15 0 7 15 8 7 1 -0.67935965176948165 0 -0.67935965176948165 0 -0.67935965176948165 0 0
7 0 16 0 7 16 9 8 1 1.423671853971749 0 1.423671853971749 0 1.423671853971749 0 0
7 0 17 0 7 17 10 9 1 -0.68336495168385192 0 -0.68336495168385192 0 -0.68336495168385192 0 0
7 0 18 0 7 18 11 10 1 1.4204592435907357 0 1.4204592435907357 0 1.4204592435907357 0 0
7 0 19 0 7 19 12 11 1 -0.68599076312992613 0 -0.68599076312992613 0 -0.68599076312992613 0 0
7 0 20 0 7 20 13 12 1 1.418280333004784 0 1.418280333004784 0 1.418280333004784 0 0
7 0 21 0 7 21 14 13 1 -0.68782111261705625 0 -0.68782111261705625 0 -0.68782111261705625 0 0
7 0 22 0 7 22 15 14 1 1.4167274407073669 0 1.4167274407073669 0 1.4167274407073669 0 0
7 0 23 0 7 23 16 15 1 -0.68914919296560939 0 -0.68914919296560939 0 -0.68914919296560939 0 0
7 0 24 0 7 24 17 16 1 1.415584401425233 0 1.415584401425233 0 1.415584401425233 0 0
7 0 25 0 7 25 18 17 1 -0.6901377561362213 0 -0.6901377561362213 0 -0.6901377561362213 0 0
7 0 26 0 7 26 19 18 1 1.4147264780329518 0 1.4147264780329518 0 1.4147264780329518 0 0
7 0 27 0 7 27 20 19 1 -0.69088386103115262 0 -0.69088386103115262 0 -0.69088386103115262 0 0
7 0 28 0 7 28 21 20 1 1.4140771750058097 0 1.4140771750058097 0 1.4140771750058097 0 0
7 0 29 0 7 29 22 21 1 -0.69144844497275415 0 -0.69144844497275415 0 -0.69144844497275415 0 0
7 0 30 0 7 30 23 22 1 1.4135875246411542 0 1.4135875246411542 0 1.4135875246411542 0 0
7 0 31 0 7 31 24 23 1 -0.69187112178069776 0 -0.69187112178069776 0 -0.69187112178069776 0 0
7 0 32 0 7 32 25 24 1 1.4132253331583424 0 1.4132253331583424 0 1.4132253331583424 0 0
7 0 33 0 7 33 26 25 1 -0.69217811196996715 0 -0.69217811196996715 0 -0.69217811196996715 0 0
7 0 34 0 7 34 27 26 1 1.412969260722523 0 1.412969260722523 0 1.412969260722523 0 0
7 0 35 0 7 35 28 27 1 -0.69238670518368572 0 -0.69238670518368572 0 -0.69238670518368572 0 0
7 0 36 0 7 36 29 28 1 1.412805434823321 0 1.412805434823321 0 1.412805434823321 0 0
7 0 37 0 7 37 30 29 1 -0.6925078382886708 0 -0.6925078382886708 0 -0.6925078382886708 0 0
7 0 38 0 7 38 31 30 1 1.4127254916248142 0 1.4127254916248142 0 1.4127254916248142 0 0
7 0 39 0 7 39 32 31 1 -0.69254756909215287 0 -0.69254756909215287 0 -0.69254756909215287 0 0
7 0 40 0 7 40 31 30 1 1.4127254916248142 0 1.4127254916248169 0 1.4127254916248142 0 2.6645352591003757e-15
7 0 41 0 7 41 30 29 1 -0.6925078382886708 0 -0.69250783828867302 0 -0.6925078382886708 0 2.2204460492503131e-15
7 0 42 0 7 42 29 28 1 1.412805434823321 0 1.4128054348233245 0 1.412805434823321 0 3.5527136788005009e-15
7 0 43 0 7 43 28 27 1 -0.69238670518368572 0 -0.69238670518369061 0 -0.69238670518368572 0 4.8849813083506888e-15
7 0 44 0 7 44 27 26 1 1.412969260722523 0 1.4129692607225253 0 1.412969260722523 0 2.2204460492503131e-15
7 0 45 0 7 45 26 25 1 -0.69217811196996715 0 -0.69217811196997048 0 -0.69217811196996715 0 3.3306690738754696e-15
7 0 46 0 7 46 25 24 1 1.4132253331583424 0 1.4132253331583415 0 1.4132253331583424 0 8.8817841970012523e-16
7 0 47 0 7 47 24 23 1 -0.69187112178069776 0 -0.69187112178070287 0 -0.69187112178069776 0 5.1070259132757201e-15
7 0 48 0 7 48 23 22 1 1.4135875246411542 0 1.4135875246411573 0 1.4135875246411542 0 3.1086244689504383e-15
7 0 49 0 7 49 22 21 1 -0.69144844497275415 0 -0.69144844497276392 0 -0.69144844497275415 0 9.7699626167013776e-15
7 0 50 0 7 50 21 20 1 1.4140771750058097 0 1.4140771750058145 0 1.4140771750058097 0 4.8849813083506888e-15
7 0 51 0 7 51 20 19 1 -0.69088386103115262 0 -0.69088386103115063 0 -0.69088386103115262 0 1.9984014443252818e-15
7 0 52 0 7 52 19 18 1 1.4147264780329518 0 1.4147264780329598 0 1.4147264780329518 0 7.9936057773011271e-15
7 0 53 0 7 53 18 17 1 -0.6901377561362213 0 -0.6901377561362213 0 -0.6901377561362213 0 0
7 0 54 0 7 54 17 16 1 1.415584401425233 0 1.4155844014252348 0 1.415584401425233 0 1.7763568394002505e-15
7 0 55 0 7 55 16 15 1 -0.68914919296560939 0 -0.68914919296561961 0 -0.68914919296560939 0 1.021405182655144e-14
7 0 56 0 7 56 15 14 1 1.4167274407073669 0 1.4167274407073918 0 1.4167274407073669 0 2.4868995751603507e-14
7 0 57 0 7 57 14 13 1 -0.68782111261705625 0 -0.68782111261707468 0 -0.68782111261705625 0 1.8429702208777599e-14
7 0 58 0 7 58 13 12 1 1.418280333004784 0 1.4182803330047968 0 1.418280333004784 0 1.2878587085651816e-14
7 0 59 0 7 59 12 11 1 -0.68599076312992613 0 -0.6859907631299299 0 -0.68599076312992613 0 3.7747582837255322e-15
7 0 60 0 7 60 11 10 1 1.4204592435907357 0 1.4204592435907557 0 1.4204592435907357 0 1.9984014443252818e-14
7 0 61 0 7 61 10 9 1 -0.68336495168385192 0 -0.6833649516838608 0 -0.68336495168385192 0 8.8817841970012523e-15
7 0 62 0 7 62 9 8 1 1.423671853971749 0 1.423671853971769 0 1.423671853971749 0 1.9984014443252818e-14
7 0 63 0 7 63 8 7 1 -0.67935965176948165 0 -0.67935965176951207 0 -0.67935965176948165 0 3.0420110874729289e-14
7 0 0 1 7 64 7 39 -1 0.20703724960773262 0 -0.20703724960773262 0 -0.20703724960773262 0 0
7 0 1 1 7 65 6 38 -1 0.20703724960773262 0 -0.20703724960773262 0 -0.20703724960773262 0 0
7 0 2 1 7 66 5 37 -1 0.20703724960773262 0 -0.20703724960773262 0 -0.20703724960773262 0 0
7 0 3 1 7 67 4 36 -1 0.20703724960773262 0 -0.20703724960773262 0 -0.20703724960773262 0 0
7 0 4 1 7 68 3 35 -1 0.20703724960773262 0 -0.20703724960773262 0 -0.20703724960773262 0 0
7 0 5 1 7 69 2 34 -1 0.20703724960773262 0 -0.20703724960773262 0 -0.20703724960773262 0 0
7 0 6 1 7 70 1 33 -1 0.20703724960773262 0 -0.20703724960773262 0 -0.20703724960773262 0 0
7 0 7 1 7 71 0 32 1 0 0 0 0 0 0 0
7 0 8 1 7 72 1 33 1 0.20703724960773262 0 0.20703724960773262 0 0.20703724960773262 0 0
7 0 9 1 7 73 2 34 1 0.20703724960773262 0 0.20703724960773262 0 0.20703724960773262 0 0
7 0 10 1 7 74 3 35 1 0.20703724960773262 0 0.20703724960773262 0 0.20703724960773262 0 0
7 0 11 1 7 75 4 36 1 0.20703724960773262 0 0.20703724960773262 0 0.20703724960773262 0 0
7 0 12 1 7 76 5 37 1 0.20703724960773262 0 0.20703724960773262 0 0.20703724960773262 0 0
7 0 13 1 7 77 6 38 1 0.20703724960773262 0 0.20703724960773262 0 0.20703724960773262 0 0
7 0 14 1 7 78 7 39 1 0.20703724960773262 0 0.20703724960773262 0 0.20703724960773262 0 0
7 0 15 1 7 79 8 40 1 0.20703724960773262 0 0.20703724960773262 0 0.20703724960773262 0 0
7 0 16 1 7 80 9 41 1 0.20703724960773262 0 0.20703724960773262 0 0.20703724960773262 0 0
7 0 17 1 7 81 10 42 1 0.20703724960773262 0 0.20703724960773262 0 0.20703724960773262 0 0
7 0 18 1 7 82 11 43 1 0.20703724960773262 0 0.20703724960773262 0 0.20703724960773262 0 0
7 0 19 1 7 83 12 44 1 0.20703724960773262 0 0.20703724960773262 0 0.20703724960773262 0 0
7 0 20 1 7 84 13 45 1 0.20703724960773262 0 0.20703724960773262 0 0.20703724960773262 0 0
7 0 21 1 7 85 14 46 1 0.20703724960773262 0 0.20703724960773262 0 0.20703724960773262 0 0
7 0 22 1 7 86 15 47 1 0.20703724960773262 0 0.20703724960773262 0 0.20703724960773262 0 0
7 0 23 1 7 87 16 48 1 0.20703724960773262 0 0.20703724960773262 0 0.20703724960773262 0 0
7 0 24 1 7 88 17 49 1 0.20703724960773262 0 0.20703724960773262 0 0.20703724960773262 0 0
7 0 25 1 7 89 18 50 1 0.20703724960773262 0 0.20703724960773262 0 0.20703724960773262 0 0
7 0 26 1 7 90 19 51 1 0.20703724960773262 0 0.20703724960773262 0 0.20703724960773262 0 0
7 0 27 1 7 91 20 52 1 0.20703724960773262 0 0.20703724960773262 0 0.20703724960773262 0 0
7 0 28 1 7 92 21 53 1 0.20703724960773262 0 0.20703724960773262 0 0.20703724960773262 0 0
7 0 29 1 7 93 22 54 1 0.20703724960773262 0 0.20703724960773262 0 0.20703724960773262 0 0
7 0 30 1 7 94 23 55 1 0.20703724960773262 0 0.20703724960773262 0 0.20703724960773262 0 0
7 0 31 1 7 95 24 56 1 0.20703724960773262 0 0.20703724960773262 0 0.20703724960773262 0 0
7 0 32 1 7 96 25 57 1 0.20703724960773262 0 0.20703724960773262 0 0.20703724960773262 0 0
7 0 33 1 7 97 26 58 1 0.20703724960773262 0 0.20703724960773262 0 0.20703724960773262 0 0
7 0 34 1 7 98 27 59 1 0.20703724960773262 0 0.20703724960773262 0 0.20703724960773262 0 0
7 0 35 1 7 99 28 60 1 0.20703724960773262 0 0.20703724960773262 0 0.20703724960773262 0 0
7 0 36 1 7 100 29 61 1 0.20703724960773262 0 0.20703724960773262 0 0.20703724960773262 0 0
7 0 37 1 7 101 30 62 1 0.20703724960773262 0 0.20703724960773262 0 0.20703724960773262 0 0
7 0 38 1 7 102 31 63 1 0.20703724960773262 0 0.20703724960773262 0 0.20703724960773262 0 0
7 0 39 1 7 103 32 64 1 0.20703724960773262 0 0.20703724960773262 0 0.20703724960773262 0 0
7 0 40 1 7 104 31 63 1 0.20703724960773262 0 0.20703724960773262 0 0.20703724960773262 0 0
7 0 41 1 7 105 30 62 1 0.20703724960773262 0 0.20703724960773262 0 0.20703724960773262 0 0
7 0 42 1 7 106 29 61 1 0.20703724960773262 0 0.20703724960773262 0 0.20703724960773262 0 0
7 0 43 1 7 107 28 60 1 0.20703724960773262 0 0.20703724960773262 0 0.20703724960773262 0 0
7 0 44 1 7 108 27 59 1 0.20703724960773262 0 0.20703724960773262 0 0.20703724960773262 0 0
7 0 45 1 7 109 26 58 1 0.20703724960773262 0 0.20703724960773262 0 0.20703724960773262 0 0
7 0 46 1 7 110 25 57 1 0.20703724960773262 0 0.20703724960773262 0 0.20703724960773262 0 0
7 0 47 1 7 111 24 56 1 0.20703724960773262 0 0.20703724960773262 0 0.20703724960773262 0 0
7 0 48 1 7 112 23 55 1 0.20703724960773262 0 0.20703724960773262 0 0.20703724960773262 0 0
7 0 49 1 7 113 22 54 1 0.20703724960773262 0 0.20703724960773262 0 0.20703724960773262 0 0
7 0 50 1 7 114 21 53 1 0.20703724960773262 0 0.20703724960773262 0 0.20703724960773262 0 0
7 0 51 1 7 115 20 52 1 0.20703724960773262 0 0.20703724960773262 0 0.20703724960773262 0 0
7 0 52 1 7 116 19 51 1 0.20703724960773262 0 0.20703724960773262 0 0.20703724960773262 0 0
7 0 53 1 7 117 18 50 1 0.20703724960773262 0 0.20703724960773262 0 0.20703724960773262 0 0
7 0 54 1 7 118 17 49 1 0.20703724960773262 0 0.20703724960773262 0 0.20703724960773262 0 0
7 0 55 1 7 119 16 48 1 0.20703724960773262 0 0.20703724960773262 0 0.20703724960773262 0 0
7 0 56 1 7 120 15 47 1 0.20703724960773262 0 0.20703724960773262 0 0.20703724960773262 0 0
7 0 57 1 7 121 14 46 1 0.20703724960773262 0 0.20703724960773262 0 0.20703724960773262 0 0
7 0 58 1 7 122 13 45 1 0.20703724960773262 0 0.20703724960773262 0 0.20703724960773262 0 0
7 0 59 1 7 123 12 44 1 0.20703724960773262 0 0.20703724960773262 0 0.20703724960773262 0 0
7 0 60 1 7 124 11 43 1 0.20703724960773262 0 0.20703724960773262 0 0.20703724960773262 0 0
7 0 61 1 7 125 10 42 1 0.20703724960773262 0 0.20703724960773262 0 0.20703724960773262 0 0
7 0 62 1 7 126 9 41 1 0.20703724960773262 0 0.20703724960773262 0 0.20703724960773262 0 0
7 0 63 1 7 127 8 40 1 0.20703724960773262 0 0.20703724960773262 0 0.20703724960773262 0 0
8 0 9 0 8 9 1 0 1 1.5483719497275521 0 1.5483719497275521 0 1.5483719497275521 0 0
8 0 10 0 8 10 2 1 1 -0.62106902470630421 0 -0.62106902470630421 0 -0.62106902470630421 0 0
8 0 11 0 8 11 3 2 1 1.4591568302030655 0 1.4591568302030655 0 1.4591568302030655 0 0
8 0 12 0 8 12 4 3 1 -0.65922634871850916 0 -0.65922634871850916 0 -0.65922634871850916 0 0
8 0 13 0 8 13 5 4 1 1.4380193841453996 0 1.4380193841453996 0 1.4380193841453996 0 0
8 0 14 0 8 14 6 5 1 -0.67262681213945552 0 -0.67262681213945552 0 -0.67262681213945552 0 0
8 0 15 0 8 15 7 6 1 1.4287857099143846 0 1.4287857099143846 0 1.4287857099143846 0 0
8 0 16 0 8 16 8 7 1 -0.67935965176948165 0 -0.67935965176948165 0 -0.67935965176948165 0 0
8 0 17 0 8 17 9 8 1 1.423671853971749 0 1.423671853971749 0 1.423671853971749 0 0
8 0 18 0 8 18 10 9 1 -0.68336495168385192 0 -0.68336495168385192 0 -0.68336495168385192 0 0
8 0 19 0 8 19 11 10 1 1.4204592435907357 0 1.4204592435907357 0 1.4204592435907357 0 0
8 0 20 0 8 20 12 11 1 -0.68599076312992613 0 -0.68599076312992613 0 -0.68599076312992613 0 0
8 0 21 0 8 21 13 12 1 1.418280333004784 0 1.418280333004784 0 1.418280333004784 0 0
8 0 22 0 8 22 14 13 1 -0.68782111261705625 0 -0.68782111261705625 0 -0.68782111261705625 0 0
8 0 23 0 8 23 15 14 1 1.4167274407073669 0 1.4167274407073669 0 1.4167274407073669 0 0
8 0 24 0 8 24 16 15 1 -0.68914919296560939 0 -0.68914919296560939 0 -0.68914919296560939 0 0
8 0 25 0 8 25 17 16 1 1.415584401425233 0 1.415584401425233 0 1.415584401425233 0 0
8 0 26 0 8 26 18 17 1 -0.6901377561362213 0 -0.6901377561362213 0 -0.6901377561362213 0 0
8 0 27 0 8 27 19 18 1 1.4147264780329518 0 1.4147264780329518 0 1.4147264780329518 0 0
8 0 28 0 8 28 20 19 1 -0.69088386103115262 0 -0.69088386103115262 0 -0.69088386103115262 0 0
8 0 29 0 8 29 21 20 1 1.4140771750058097 0 1.4140771750058097 0 1.4140771750058097 0 0
8 0 30 0 8 30 22 21 1 -0.69144844497275415 0 -0.69144844497275415 0 -0.69144844497275415 0 0
8 0 31 0 8 31 23 22 1 1.4135875246411542 0 1.4135875246411542 0 1.4135875246411542 0 0
8 0 32 0 8 32 24 23 1 -0.69187112178069776 0 -0.69187112178069776 0 -0.69187112178069776 0 0
8 0 33 0 8 33 25 24 1 1.4132253331583424 0 1.4132253331583424 0 1.4132253331583424 0 0
8 0 34 0 8 34 26 25 1 -0.69217811196996715 0 -0.69217811196996715 0 -0.69217811196996715 0 0
8 0 35 0 8 35 27 26 1 1.412969260722523 0 1.412969260722523 0 1.412969260722523 0 0
8 0 36 0 8 36 28 27 1 -0.69238670518368572 0 -0.69238670518368572 0 -0.69238670518368572 0 0
8 0 37 0 8 37 29 28 1 1.412805434823321 0 1.412805434823321 0 1.412805434823321 0 0
8 0 38 0 8 38 30 29 1 -0.6925078382886708 0 -0.6925078382886708 0 -0.6925078382886708 0 0
8 0 39 0 8 39 31 30 1 1.4127254916248142 0 1.4127254916248142 0 1.4127254916248142 0 0
8 0 40 0 8 40 32 31 1 -0.69254756909215287 0 -0.69254756909215287 0 -0.69254756909215287 0 0
8 0 41 0 8 41 31 30 1 1.4127254916248142 0 1.4127254916248169 0 1.4127254916248142 0 2.6645352591003757e-15
8 0 42 0 8 42 30 29 1 -0.6925078382886708 0 -0.69250783828867302 0 -0.6925078382886708 0 2.2204460492503131e-15
8 0 43 0 8 43 29 28 1 1.412805434823321 0 1.4128054348233245 0 1.412805434823321 0 3.5527136788005009e-15
8 0 44 0 8 44 28 27 1 -0.69238670518368572 0 -0.69238670518369061 0 -0.69238670518368572 0 4.8849813083506888e-15
8 0 45 0 8 45 27 26 1 1.412969260722523 0 1.4129692607225253 0 1.412969260722523 0 2.2204460492503131e-15
8 0 46 0 8 46 26 25 1 -0.69217811196996715 0 -0.69217811196997048 0 -0.69217811196996715 0 3.3306690738754696e-15
8 0 47 0 8 47 25 24 1 1.4132253331583424 0 1.4132253331583415 0 1.4132253331583424 0 8.8817841970012523e-16
8 0 48 0 8 48 24 23 1 -0.69187112178069776 0 -0.69187112178070287 0 -0.69187112178069776 0 5.1070259132757201e-15
8 0 49 0 8 49 23 22 1 1.4135875246411542 0 1.4135875246411573 0 1.4135875246411542 0 3.1086244689504383e-15
8 0 50 0 8 50 22 21 1 -0.69144844497275415 0 -0.69144844497276392 0 -0.69144844497275415 0 9.7699626167013776e-15
8 0 51 0 8 51 21 20 1 1.4140771750058097 0 1.4140771750058145 0 1.4140771750058097 0 4.8849813083506888e-15
8 0 52 0 8 52 20 19 1 -0.69088386103115262 0 -0.69088386103115063 0 -0.69088386103115262 0 1.9984014443252818e-15
8 0 53 0 8 53 19 18 1 1.4147264780329518 0 1.4147264780329598 0 1.4147264780329518 0 7.9936057773011271e-15
8 0 54 0 8 54 18 17 1 -0.6901377561362213 0 -0.6901377561362213 0 -0.6901377561362213 0 0
8 0 55 0 8 55 17 16 1 1.415584401425233 0 1.4155844014252348 0 1.415584401425233 0 1.7763568394002505e-15
8 0 56 0 8 56 16 15 1 -0.68914919296560939 0 -0.68914919296561961 0 -0.68914919296560939 0 1.021405182655144e-14
8 0 57 0 8 57 15 14 1 1.4167274407073669 0 1.4167274407073918 0 1.4167274407073669 0 2.4868995751603507e-14
8 0 58 0 8 58 14 13 1 -0.68782111261705625 0 -0.68782111261707468 0 -0.68782111261705625 0 1.8429702208777599e-14
8 0 59 0 8 59 13 12 1 1.418280333004784 0 1.4182803330047968 0 1.418280333004784 0 1.2878587085651816e-14
8 0 60 0 8 60 12 11 1 -0.68599076312992613 0 -0.6859907631299299 0 -0.68599076312992613 0 3.7747582837255322e-15
8 0 61 0 8 61 11 10 1 1.4204592435907357 0 1.4204592435907557 0 1.4204592435907357 0 1.9984014443252818e-14
8 0 62 0 8 62 10 9 1 -0.68336495168385192 0 -0.6833649516838608 0 -0.68336495168385192 0 8.8817841970012523e-15
8 0 63 0 8 63 9 8 1 1.423671853971749 0 1.423671853971769 0 1.423671853971749 0 1.9984014443252818e-14
8 0 0 1 8 64 8 40 -1 0.20703724960773262 0 -0.20703724960773262 0 -0.20703724960773262 0 0
8 0 1 1 8 65 7 39 -1 0.20703724960773262 0 -0.20703724960773262 0 -0.20703724960773262 0 0
8 0 2 1 8 66 6 38 -1 0.20703724960773262 0 -0.20703724960773262 0 -0.20703724960773262 0 0
8 0 3 1 8 67 5 37 -1 0.20703724960773262 0 -0.20703724960773262 0 -0.20703724960773262 0 0
8 0 4 1 8 68 4 36 -1 0.20703724960773262 0 -0.20703724960773262 0 -0.20703724960773262 0 0
8 0 5 1 8 69 3 35 -1 0.20703724960773262 0 -0.20703724960773262 0 -0.20703724960773262 0 0
8 0 6 1 8 70 2 34 -1 0.20703724960773262 0 -0.20703724960773262 0 -0.20703724960773262 0 0
8 0 7 1 8 71 1 33 -1 0.20703724960773262 0 -0.20703724960773262 0 -0.20703724960773262 0 0
8 0 8 1 8 72 0 32 1 0 0 0 0 0 0 0
8 0 9 1 8 73 1 33 1 0.20703724960773262 0 0.20703724960773262 0 0.20703724960773262 0 0
8 0 10 1 8 74 2 34 1 0.20703724960773262 0 0.20703724960773262 0 0.20703724960773262 0 0
8 0 11 1 8 75 3 35 1 0.20703724960773262 0 0.20703724960773262 0 0.20703724960773262 0 0
8 0 12 1 8 76 4 36 1 0.20703724960773262 0 0.20703724960773262 0 0.20703724960773262 0 0
8 0 13 1 8 77 5 37 1 0.20703724960773262 0 0.20703724960773262 0 0.20703724960773262 0 0
8 0 14 1 8 78 6 38 1 0.20703724960773262 0 0.20703724960773262 0 0.20703724960773262 0 0
8 0 15 1 8 79 7 39 1 0.20703724960773262 0 0.20703724960773262 0 0.20703724960773262 0 0
8 0 16 1 8 80 8 40 1 0.20703724960773262 0 0.20703724960773262 0 0.20703724960773262 0 0
8 0 17 1 8 81 9 41 1 0.20703724960773262 0 0.20703724960773262 0 0.20703724960773262 0 0
8 0 18 1 8 82 10 42 1 0.20703724960773262 0 0.20703724960773262 0 0.20703724960773262 0 0
8 0 19 1 8 83 11 43 1 0.20703724960773262 0 0.20703724960773262 0 0.20703724960773262 0 0
8 0 20 1 8 84 12 44 1 0.20703724960773262 0 0.20703724960773262 0 0.20703724960773262 0 0
8 0 21 1 8 85 13 45 1 0.20703724960773262 0 0.20703724960773262 0 0.20703724960773262 0 0
8 0 22 1 8 86 14 46 1 0.20703724960773262 0 0.20703724960773262 0 0.20703724960773262 0 0
8 0 23 1 8 87 15 47 1 0.20703724960773262 0 0.20703724960773262 0 0.20703724960773262 0 0
8 0 24 1 8 88 16 48 1 0.20703724960773262 0 0.20703724960773262 0 0.20703724960773262 0 0
8 0 25 1 8 89 17 49 1 0.20703724960773262 0 0.20703724960773262 0 0.20703724960773262 0 0
8 0 26 1 8 90 18 50 1 0.20703724960773262 0 0.20703724960773262 0 0.20703724960773262 0 0
8 0 27 1 8 91 19 51 1 0.20703724960773262 0 0.20703724960773262 0 0.20703724960773262 0 0
8 0 28 1 8 92 20 52 1 0.20703724960773262 0 0.20703724960773262 0 0.20703724960773262 0 0
8 0 29 1 8 93 21 53 1 0.20703724960773262 0 0.20703724960773262 0 0.20703724960773262 0 0
8 0 30 1 8 94 22 54 1 0.20703724960773262 0 0.20703724960773262 0 0.20703724960773262 0 0
8 0 31 1 8 95 23 55 1 0.20703724960773262 0 0.20703724960773262 0 0.20703724960773262 0 0
8 0 32 1 8 96 24 56 1 0.20703724960773262 0 0.20703724960773262 0 0.20703724960773262 0 0
8 0 33 1 8 97 25 57 1 0.20703724960773262 0 0.20703724960773262 0 0.20703724960773262 0 0
8 0 34 1 8 98 26 58 1 0.20703724960773262 0 0.20703724960773262 0 0.20703724960773262 0 0
8 0 35 1 8 99 27 59 1 0.20703724960773262 0 0.20703724960773262 0 0.20703724960773262 0 0
8 0 36 1 8 100 28 60 1 0.20703724960773262 0 0.20703724960773262 0 0.20703724960773262 0 0
8 0 37 1 8 101 29 61 1 0.20703724960773262 0 0.20703724960773262 0 0.20703724960773262 0 0
8 0 38 1 8 102 30 62 1 0.20703724960773262 0 0.20703724960773262 0 0.20703724960773262 0 0
8 0 39 1 8 103 31 63 1 0.20703724960773262 0 0.20703724960773262 0 0.20703724960773262 0 0
8 0 40 1 8 104 32 64 1 0.20703724960773262 0 0.20703724960773262 0 0.20703724960773262 0 0
8 0 41 1 8 105 31 63 1 0.20703724960773262 0 0.20703724960773262 0 0.20703724960773262 0 0
8 0 42 1 8 106 30 62 1 0.20703724960773262 0 0.20703724960773262 0 0.20703724960773262 0 0
8 0 43 1 8 107 29 61 1 0.20703724960773262 0 0.20703724960773262 0 0.20703724960773262 0 0
8 0 44 1 8 108 28 60 1 0.20703724960773262 0 0.20703724960773262 0 0.20703724960773262 0 0
8 0 45 1 8 109 27 59 1 0.20703724960773262 0 0.20703724960773262 0 0.20703724960773262 0 0
8 0 46 1 8 110 26 58 1 0.20703724960773262 0 0.20703724960773262 0 0.20703724960773262 0 0
8 0 47 1 8 111 25 57 1 0.20703724960773262 0 0.20703724960773262 0 0.20703724960773262 0 0
8 0 48 1 8 112 24 56 1 0.20703724960773262 0 0.20703724960773262 0 0.20703724960773262 0 0
8 0 49 1 8 113 23 55 1 0.20703724960773262 0 0.20703724960773262 0 0.20703724960773262 0 0
8 0 50 1 8 114 22 54 1 0.20703724960773262 0 0.20703724960773262 0 0.20703724960773262 0 0
8 0 51 1 8 115 21 53 1 0.20703724960773262 0 0.20703724960773262 0 0.20703724960773262 0 0
8 0 52 1 8 116 20 52 1 0.20703724960773262 0 0.20703724960773262 0 0.20703724960773262 0 0
8 0 53 1 8 117 19 51 1 0.20703724960773262 0 0.20703724960773262 0 0.20703724960773262 0 0
8 0 54 1 8 118 18 50 1 0.20703724960773262 0 0.20703724960773262 0 0.20703724960773262 0 0
8 0 55 1 8 119 17 49 1 0.20703724960773262 0 0.20703724960773262 0 0.20703724960773262 0 0
8 0 56 1 8 120 16 48 1 0.20703724960773262 0 0.20703724960773262 0 0.20703724960773262 0 0
8 0 57 1 8 121 15 47 1 0.20703724960773262 0 0.20703724960773262 0 0.20703724960773262 0 0
8 0 58 1 8 122 14 46 1 0.20703724960773262 0 0.20703724960773262 0 0.20703724960773262 0 0
8 0 59 1 8 123 13 45 1 0.20703724960773262 0 0.20703724960773262 0 0.20703724960773262 0 0
8 0 60 1 8 124 12 44 1 0.20703724960773262 0 0.20703724960773262 0 0.20703724960773262 0 0
8 0 61 1 8 125 11 43 1 0.20703724960773262 0 0.20703724960773262 0 0.20703724960773262 0 0
8 0 62 1 8 126 10 42 1 0.20703724960773262 0 0.20703724960773262 0 0.20703724960773262 0 0
8 0 63 1 8 127 9 41 1 0.20703724960773262 0 0.20703724960773262 0 0.20703724960773262 0 0
9 0 10 0 9 10 1 0 1 1.5483719497275521 0 1.5483719497275521 0 1.5483719497275521 0 0
9 0 11 0 9 11 2 1 1 -0.62106902470630421 0 -0.62106902470630421 0 -0.62106902470630421 0 0
9 0 12 0 9 12 3 2 1 1.4591568302030655 0 1.4591568302030655 0 1.4591568302030655 0 0
9 0 13 0 9 13 4 3 1 -0.65922634871850916 0 -0.65922634871850916 0 -0.65922634871850916 0 0
9 0 14 0 9 14 5 4 1 1.4380193841453996 0 1.4380193841453996 0 1.4380193841453996 0 0
9 0 15 0 9 15 6 5 1 -0.67262681213945552 0 -0.67262681213945552 0 -0.67262681213945552 0 0
9 0 16 0 9 16 7 6 1 1.4287857099143846 0 1.4287857099143846 0 1.4287857099143846 0 0
9 0 17 0 9 17 8 7 1 -0.67935965176948165 0 -0.67935965176948165 0 -0.67935965176948165 0 0
9 0 18 0 9 18 9 8 1 1.423671853971749 0 1.423671853971749 0 1.423671853971749 0 0
9 0 19 0 9 19 10 9 1 -0.68336495168385192 0 -0.68336495168385192 0 -0.68336495168385192 0 0
9 0 20 0 9 20 11 10 1 1.4204592435907357 0 1.4204592435907357 0 1.4204592435907357 0 0
9 0 21 0 9 21 12 11 1 -0.68599076312992613 0 -0.68599076312992613 0 -0.68599076312992613 0 0
9 0 22 0 9 22 13 12 1 1.418280333004784 0 1.418280333004784 0 1.418280333004784 0 0
9 0 23 0 9 23 14 13 1 -0.68782111261705625 0 -0.68782111261705625 0 -0.68782111261705625 0 0
9 0 24 0 9 24 15 14 1 1.4167274407073669 0 1.4167274407073669 0 1.4167274407073669 0 0
9 0 25 0 9 25 16 15 1 -0.68914919296560939 0 -0.68914919296560939 0 -0.68914919296560939 0 0
9 0 26 0 9 26 17 16 1 1.415584401425233 0 1.415584401425233 0 1.415584401425233 0 0
9 0 27 0 9 27 18 17 1 -0.6901377561362213 0 -0.6901377561362213 0 -0.6901377561362213 0 0
9 0 28 0 9 28 19 18 1 1.4147264780329518 0 1.4147264780329518 0 1.4147264780329518 0 0
9 0 29 0 9 29 20 19 1 -0.69088386103115262 0 -0.69088386103115262 0 -0.69088386103115262 0 0
9 0 30 0 9 30 21 20 1 1.4140771750058097 0 1.4140771750058097 0 1.4140771750058097 0 0
9 0 31 0 9 31 22 21 1 -0.69144844497275415 0 -0.69144844497275415 0 -0.69144844497275415 0 0
9 0 32 0 9 32 23 22 1 1.4135875246411542 0 1.4135875246411542 0 1.4135875246411542 0 0
9 0 33 0 9 33 24 23 1 -0.69187112178069776 0 -0.69187112178069776 0 -0.69187112178069776 0 0
9 0 34 0 9 34 25 24 1 1.4132253331583424 0 1.4132253331583424 0 1.4132253331583424 0 0
9 0 35 0 9 35 26 25 1 -0.69217811196996715 0 -0.69217811196996715 0 -0.69217811196996715 0 0
9 0 36 0 9 36 27 26 1 1.412969260722523 0 1.412969260722523 0 1.412969260722523 0 0
9 0 37 0 9 37 28 27 1 -0.69238670518368572 0 -0.69238670518368572 0 -0.69238670518368572 0 0
9 0 38 0 9 38 29 28 1 1.412805434823321 0 1.412805434823321 0 1.412805434823321 0 0
9 0 39 0 9 39 30 29 1 -0.6925078382886708 0 -0.6925078382886708 0 -0.6925078382886708 0 0
9 0 40 0 9 40 31 30 1 1.4127254916248142 0 1.4127254916248142 0 1.4127254916248142 0 0
9 0 41 0 9 41 32 31 1 -0.69254756909215287 0 -0.69254756909215287 0 -0.69254756909215287 0 0
9 0 42 0 9 42 31 30 1 1.4127254916248142 0 1.4127254916248169 0 1.4127254916248142 0 2.6645352591003757e-15
9 0 43 0 9 43 30 29 1 -0.6925078382886708 0 -0.69250783828867302 0 -0.6925078382886708 0 2.2204460492503131e-15
9 0 44 0 9 44 29 28 1 1.412805434823321 0 1.4128054348233245 0 1.412805434823321 0 3.5527136788005009e-15
9 0 45 0 9 45 28 27 1 -0.69238670518368572 0 -0.69238670518369061 0 -0.69238670518368572 0 4.8849813083506888e-15
9 0 46 0 9 46 27 26 1 1.412969260722523 0 1.4129692607225253 0 1.412969260722523 0 2.2204460492503131e-15
9 0 47 0 9 47 26 25 1 -0.69217811196996715 0 -0.69217811196997048 0 -0.69217811196996715 0 3.3306690738754696e-15
9 0 48 0 9 48 25 24 1 1.4132253331583424 0 1.4132253331583415 0 1.4132253331583424 0 8.8817841970012523e-16
9 0 49 0 9 49 24 23 1 -0.69187112178069776 0 -0.69187112178070287 0 -0.69187112178069776 0 5.1070259132757201e-15
9 0 50 0 9 50 23 22 1 1.4135875246411542 0 1.4135875246411573 0 1.4135875246411542 0 3.1086244689504383e-15
9 0 51 0 9 51 22 21 1 -0.69144844497275415 0 -0.69144844497276392 0 -0.69144844497275415 0 9.7699626167013776e-15
9 0 52 0 9 52 21 20 1 1.4140771750058097 0 1.4140771750058145 0 1.4140771750058097 0 4.8849813083506888e-15
9 0 53 0 9 53 20 19 1 -0.69088386103115262 0 -0.69088386103115063 0 -0.69088386103115262 0 1.9984014443252818e-15
9 0 54 0 9 54 19 18 1 1.4147264780329518 0 1.4147264780329598 0 1.4147264780329518 0 7.9936057773011271e-15
9 0 55 0 9 55 18 17 1 -0.6901377561362213 0 -0.6901377561362213 0 -0.6901377561362213 0 0
9 0 56 0 9 56 17 16 1 1.415584401425233 0 1.4155844014252348 0 1.415584401425233 0 1.7763568394002505e-15
9 0 57 0 9 57 16 15 1 -0.68914919296560939 0 -0.68914919296561961 0 -0.68914919296560939 0 1.021405182655144e-14
9 0 58 0 9 58 15 14 1 1.4167274407073669 0 1.4167274407073918 0 1.4167274407073669 0 2.4868995751603507e-14
9 0 59 0 9 59 14 13 1 -0.68782111261705625 0 -0.68782111261707468 0 -0.68782111261705625 0 1.8429702208777599e-14
9 0 60 0 9 60 13 12 1 1.418280333004784 0 1.4182803330047968 0 1.418280333004784 0 1.2878587085651816e-14
9 0 61 0 9 61 12 11 1 -0.68599076312992613 0 -0.6859907631299299 0 -0.68599076312992613 0 3.7747582837255322e-15
9 0 62 0 9 62 11 10 1 1.4204592435907357 0 1.4204592435907557 0 1.4204592435907357 0 1.9984014443252818e-14
9 0 63 0 9 63 10 9 1 -0.68336495168385192 0 -0.6833649516838608 0 -0.68336495168385192 0 8.8817841970012523e-15
9 0 0 1 9 64 9 41 -1 0.20703724960773262 0 -0.20703724960773262 0 -0.20703724960773262 0 0
9 0 1 1 9 65 8 40 -1 0.20703724960773262 0 -0.20703724960773262 0 -0.20703724960773262 0 0
9 0 2 1 9 66 7 39 -1 0.20703724960773262 0 -0.20703724960773262 0 -0.20703724960773262 0 0
9 0 3 1 9 67 6 38 -1 0.20703724960773262 0 -0.20703724960773262 0 -0.20703724960773262 0 0
9 0 4 1 9 68 5 37 -1 0.20703724960773262 0 -0.20703724960773262 0 -0.20703724960773262 0 0
9 0 5 1 9 69 4 36 -1 0.20703724960773262 0 -0.20703724960773262 0 -0.20703724960773262 0 0
9 0 6 1 9 70 3 35 -1 0.20703724960773262 0 -0.20703724960773262 0 -0.20703724960773262 0 0
9 0 7 1 9 71 2 34 -1 0.20703724960773262 0 -0.20703724960773262 0 -0.20703724960773262 0 0
9 0 8 1 9 72 1 33 -1 0.20703724960773262 0 -0.20703724960773262 0 -0.20703724960773262 0 0
9 0 9 1 9 73 0 32 1 0 0 0 0 0 0 0
9 0 10 1 9 74 1 33 1 0.20703724960773262 0 0.20703724960773262 0 0.20703724960773262 0 0
9 0 11 1 9 75 2 34 1 0.20703724960773262 0 0.20703724960773262 0 0.20703724960773262 0 0
9 0 12 1 9 76 3 35 1 0.20703724960773262 0 0.20703724960773262 0 0.20703724960773262 0 0
9 0 13 1 9 77 4 36 1 0.20703724960773262 0 0.20703724960773262 0 0.20703724960773262 0 0
9 0 14 1 9 78 5 37 1 0.20703724960773262 0 0.20703724960773262 0 0.20703724960773262 0 0
9 0 15 1 9 79 6 38 1 0.20703724960773262 0 0.20703724960773262 0 0.20703724960773262 0 0
9 0 16 1 9 80 7 39 1 0.20703724960773262 0 0.20703724960773262 0 0.20703724960773262 0 0
9 0 17 1 9 81 8 40 1 0.20703724960773262 0 0.20703724960773262 0 0.20703724960773262 0 0
9 0 18 1 9 82 9 41 1 0.20703724960773262 0 0.20703724960773262 0 0.20703724960773262 0 0
9 0 19 1 9 83 10 42 1 0.20703724960773262 0 0.20703724960773262 0 0.20703724960773262 0 0
9 0 20 1 9 84 11 43 1 0.20703724960773262 0 0.20703724960773262 0 0.20703724960773262 0 0
9 0 21 1 9 85 12 44 1 0.20703724960773262 0 0.20703724960773262 0 0.20703724960773262 0 0
9 0 22 1 9 86 13 45 1 0.20703724960773262 0 0.20703724960773262 0 0.20703724960773262 0 0
9 0 23 1 9 87 14 46 1 0.20703724960773262 0 0.20703724960773262 0 0.20703724960773262 0 0
9 0 24 1 9 88 15 47 1 0.20703724960773262 0 0.20703724960773262 0 0.20703724960773262 0 0
9 0 25 1 9 89 16 48 1 0.20703724960773262 0 0.20703724960773262 0 0.20703724960773262 0 0
9 0 26 1 9 90 17 49 1 0.20703724960773262 0 0.20703724960773262 0 0.20703724960773262 0 0
9 0 27 1 9 91 18 50 1 0.20703724960773262 0 0.20703724960773262 0 0.20703724960773262 0 0
9 0 28 1 9 92 19 51 1 0.20703724960773262 0 0.20703724960773262 0 0.20703724960773262 0 0
9 0 29 1 9 93 20 52 1 0.20703724960773262 0 0.20703724960773262 0 0.20703724960773262 0 0
9 0 30 1 9 94 21 53 1 0.20703724960773262 0 0.20703724960773262 0 0.20703724960773262 0 0
9 0 31 1 9 95 22 54 1 0.20703724960773262 0 0.20703724960773262 0 0.20703724960773262 0 0
9 0 32 1 9 96 23 55 1 0.20703724960773262 0 0.20703724960773262 0 0.20703724960773262 0 0
9 0 33 1 9 97 24 56 1 0.20703724960773262 0 0.20703724960773262 0 0.20703724960773262 0 0
9 0 34 1 9 98 25 57 1 0.20703724960773262 0 0.20703724960773262 0 0.20703724960773262 0 0
9 0 35 1 9 99 26 58 1 0.20703724960773262 0 0.20703724960773262 0 0.20703724960773262 0 0
9 0 36 1 9 100 27 59 1 0.20703724960773262 0 0.20703724960773262 0 0.20703724960773262 0 0
9 0 37 1 9 101 28 60 1 0.20703724960773262 0 0.20703724960773262 0 0.20703724960773262 0 0
9 0 38 1 9 102 29 61 1 0.20703724960773262 0 0.20703724960773262 0 0.20703724960773262 0 0
9 0 39 1 9 103 30 62 1 0.20703724960773262 0 0.20703724960773262 0 0.20703724960773262 0 0
9 0 40 1 9 104 31 63 1 0.20703724960773262 0 0.20703724960773262 0 0.20703724960773262 0 0
9 0 41 1 9 105 32 64 1 0.20703724960773262 0 0.20703724960773262 0 0.20703724960773262 0 0
9 0 42 1 9 106 31 63 1 0.20703724960773262 0 0.20703724960773262 0 0.20703724960773262 0 0
9 0 43 1 9 107 30 62 1 0.20703724960773262 0 0.20703724960773262 0 0.20703724960773262 0 0
9 0 44 1 9 108 29 61 1 0.20703724960773262 0 0.20703724960773262 0 0.20703724960773262 0 0
9 0 45 1 9 109 28 60 1 0.20703724960773262 0 0.20703724960773262 0 0.20703724960773262 0 0
9 0 46 1 9 110 27 59 1 0.20703724960773262 0 0.20703724960773262 0 0.20703724960773262 0 0
9 0 47 1 9 111 26 58 1 0.20703724960773262 0 0.20703724960773262 0 0.20703724960773262 0 0
9 0 48 1 9 112 25 57 1 0.20703724960773262 0 0.20703724960773262 0 0.20703724960773262 0 0
9 0 49 1 9 113 24 56 1 0.20703724960773262 0 0.20703724960773262 0 0.20703724960773262 0 0
9 0 50 1 9 114 23 55 1 0.20703724960773262 0 0.20703724960773262 0 0.20703724960773262 0 0
9 0 51 1 9 115 22 54 1 0.20703724960773262 0 0.20703724960773262 0 0.20703724960773262 0 0
9 0 52 1 9 116 21 53 1 0.20703724960773262 0 0.20703724960773262 0 0.20703724960773262 0 0
9 0 53 1 9 117 20 52 1 0.20703724960773262 0 0.20703724960773262 0 0.20703724960773262 0 0
9 0 54 1 9 118 19 51 1 0.20703724960773262 0 0.20703724960773262 0 0.20703724960773262 0 0
9 0 55 1 9 119 18 50 1 0.20703724960773262 0 0.20703724960773262 0 0.20703724960773262 0 0
9 0 56 1 9 120 17 49 1 0.20703724960773262 0 0.20703724960773262 0 0.20703724960773262 0 0
9 0 57 1 9 121 16 48 1 0.20703724960773262 0 0.20703724960773262 0 0.20703724960773262 0 0
9 0 58 1 9 122 15 47 1 0.20703724960773262 0 0.20703724960773262 0 0.20703724960773262 0 0
9 0 59 1 9 123 14 46 1 0.20703724960773262 0 0.20703724960773262 0 0.20703724960773262 0 0
9 0 60 1 9 124 13 45 1 0.20703724960773262 0 0.20703724960773262 0 0.20703724960773262 0 0
9 0 61 1 9 125 12 44 1 0.20703724960773262 0 0.20703724960773262 0 0.20703724960773262 0 0
9 0 62 1 9 126 11 43 1 0.20703724960773262 0 0.20703724960773262 0 0.20703724960773262 0 0
9 0 63 1 9 127 10 42 1 0.20703724960773262 0 0.20703724960773262 0 0.20703724960773262 0 0
10 0 11 0 10 11 1 0 1 1.5483719497275521 0 1.5483719497275521 0 1.5483719497275521 0 0
10 0 12 0 10 12 2 1 1 -0.62106902470630421 0 -0.62106902470630421 0 -0.62106902470630421 0 0
10 0 13 0 10 13 3 2 1 1.4591568302030655 0 1.4591568302030655 0 1.4591568302030655 0 0
10 0 14 0 10 14 4 3 1 -0.65922634871850916 0 -0.65922634871850916 0 -0.65922634871850916 0 0
10 0 15 0 10 15 5 4 1 1.4380193841453996 0 1.4380193841453996 0 1.4380193841453996 0 0
10 0 16 0 10 16 6 5 1 -0.67262681213945552 0 -0.67262681213945552 0 -0.67262681213945552 0 0
10 0 17 0 10 17 7 6 1 1.4287857099143846 0 1.4287857099143846 0 1.4287857099143846 0 0
10 0 18 0 10 18 8 7 1 -0.67935965176948165 0 -0.67935965176948165 0 -0.67935965176948165 0 0
10 0 19 0 10 19 9 8 1 1.423671853971749 0 1.423671853971749 0 1.423671853971749 0 0
10 0 20 0 10 20 10 9 1 -0.68336495168385192 0 -0.68336495168385192 0 -0.68336495168385192 0 0
10 0 21 0 10 21 11 10 1 1.4204592435907357 0 1.4204592435907357 0 1.4204592435907357 0 0
10 0 22 0 10 22 12 11 1 -0.68599076312992613 0 -0.68599076312992613 0 -0.68599076312992613 0 0
10 0 23 0 10 23 13 12 1 1.418280333004784 0 1.418280333004784 0 1.418280333004784 0 0
10 0 24 0 10 24 14 13 1 -0.68782111261705625 0 -0.68782111261705625 0 -0.68782111261705625 0 0
10 0 25 0 10 25 15 14 1 1.4167274407073669 0 1.4167274407073669 0 1.4167274407073669 0 0
10 0 26 0 10 26 16 15 1 -0.68914919296560939 0 -0.68914919296560939 0 -0.68914919296560939 0 0
10 0 27 0 10 27 17 16 1 1.415584401425233 0 1.415584401425233 0 1.415584401425233 0 0
10 0 28 0 10 28 18 17 1 -0.6901377561362213 0 -0.6901377561362213 0 -0.6901377561362213 0 0
10 0 29 0 10 29 19 18 1 1.4147264780329518 0 1.4147264780329518 0 1.4147264780329518 0 0
10 0 30 0 10 30 20 19 1 -0.69088386103115262 0 -0.69088386103115262 0 -0.69088386103115262 0 0
10 0 31 0 10 31 21 20 1 1.4140771750058097 0 1.4140771750058097 0 1.4140771750058097 0 0
10 0 32 0 10 32 22 21 1 -0.69144844497275415 0 -0.69144844497275415 0 -0.69144844497275415 0 0
10 0 33 0 10 33 23 22 1 1.4135875246411542 0 1.4135875246411542 0 1.4135875246411542 0 0
10 0 34 0 10 34 24 23 1 -0.69187112178069776 0 -0.69187112178069776 0 -0.69187112178069776 0 0
10 0 35 0 10 35 25 24 1 1.4132253331583424 0 1.4132253331583424 0 1.4132253331583424 0 0
10 0 36 0 10 36 26 25 1 -0.69217811196996715 0 -0.69217811196996715 0 -0.69217811196996715 0 0
10 0 37 0 10 37 27 26 1 1.412969260722523 0 1.412969260722523 0 1.412969260722523 0 0
10 0 38 0 10 38 28 27 1 -0.69238670518368572 0 -0.69238670518368572 0 -0.69238670518368572 0 0
10 0 39 0 10 39 29 28 1 1.412805434823321 0 1.412805434823321 0 1.412805434823321 0 0
10 0 40 0 10 40 30 29 1 -0.6925078382886708 0 -0.6925078382886708 0 -0.6925078382886708 0 0
10 0 41 0 10 41 31 30 1 1.4127254916248142 0 1.4127254916248142 0 1.4127254916248142 0 0
10 0 42 0 10 42 32 31 1 -0.69254756909215287 0 -0.69254756909215287 0 -0.69254756909215287 0 0
10 0 43 0 10 43 31 30 1 1.4127254916248142 0 1.4127254916248169 0 1.4127254916248142 0 2.6645352591003757e-15
10 0 44 0 10 44 30 29 1 -0.6925078382886708 0 -0.69250783828867302 0 -0.6925078382886708 0 2.2204460492503131e-15
10 0 45 0 10 45 29 28 1 1.412805434823321 0 1.4128054348233245 0 1.412805434823321 0 3.5527136788005009e-15
10 0 46 0 10 46 28 27 1 -0.69238670518368572 0 -0.69238670518369061 0 -0.69238670518368572 0 4.8849813083506888e-15
10 0 47 0 10 47 27 26 1 1.412969260722523 0 1.4129692607225253 0 1.412969260722523 0 2.2204460492503131e-15
10 0 48 0 10 48 26 25 1 -0.69217811196996715 0 -0.69217811196997048 0 -0.69217811196996715 0 3.3306690738754696e-15
10 0 49 0 10 49 25 24 1 1.4132253331583424 0 1.4132253331583415 0 1.4132253331583424 0 8.8817841970012523e-16
10 0 50 0 10 50 24 23 1 -0.69187112178069776 0 -0.69187112178070287 0 -0.69187112178069776 0 5.1070259132757201e-15
10 0 51 0 10 51 23 22 1 1.4135875246411542 0 1.4135875246411573 0 1.4135875246411542 0 3.1086244689504383e-15
10 0 52 0 10 52 22 21 1 -0.69144844497275415 0 -0.69144844497276392 0 -0.69144844497275415 0 9.7699626167013776e-15
10 0 53 0 10 53 21 20 1 1.4140771750058097 0 1.4140771750058145 0 1.4140771750058097 0 4.8849813083506888e-15
10 0 54 0 10 54 20 19 1 -0.69088386103115262 0 -0.69088386103115063 0 -0.69088386103115262 0 1.9984014443252818e-15
10 0 55 0 10 55 19 18 1 1.4147264780329518 0 1.4147264780329598 0 1.4147264780329518 0 7.9936057773011271e-15
10 0 56 0 10 56 18 17 1 -0.6901377561362213 0 -0.6901377561362213 0 -0.6901377561362213 0 0
10 0 57 0 10 57 17 16 1 1.415584401425233 0 1.4155844014252348 0 1.415584401425233 0 1.7763568394002505e-15
10 0 58 0 10 58 16 15 1 -0.68914919296560939 0 -0.68914919296561961 0 -0.68914919296560939 0 1.021405182655144e-14
10 0 59 0 10 59 15 14 1 1.4167274407073669 0 1.4167274407073918 0 1.4167274407073669 0 2.4868995751603507e-14
10 0 60 0 10 60 14 13 1 -0.68782111261705625 0 -0.68782111261707468 0 -0.68782111261705625 0 1.8429702208777599e-14
10 0 61 0 10 61 13 12 1 1.418280333004784 0 1.4182803330047968 0 1.418280333004784 0 1.2878587085651816e-14
10 0 62 0 10 62 12 11 1 -0.68599076312992613 0 -0.6859907631299299 0 -0.68599076312992613 0 3.7747582837255322e-15
10 0 63 0 10 63 11 10 1 1.4204592435907357 0 1.4204592435907557 0 1.4204592435907357 0 1.9984014443252818e-14
10 0 0 1 10 64 10 42 -1 0.20703724960773262 0 -0.20703724960773262 0 -0.20703724960773262 0 0
10 0 1 1 10 65 9 41 -1 0.20703724960773262 0 -0.20703724960773262 0 -0.20703724960773262 0 0
10 0 2 1 10 66 8 40 -1 0.20703724960773262 0 -0.20703724960773262 0 -0.20703724960773262 0 0
10 0 3 1 10 67 7 39 -1 0.20703724960773262 0 -0.20703724960773262 0 -0.20703724960773262 0 0
10 0 4 1 10 68 6 38 -1 0.20703724960773262 0 -0.20703724960773262 0 -0.20703724960773262 0 0
10 0 5 1 10 69 5 37 -1 0.20703724960773262 0 -0.20703724960773262 0 -0.20703724960773262 0 0
10 0 6 1 10 70 4 36 -1 0.20703724960773262 0 -0.20703724960773262 0 -0.20703724960773262 0 0
10 0 7 1 10 71 3 35 -1 0.20703724960773262 0 -0.20703724960773262 0 -0.20703724960773262 0 0
10 0 8 1 10 72 2 34 -1 0.20703724960773262 0 -0.20703724960773262 0 -0.20703724960773262 0 0
10 0 9 1 10 73 1 33 -1 0.20703724960773262 0 -0.20703724960773262 0 -0.20703724960773262 0 0
10 0 10 1 10 74 0 32 1 0 0 0 0 0 0 0
10 0 11 1 10 75 1 33 1 0.20703724960773262 0 0.20703724960773262 0 0.20703724960773262 0 0
10 0 12 1 10 76 2 34 1 0.20703724960773262 0 0.20703724960773262 0 0.20703724960773262 0 0
10 0 13 1 10 77 3 35 1 0.20703724960773262 0 0.20703724960773262 0 0.20703724960773262 0 0
10 0 14 1 10 78 4 36 1 0.20703724960773262 0 0.20703724960773262 0 0.20703724960773262 0 0
10 0 15 1 10 79 5 37 1 0.20703724960773262 0 0.20703724960773262 0 0.20703724960773262 0 0
10 0 16 1 10 80 6 38 1 0.20703724960773262 0 0.20703724960773262 0 0.20703724960773262 0 0
10 0 17 1 10 81 7 39 1 0.20703724960773262 0 0.20703724960773262 0 0.20703724960773262 0 0
10 0 18 1 10 82 8 40 1 0.20703724960773262 0 0.20703724960773262 0 0.20703724960773262 0 0
10 0 19 1 10 83 9 41 1 0.20703724960773262 0 0.20703724960773262 0 0.20703724960773262 0 0
10 0 20 1 10 84 10 42 1 0.20703724960773262 0 0.20703724960773262 0 0.20703724960773262 0 0
10 0 21 1 10 85 11 43 1 0.20703724960773262 0 0.20703724960773262 0 0.20703724960773262 0 0
10 0 22 1 10 86 12 44 1 0.20703724960773262 0 0.20703724960773262 0 0.20703724960773262 0 0
10 0 23 1 10 87 13 45 1 0.20703724960773262 0 0.20703724960773262 0 0.20703724960773262 0 0
10 0 24 1 10 88 14 46 1 0.20703724960773262 0 0.20703724960773262 0 0.20703724960773262 0 0
10 0 25 1 10 89 15 47 1 0.20703724960773262 0 0.20703724960773262 0 0.20703724960773262 0 0
10 0 26 1 10 90 16 48 1 0.20703724960773262 0 0.20703724960773262 0 0.20703724960773262 0 0
10 0 27 1 10 91 17 49 1 0.20703724960773262 0 0.20703724960773262 0 0.20703724960773262 0 0
10 0 28 1 10 92 18 50 1 0.20703724960773262 0 0.20703724960773262 0 0.20703724960773262 0 0
10 0 29 1 10 93 19 51 1 0.20703724960773262 0 0.20703724960773262 0 0.20703724960773262 0 0
10 0 30 1 10 94 20 52 1 0.20703724960773262 0 0.20703724960773262 0 0.20703724960773262 0 0
10 0 31 1 10 95 21 53 1 0.20703724960773262 0 0.20703724960773262 0 0.20703724960773262 0 0
10 0 32 1 10 96 22 54 1 0.20703724960773262 0 0.20703724960773262 0 0.20703724960773262 0 0
10 0 33 1 10 97 23 55 1 0.20703724960773262 0 0.20703724960773262 0 0.20703724960773262 0 0
10 0 34 1 10 98 24 56 1 0.20703724960773262 0 0.20703724960773262 0 0.20703724960773262 0 0
10 0 35 1 10 99 25 57 1 0.20703724960773262 0 0.20703724960773262 0 0.20703724960773262 0 0
10 0 36 1 10 100 26 58 1 0.20703724960773262 0 0.20703724960773262 0 0.20703724960773262 0 0
10 0 37 1 10 101 27 59 1 0.20703724960773262 0 0.20703724960773262 0 0.20703724960773262 0 0
10 0 38 1 10 102 28 60 1 0.20703724960773262 0 0.20703724960773262 0 0.20703724960773262 0 0
10 0 39 1 10 103 29 61 1 0.20703724960773262 0 0.20703724960773262 0 0.20703724960773262 0 0
10 0 40 1 10 104 30 62 1 0.20703724960773262 0 0.20703724960773262 0 0.20703724960773262 0 0
10 0 41 1 10 105 31 63 1 0.20703724960773262 0 0.20703724960773262 0 0.20703724960773262 0 0
10 0 42 1 10 106 32 64 1 0.20703724960773262 0 0.20703724960773262 0 0.20703724960773262 0 0
10 0 43 1 10 107 31 63 1 0.20703724960773262 0 0.20703724960773262 0 0.20703724960773262 0 0
10 0 44 1 10 108 30 62 1 0.20703724960773262 0 0.20703724960773262 0 0.20703724960773262 0 0
10 0 45 1 10 109 29 61 1 0.20703724960773262 0 0.20703724960773262 0 0.20703724960773262 0 0
10 0 46 1 10 110 28 60 1 0.20703724960773262 0 0.20703724960773262 0 0.20703724960773262 0 0
10 0 47 1 10 111 27 59 1 0.20703724960773262 0 0.20703724960773262 0 0.20703724960773262 0 0
10 0 48 1 10 112 26 58 1 0.20703724960773262 0 0.20703724960773262 0 0.20703724960773262 0 0
10 0 49 1 10 113 25 57 1 0.20703724960773262 0 0.20703724960773262 0 0.20703724960773262 0 0
10 0 50 1 10 114 24 56 1 0.20703724960773262 0 0.20703724960773262 0 0.20703724960773262 0 0
10 0 51 1 10 115 23 55 1 0.20703724960773262 0 0.20703724960773262 0 0.20703724960773262 0 0
10 0 52 1 10 116 22 54 1 0.20703724960773262 0 0.20703724960773262 0 0.20703724960773262 0 0
10 0 53 1 10 117 21 53 1 0.20703724960773262 0 0.20703724960773262 0 0.20703724960773262 0 0
10 0 54 1 10 118 20 52 1 0.20703724960773262 0 0.20703724960773262 0 0.20703724960773262 0 0
10 0 55 1 10 119 19 51 1 0.20703724960773262 0 0.20703724960773262 0 0.20703724960773262 0 0
10 0 56 1 10 120 18 50 1 0.20703724960773262 0 0.20703724960773262 0 0.20703724960773262 0 0
10 0 57 1 10 121 17 49 1 0.20703724960773262 0 0.20703724960773262 0 0.20703724960773262 0 0
10 0 58 1 10 122 16 48 1 0.20703724960773262 0 0.20703724960773262 0 0.20703724960773262 0 0
10 0 59 1 10 123 15 47 1 0.20703724960773262 0 0.20703724960773262 0 0.20703724960773262 0 0
10 0 60 1 10 124 14 46 1 0.20703724960773262 0 0.20703724960773262 0 0.20703724960773262 0 0
10 0 61 1 10 125 13 45 1 0.20703724960773262 0 0.20703724960773262 0 0.20703724960773262 0 0
10 0 62 1 10 126 12 44 1 0.20703724960773262 0 0.20703724960773262 0 0.20703724960773262 0 0
10 0 63 1 10 127 11 43 1 0.20703724960773262 0 0.20703724960773262 0 0.20703724960773262 0 0
11 0 12 0 11 12 1 0 1 1.5483719497275521 0 1.5483719497275521 0 1.5483719497275521 0 0
11 0 13 0 11 13 2 1 1 -0.62106902470630421 0 -0.62106902470630421 0 -0.62106902470630421 0 0
11 0 14 0 11 14 3 2 1 1.4591568302030655 0 1.4591568302030655 0 1.4591568302030655 0 0
11 0 15 0 11 15 4 3 1 -0.65922634871850916 0 -0.65922634871850916 0 -0.65922634871850916 0 0
11 0 16 0 11 16 5 4 1 1.4380193841453996 0 1.4380193841453996 0 1.4380193841453996 0 0
11 0 17 0 11 17 6 5 1 -0.67262681213945552 0 -0.67262681213945552 0 -0.67262681213945552 0 0
11 0 18 0 11 18 7 6 1 1.4287857099143846 0 1.4287857099143846 0 1.4287857099143846 0 0
11 0 19 0 11 19 8 7 1 -0.67935965176948165 0 -0.67935965176948165 0 -0.67935965176948165 0 0
11 0 20 0 11 20 9 8 1 1.423671853971749 0 1.423671853971749 0 1.423671853971749 0 0
11 0 21 0 11 21 10 9 1 -0.68336495168385192 0 -0.68336495168385192 0 -0.68336495168385192 0 0
11 0 22 0 11 22 11 10 1 1.4204592435907357 0 1.4204592435907357 0 1.4204592435907357 0 0
11 0 23 0 11 23 12 11 1 -0.68599076312992613 0 -0.68599076312992613 0 -0.68599076312992613 0 0
11 0 24 0 11 24 13 12 1 1.418280333004784 0 1.418280333004784 0 1.418280333004784 0 0
11 0 25 0 11 25 14 13 1 -0.68782111261705625 0 -0.68782111261705625 0 -0.68782111261705625 0 0
11 0 26 0 11 26 15 14 1 1.4167274407073669 0 1.4167274407073669 0 1.4167274407073669 0 0
11 0 27 0 11 27 16 15 1 -0.68914919296560939 0 -0.68914919296560939 0 -0.68914919296560939 0 0
11 0 28 0 11 28 17 16 1 1.415584401425233 0 1.415584401425233 0 1.415584401425233 0 0
11 0 29 0 11 29 18 17 1 -0.6901377561362213 0 -0.6901377561362213 0 -0.6901377561362213 0 0
11 0 30 0 11 30 19 18 1 1.4147264780329518 0 1.4147264780329518 0 1.4147264780329518 0 0
11 0 31 0 11 31 20 19 1 -0.69088386103115262 0 -0.69088386103115262 0 -0.69088386103115262 0 0
11 0 32 0 11 32 21 20 1 1.4140771750058097 0 1.4140771750058097 0 1.4140771750058097 0 0
11 0 33 0 11 33 22 21 1 -0.69144844497275415 0 -0.69144844497275415 0 -0.69144844497275415 0 0
11 0 34 0 11 34 23 22 1 1.4135875246411542 0 1.4135875246411542 0 1.4135875246411542 0 0
11 0 35 0 11 35 24 23 1 -0.69187112178069776 0 -0.69187112178069776 0 -0.69187112178069776 0 0
11 0 36 0 11 36 25 24 1 1.4132253331583424 0 1.4132253331583424 0 1.4132253331583424 0 0
11 0 37 0 11 37 26 25 1 -0.69217811196996715 0 -0.69217811196996715 0 -0.69217811196996715 0 0
11 0 38 0 11 38 27 26 1 1.412969260722523 0 1.412969260722523 0 1.412969260722523 0 0
11 0 39 0 11 39 28 27 1 -0.69238670518368572 0 -0.69238670518368572 0 -0.69238670518368572 0 0
11 0 40 0 11 40 29 28 1 1.412805434823321 0 1.412805434823321 0 1.412805434823321 0 0
11 0 41 0 11 41 30 29 1 -0.6925078382886708 0 -0.6925078382886708 0 -0.6925078382886708 0 0
11 0 42 0 11 42 31 30 1 1.4127254916248142 0 1.4127254916248142 0 1.4127254916248142 0 0
11 0 43 0 11 43 32 31 1 -0.69254756909215287 0 -0.69254756909215287 0 -0.69254756909215287 0 0
11 0 44 0 11 44 31 30 1 1.4127254916248142 0 1.4127254916248169 0 1.4127254916248142 0 2.6645352591003757e-15
11 0 45 0 11 45 30 29 1 -0.6925078382886708 0 -0.69250783828867302 0 -0.6925078382886708 0 2.2204460492503131e-15
11 0 46 0 11 46 29 28 1 1.412805434823321 0 1.4128054348233245 0 1.412805434823321 0 3.5527136788005009e-15
11 0 47 0 11 47 28 27 1 -0.69238670518368572 0 -0.69238670518369061 0 -0.69238670518368572 0 4.8849813083506888e-15
11 0 48 0 11 48 27 26 1 1.412969260722523 0 1.4129692607225253 0 1.412969260722523 0 2.2204460492503131e-15
11 0 49 0 11 49 26 25 1 -0.69217811196996715 0 -0.69217811196997048 0 -0.69217811196996715 0 3.3306690738754696e-15
11 0 50 0 11 50 25 24 1 1.4132253331583424 0 1.4132253331583415 0 1.4132253331583424 0 8.8817841970012523e-16
11 0 51 0 11 51 24 23 1 -0.69187112178069776 0 -0.69187112178070287 0 -0.69187112178069776 0 5.1070259132757201e-15
11 0 52 0 11 52 23 22 1 1.4135875246411542 0 1.4135875246411573 0 1.4135875246411542 0 3.1086244689504383e-15
11 0 53 0 11 53 22 21 1 -0.69144844497275415 0 -0.69144844497276392 0 -0.69144844497275415 0 9.7699626167013776e-15
11 0 54 0 11 54 21 20 1 1.4140771750058097 0 1.4140771750058145 0 1.4140771750058097 0 4.8849813083506888e-15
11 0 55 0 11 55 20 19 1 -0.69088386103115262 0 -0.69088386103115063 0 -0.69088386103115262 0 1.9984014443252818e-15
11 0 56 0 11 56 19 18 1 1.4147264780329518 0 1.4147264780329598 0 1.4147264780329518 0 7.9936057773011271e-15
11 0 57 0 11 57 18 17 1 -0.6901377561362213 0 -0.6901377561362213 0 -0.6901377561362213 0 0
11 0 58 0 11 58 17 16 1 1.415584401425233 0 1.4155844014252348 0 1.415584401425233 0 1.7763568394002505e-15
11 0 59 0 11 59 16 15 1 -0.68914919296560939 0 -0.68914919296561961 0 -0.68914919296560939 0 1.021405182655144e-14
11 0 60 0 11 60 15 14 1 1.4167274407073669 0 1.4167274407073918 0 1.4167274407073669 0 2.4868995751603507e-14
11 0 61 0 11 61 14 13 1 -0.68782111261705625 0 -0.68782111261707468 0 -0.68782111261705625 0 1.8429702208777599e-14
11 0 62 0 11 62 13 12 1 1.418280333004784 0 1.4182803330047968 0 1.418280333004784 0 1.2878587085651816e-14
11 0 63 0 11 63 12 11 1 -0.68599076312992613 0 -0.6859907631299299 0 -0.68599076312992613 0 3.7747582837255322e-15
11 0 0 1 11 64 11 43 -1 0.20703724960773262 0 -0.20703724960773262 0 -0.20703724960773262 0 0
11 0 1 1 11 65 10 42 -1 0.20703724960773262 0 -0.20703724960773262 0 -0.20703724960773262 0 0
11 0 2 1 11 66 9 41 -1 0.20703724960773262 0 -0.20703724960773262 0 -0.20703724960773262 0 0
11 0 3 1 11 67 8 40 -1 0.20703724960773262 0 -0.20703724960773262 0 -0.20703724960773262 0 0
11 0 4 1 11 68 7 39 -1 0.20703724960773262 0 -0.20703724960773262 0 -0.20703724960773262 0 0
11 0 5 1 11 69 6 38 -1 0.20703724960773262 0 -0.20703724960773262 0 -0.20703724960773262 0 0
11 0 6 1 11 70 5 37 -1 0.20703724960773262 0 -0.20703724960773262 0 -0.20703724960773262 0 0
11 0 7 1 11 71 4 36 -1 0.20703724960773262 0 -0.20703724960773262 0 -0.20703724960773262 0 0
11 0 8 1 11 72 3 35 -1 0.20703724960773262 0 -0.20703724960773262 0 -0.20703724960773262 0 0
11 0 9 1 11 73 2 34 -1 0.20703724960773262 0 -0.20703724960773262 0 -0.20703724960773262 0 0
11 0 10 1 11 74 1 33 -1 0.20703724960773262 0 -0.20703724960773262 0 -0.20703724960773262 0 0
11 0 11 1 11 75 0 32 1 0 0 0 0 0 0 0
11 0 12 1 11 76 1 33 1 0.20703724960773262 0 0.20703724960773262 0 0.20703724960773262 0 0
11 0 13 1 11 77 2 34 1 0.20703724960773262 0 0.20703724960773262 0 0.20703724960773262 0 0
11 0 14 1 11 78 3 35 1 0.20703724960773262 0 0.20703724960773262 0 0.20703724960773262 0 0
11 0 15 1 11 79 4 36 1 0.20703724960773262 0 0.20703724960773262 0 0.20703724960773262 0 0
11 0 16 1 11 80 5 37 1 0.20703724960773262 0 0.20703724960773262 0 0.20703724960773262 0 0
11 0 17 1 11 81 6 38 1 0.20703724960773262 0 0.20703724960773262 0 0.20703724960773262 0 0
11 0 18 1 11 82 7 39 1 0.20703724960773262 0 0.20703724960773262 0 0.20703724960773262 0 0
11 0 19 1 11 83 8 40 1 0.20703724960773262 0 0.20703724960773262 0 0.20703724960773262 0 0
11 0 20 1 11 84 9 41 1 0.20703724960773262 0 0.20703724960773262 0 0.20703724960773262 0 0
11 0 21 1 11 85 10 42 1 0.20703724960773262 0 0.20703724960773262 0 0.20703724960773262 0 0
11 0 22 1 11 86 11 43 1 0.20703724960773262 0 0.20703724960773262 0 0.20703724960773262 0 0
11 0 23 1 11 87 12 44 1 0.20703724960773262 0 0.20703724960773262 0 0.20703724960773262 0 0
11 0 24 1 11 88 13 45 1 0.20703724960773262 0 0.20703724960773262 0 0.20703724960773262 0 0
11 0 25 1 11 89 14 46 1 0.20703724960773262 0 0.20703724960773262 0 0.20703724960773262 0 0
11 0 26 1 11 90 15 47 1 0.20703724960773262 0 0.20703724960773262 0 0.20703724960773262 0 0
11 0 27 1 11 91 16 48 1 0.20703724960773262 0 0.20703724960773262 0 0.20703724960773262 0 0
11 0 28 1 11 92 17 49 1 0.20703724960773262 0 0.20703724960773262 0 0.20703724960773262 0 0
11 0 29 1 11 93 18 50 1 0.20703724960773262 0 0.20703724960773262 0 0.20703724960773262 0 0
11 0 30 1 11 94 19 51 1 0.20703724960773262 0 0.20703724960773262 0 0.20703724960773262 0 0
11 0 31 1 11 95 20 52 1 0.20703724960773262 0 0.20703724960773262 0 0.20703724960773262 0 0
11 0 32 1 11 96 21 53 1 0.20703724960773262 0 0.20703724960773262 0 0.20703724960773262 0 0
11 0 33 1 11 97 22 54 1 0.20703724960773262 0 0.20703724960773262 0 0.20703724960773262 0 0
11 0 34 1 11 98 23 55 1 0.20703724960773262 0 0.20703724960773262 0 0.20703724960773262 0 0
11 0 35 1 11 99 24 56 1 0.20703724960773262 0 0.20703724960773262 0 0.20703724960773262 0 0
11 0 36 1 11 100 25 57 1 0.20703724960773262 0 0.20703724960773262 0 0.20703724960773262 0 0
11 0 37 1 11 101 26 58 1 0.20703724960773262 0 0.20703724960773262 0 0.20703724960773262 0 0
11 0 38 1 11 102 27 59 1 0.20703724960773262 0 0.20703724960773262 0 0.20703724960773262 0 0
11 0 39 1 11 103 28 60 1 0.20703724960773262 0 0.20703724960773262 0 0.20703724960773262 0 0
11 0 40 1 11 104 29 61 1 0.20703724960773262 0 0.20703724960773262 0 0.20703724960773262 0 0
11 0 41 1 11 105 30 62 1 0.20703724960773262 0 0.20703724960773262 0 0.20703724960773262 0 0
11 0 42 1 11 106 31 63 1 0.20703724960773262 0 0.20703724960773262 0 0.20703724960773262 0 0
11 0 43 1 11 107 32 64 1 0.20703724960773262 0 0.20703724960773262 0 0.20703724960773262 0 0
11 0 44 1 11 108 31 63 1 0.20703724960773262 0 0.20703724960773262 0 0.20703724960773262 0 0
11 0 45 1 11 109 30 62 1 0.20703724960773262 0 0.20703724960773262 0 0.20703724960773262 0 0
11 0 46 1 11 110 29 61 1 0.20703724960773262 0 0.20703724960773262 0 0.20703724960773262 0 0
11 0 47 1 11 111 28 60 1 0.20703724960773262 0 0.20703724960773262 0 0.20703724960773262 0 0
11 0 48 1 11 112 27 59 1 0.20703724960773262 0 0.20703724960773262 0 0.20703724960773262 0 0
11 0 49 1 11 113 26 58 1 0.20703724960773262 0 0.20703724960773262 0 0.20703724960773262 0 0
11 0 50 1 11 114 25 57 1 0.20703724960773262 0 0.20703724960773262 0 0.20703724960773262 0 0
11 0 51 1 11 115 24 56 1 0.20703724960773262 0 0.20703724960773262 0 0.20703724960773262 0 0
11 0 52 1 11 116 23 55 1 0.20703724960773262 0 0.20703724960773262 0 0.20703724960773262 0 0
11 0 53 1 11 117 22 54 1 0.20703724960773262 0 0.20703724960773262 0 0.20703724960773262 0 0
11 0 54 1 11 118 21 53 1 0.20703724960773262 0 0.20703724960773262 0 0.20703724960773262 0 0
11 0 55 1 11 119 20 52 1 0.20703724960773262 0 0.20703724960773262 0 0.20703724960773262 0 0
11 0 56 1 11 120 19 51 1 0.20703724960773262 0 0.20703724960773262 0 0.20703724960773262 0 0
11 0 57 1 11 121 18 50 1 0.20703724960773262 0 0.20703724960773262 0 0.20703724960773262 0 0
11 0 58 1 11 122 17 49 1 0.20703724960773262 0 0.20703724960773262 0 0.20703724960773262 0 0
11 0 59 1 11 123 16 48 1 0.20703724960773262 0 0.20703724960773262 0 0.20703724960773262 0 0
11 0 60 1 11 124 15 47 1 0.20703724960773262 0 0.20703724960773262 0 0.20703724960773262 0 0
11 0 61 1 11 125 14 46 1 0.20703724960773262 0 0.20703724960773262 0 0.20703724960773262 0 0
11 0 62 1 11 126 13 45 1 0.20703724960773262 0 0.20703724960773262 0 0.20703724960773262 0 0
11 0 63 1 11 127 12 44 1 0.20703724960773262 0 0.20703724960773262 0 0.20703724960773262 0 0
12 0 13 0 12 13 1 0 1 1.5483719497275521 0 1.5483719497275521 0 1.5483719497275521 0 0
12 0 14 0 12 14 2 1 1 -0.62106902470630421 0 -0.62106902470630421 0 -0.62106902470630421 0 0
12 0 15 0 12 15 3 2 1 1.4591568302030655 0 1.4591568302030655 0 1.4591568302030655 0 0
12 0 16 0 12 16 4 3 1 -0.65922634871850916 0 -0.65922634871850916 0 -0.65922634871850916 0 0
12 0 17 0 12 17 5 4 1 1.4380193841453996 0 1.4380193841453996 0 1.4380193841453996 0 0
12 0 18 0 12 18 6 5 1 -0.67262681213945552 0 -0.67262681213945552 0 -0.67262681213945552 0 0
12 0 19 0 12 19 7 6 1 1.4287857099143846 0 1.4287857099143846 0 1.4287857099143846 0 0
12 0 20 0 12 20 8 7 1 -0.67935965176948165 0 -0.67935965176948165 0 -0.67935965176948165 0 0
12 0 21 0 12 21 9 8 1 1.423671853971749 0 1.423671853971749 0 1.423671853971749 0 0
12 0 22 0 12 22 10 9 1 -0.68336495168385192 0 -0.68336495168385192 0 -0.68336495168385192 0 0
12 0 23 0 12 23 11 10 1 1.4204592435907357 0 1.4204592435907357 0 1.4204592435907357 0 0
12 0 24 0 12 24 12 11 1 -0.68599076312992613 0 -0.68599076312992613 0 -0.68599076312992613 0 0
12 0 25 0 12 25 13 12 1 1.418280333004784 0 1.418280333004784 0 1.418280333004784 0 0
12 0 26 0 12 26 14 13 1 -0.68782111261705625 0 -0.68782111261705625 0 -0.68782111261705625 0 0
12 0 27 0 12 27 15 14 1 1.4167274407073669 0 1.4167274407073669 0 1.4167274407073669 0 0
12 0 28 0 12 28 16 15 1 -0.68914919296560939 0 -0.68914919296560939 0 -0.68914919296560939 0 0
12 0 29 0 12 29 17 16 1 1.415584401425233 0 1.415584401425233 0 1.415584401425233 0 0
12 0 30 0 12 30 18 17 1 -0.6901377561362213 0 -0.6901377561362213 0 -0.6901377561362213 0 0
12 0 31 0 12 31 19 18 1 1.4147264780329518 0 1.4147264780329518 0 1.4147264780329518 0 0
12 0 32 0 12 32 20 19 1 -0.69088386103115262 0 -0.69088386103115262 0 -0.69088386103115262 0 0
12 0 33 0 12 33 21 20 1 1.4140771750058097 0 1.4140771750058097 0 1.4140771750058097 0 0
12 0 34 0 12 34 22 21 1 -0.69144844497275415 0 -0.69144844497275415 0 -0.69144844497275415 0 0
12 0 35 0 12 35 23 22 1 1.4135875246411542 0 1.4135875246411542 0 1.4135875246411542 0 0
12 0 36 0 12 36 24 23 1 -0.69187112178069776 0 -0.69187112178069776 0 -0.69187112178069776 0 0
12 0 37 0 12 37 25 24 1 1.4132253331583424 0 1.4132253331583424 0 1.4132253331583424 0 0
12 0 38 0 12 38 26 25 1 -0.69217811196996715 0 -0.69217811196996715 0 -0.69217811196996715 0 0
12 0 39 0 12 39 27 26 1 1.412969260722523 0 1.412969260722523 0 1.412969260722523 0 0
12 0 40 0 12 40 28 27 1 -0.69238670518368572 0 -0.69238670518368572 0 -0.69238670518368572 0 0
12 0 41 0 12 41 29 28 1 1.412805434823321 0 1.412805434823321 0 1.412805434823321 0 0
12 0 42 0 12 42 30 29 1 -0.6925078382886708 0 -0.6925078382886708 0 -0.6925078382886708 0 0
12 0 43 0 12 43 31 30 1 1.4127254916248142 0 1.4127254916248142 0 1.4127254916248142 0 0
12 0 44 0 12 44 32 31 1 -0.69254756909215287 0 -0.69254756909215287 0 -0.69254756909215287 0 0
12 0 45 0 12 45 31 30 1 1.4127254916248142 0 1.4127254916248169 0 1.4127254916248142 0 2.6645352591003757e-15
12 0 46 0 12 46 30 29 1 -0.6925078382886708 0 -0.69250783828867302 0 -0.6925078382886708 0 2.2204460492503131e-15
12 0 47 0 12 47 29 28 1 1.412805434823321 0 1.4128054348233245 0 1.412805434823321 0 3.5527136788005009e-15
12 0 48 0 12 48 28 27 1 -0.69238670518368572 0 -0.69238670518369061 0 -0.69238670518368572 0 4.8849813083506888e-15
12 0 49 0 12 49 27 26 1 1.412969260722523 0 1.4129692607225253 0 1.412969260722523 0 2.2204460492503131e-15
12 0 50 0 12 50 26 25 1 -0.69217811196996715 0 -0.69217811196997048 0 -0.69217811196996715 0 3.3306690738754696e-15
12 0 51 0 12 51 25 24 1 1.4132253331583424 0 1.4132253331583415 0 1.4132253331583424 0 8.8817841970012523e-16
12 0 52 0 12 52 24 23 1 -0.69187112178069776 0 -0.69187112178070287 0 -0.69187112178069776 0 5.1070259132757201e-15
12 0 53 0 12 53 23 22 1 1.4135875246411542 0 1.4135875246411573 0 1.4135875246411542 0 3.1086244689504383e-15
12 0 54 0 12 54 22 21 1 -0.69144844497275415 0 -0.69144844497276392 0 -0.69144844497275415 0 9.7699626167013776e-15
12 0 55 0 12 55 21 20 1 1.4140771750058097 0 1.4140771750058145 0 1.4140771750058097 0 4.8849813083506888e-15
12 0 56 0 12 56 20 19 1 -0.69088386103115262 0 -0.69088386103115063 0 -0.69088386103115262 0 1.9984014443252818e-15
12 0 57 0 12 57 19 18 1 1.4147264780329518 0 1.4147264780329598 0 1.4147264780329518 0 7.9936057773011271e-15
12 0 58 0 12 58 18 17 1 -0.6901377561362213 0 -0.6901377561362213 0 -0.6901377561362213 0 0
12 0 59 0 12 59 17 16 1 1.415584401425233 0 1.4155844014252348 0 1.415584401425233 0 1.7763568394002505e-15
12 0 60 0 12 60 16 15 1 -0.68914919296560939 0 -0.68914919296561961 0 -0.68914919296560939 0 1.021405182655144e-14
12 0 61 0 12 61 15 14 1 1.4167274407073669 0 1.4167274407073918 0 1.4167274407073669 0 2.4868995751603507e-14
12 0 62 0 12 62 14 13 1 -0.68782111261705625 0 -0.68782111261707468 0 -0.68782111261705625 0 1.8429702208777599e-14
12 0 63 0 12 63 13 12 1 1.418280333004784 0 1.4182803330047968 0 1.418280333004784 0 1.2878587085651816e-14
12 0 0 1 12 64 12 44 -1 0.20703724960773262 0 -0.20703724960773262 0 -0.20703724960773262 0 0
12 0 1 1 12 65 11 43 -1 0.20703724960773262 0 -0.20703724960773262 0 -0.20703724960773262 0 0
12 0 2 1 12 66 10 42 -1 0.20703724960773262 0 -0.20703724960773262 0 -0.20703724960773262 0 0
12 0 3 1 12 67 9 41 -1 0.20703724960773262 0 -0.20703724960773262 0 -0.20703724960773262 0 0
12 0 4 1 12 68 8 40 -1 0.20703724960773262 0 -0.20703724960773262 0 -0.20703724960773262 0 0
12 0 5 1 12 69 7 39 -1 0.20703724960773262 0 -0.20703724960773262 0 -0.20703724960773262 0 0
12 0 6 1 12 70 6 38 -1 0.20703724960773262 0 -0.20703724960773262 0 -0.20703724960773262 0 0
12 0 7 1 12 71 5 37 -1 0.20703724960773262 0 -0.20703724960773262 0 -0.20703724960773262 0 0
12 0 8 1 12 72 4 36 -1 0.20703724960773262 0 -0.20703724960773262 0 -0.20703724960773262 0 0
12 0 9 1 12 73 3 35 -1 0.20703724960773262 0 -0.20703724960773262 0 -0.20703724960773262 0 0
12 0 10 1 12 74 2 34 -1 0.20703724960773262 0 -0.20703724960773262 0 -0.20703724960773262 0 0
12 0 11 1 12 75 1 33 -1 0.20703724960773262 0 -0.20703724960773262 0 -0.20703724960773262 0 0
12 0 12 1 12 76 0 32 1 0 0 0 0 0 0 0
12 0 13 1 12 77 1 33 1 0.20703724960773262 0 0.20703724960773262 0 0.20703724960773262 0 0
12 0 14 1 12 78 2 34 1 0.20703724960773262 0 0.20703724960773262 0 0.20703724960773262 0 0
12 0 15 1 12 79 3 35 1 0.20703724960773262 0 0.20703724960773262 0 0.20703724960773262 0 0
12 0 16 1 12 80 4 36 1 0.20703724960773262 0 0.20703724960773262 0 0.20703724960773262 0 0
12 0 17 1 12 81 5 37 1 0.20703724960773262 0 0.20703724960773262 0 0.20703724960773262 0 0
12 0 18 1 12 82 6 38 1 0.20703724960773262 0 0.20703724960773262 0 0.20703724960773262 0 0
12 0 19 1 12 83 7 39 1 0.20703724960773262 0 0.20703724960773262 0 0.20703724960773262 0 0
12 0 20 1 12 84 8 40 1 0.20703724960773262 0 0.20703724960773262 0 0.20703724960773262 0 0
12 0 21 1 12 85 9 41 1 0.20703724960773262 0 0.20703724960773262 0 0.20703724960773262 0 0
12 0 22 1 12 86 10 42 1 0.20703724960773262 0 0.20703724960773262 0 0.20703724960773262 0 0
12 0 23 1 12 87 11 43 1 0.20703724960773262 0 0.20703724960773262 0 0.20703724960773262 0 0
12 0 24 1 12 88 12 44 1 0.20703724960773262 0 0.20703724960773262 0 0.20703724960773262 0 0
12 0 25 1 12 89 13 45 1 0.20703724960773262 0 0.20703724960773262 0 0.20703724960773262 0 0
12 0 26 1 12 90 14 46 1 0.20703724960773262 0 0.20703724960773262 0 0.20703724960773262 0 0
12 0 27 1 12 91 15 47 1 0.20703724960773262 0 0.20703724960773262 0 0.20703724960773262 0 0
12 0 28 1 12 92 16 48 1 0.20703724960773262 0 0.20703724960773262 0 0.20703724960773262 0 0
12 0 29 1 12 93 17 49 1 0.20703724960773262 0 0.20703724960773262 0 0.20703724960773262 0 0
12 0 30 1 12 94 18 50 1 0.20703724960773262 0 0.20703724960773262 0 0.20703724960773262 0 0
12 0 31 1 12 95 19 51 1 0.20703724960773262 0 0.20703724960773262 0 0.20703724960773262 0 0
12 0 32 1 12 96 20 52 1 0.20703724960773262 0 0.20703724960773262 0 0.20703724960773262 0 0
12 0 33 1 12 97 21 53 1 0.20703724960773262 0 0.20703724960773262 0 0.20703724960773262 0 0
12 0 34 1 12 98 22 54 1 0.20703724960773262 0 0.20703724960773262 0 0.20703724960773262 0 0
12 0 35 1 12 99 23 55 1 0.20703724960773262 0 0.20703724960773262 0 0.20703724960773262 0 0
12 0 36 1 12 100 24 56 1 0.20703724960773262 0 0.20703724960773262 0 0.20703724960773262 0 0
12 0 37 1 12 101 25 57 1 0.20703724960773262 0 0.20703724960773262 0 0.20703724960773262 0 0
12 0 38 1 12 102 26 58 1 0.20703724960773262 0 0.20703724960773262 0 0.20703724960773262 0 0
12 0 39 1 12 103 27 59 1 0.20703724960773262 0 0.20703724960773262 0 0.20703724960773262 0 0
12 0 40 1 12 104 28 60 1 0.20703724960773262 0 0.20703724960773262 0 0.20703724960773262 0 0
12 0 41 1 12 105 29 61 1 0.20703724960773262 0 0.20703724960773262 0 0.20703724960773262 0 0
12 0 42 1 12 106 30 62 1 0.20703724960773262 0 0.20703724960773262 0 0.20703724960773262 0 0
12 0 43 1 12 107 31 63 1 0.20703724960773262 0 0.20703724960773262 0 0.20703724960773262 0 0
12 0 44 1 12 108 32 64 1 0.20703724960773262 0 0.20703724960773262 0 0.20703724960773262 0 0
12 0 45 1 12 109 31 63 1 0.20703724960773262 0 0.20703724960773262 0 0.20703724960773262 0 0
12 0 46 1 12 110 30 62 1 0.20703724960773262 0 0.20703724960773262 0 0.20703724960773262 0 0
12 0 47 1 12 111 29 61 1 0.20703724960773262 0 0.20703724960773262 0 0.20703724960773262 0 0
12 0 48 1 12 112 28 60 1 0.20703724960773262 0 0.20703724960773262 0 0.20703724960773262 0 0
12 0 49 1 12 113 27 59 1 0.20703724960773262 0 0.20703724960773262 0 0.20703724960773262 0 0
12 0 50 1 12 114 26 58 1 0.20703724960773262 0 0.20703724960773262 0 0.20703724960773262 0 0
12 0 51 1 12 115 25 57 1 0.20703724960773262 0 0.20703724960773262 0 0.20703724960773262 0 0
12 0 52 1 12 116 24 56 1 0.20703724960773262 0 0.20703724960773262 0 0.20703724960773262 0 0
12 0 53 1 12 117 23 55 1 0.20703724960773262 0 0.20703724960773262 0 0.20703724960773262 0 0
12 0 54 1 12 118 22 54 1 0.20703724960773262 0 0.20703724960773262 0 0.20703724960773262 0 0
12 0 55 1 12 119 21 53 1 0.20703724960773262 0 0.20703724960773262 0 0.20703724960773262 0 0
12 0 56 1 12 120 20 52 1 0.20703724960773262 0 0.20703724960773262 0 0.20703724960773262 0 0
12 0 57 1 12 121 19 51 1 0.20703724960773262 0 0.20703724960773262 0 0.20703724960773262 0 0
12 0 58 1 12 122 18 50 1 0.20703724960773262 0 0.20703724960773262 0 0.20703724960773262 0 0
12 0 59 1 12 123 17 49 1 0.20703724960773262 0 0.20703724960773262 0 0.20703724960773262 0 0
12 0 60 1 12 124 16 48 1 0.20703724960773262 0 0.20703724960773262 0 0.20703724960773262 0 0
12 0 61 1 12 125 15 47 1 0.20703724960773262 0 0.20703724960773262 0 0.20703724960773262 0 0
12 0 62 1 12 126 14 46 1 0.20703724960773262 0 0.20703724960773262 0 0.20703724960773262 0 0
12 0 63 1 12 127 13 45 1 0.20703724960773262 0 0.20703724960773262 0 0.20703724960773262 0 0
13 0 14 0 13 14 1 0 1 1.5483719497275521 0 1.5483719497275521 0 1.5483719497275521 0 0
13 0 15 0 13 15 2 1 1 -0.62106902470630421 0 -0.62106902470630421 0 -0.62106902470630421 0 0
13 0 16 0 13 16 3 2 1 1.4591568302030655 0 1.4591568302030655 0 1.4591568302030655 0 0
13 0 17 0 13 17 4 3 1 -0.65922634871850916 0 -0.65922634871850916 0 -0.65922634871850916 0 0
13 0 18 0 13 18 5 4 1 1.4380193841453996 0 1.4380193841453996 0 1.4380193841453996 0 0
13 0 19 0 13 19 6 5 1 -0.67262681213945552 0 -0.67262681213945552 0 -0.67262681213945552 0 0
13 0 20 0 13 20 7 6 1 1.4287857099143846 0 1.4287857099143846 0 1.4287857099143846 0 0
13 0 21 0 13 21 8 7 1 -0.67935965176948165 0 -0.67935965176948165 0 -0.67935965176948165 0 0
13 0 22 0 13 22 9 8 1 1.423671853971749 0 1.423671853971749 0 1.423671853971749 0 0
13 0 23 0 13 23 10 9 1 -0.68336495168385192 0 -0.68336495168385192 0 -0.68336495168385192 0 0
13 0 24 0 13 24 11 10 1 1.4204592435907357 0 1.4204592435907357 0 1.4204592435907357 0 0
13 0 25 0 13 25 12 11 1 -0.68599076312992613 0 -0.68599076312992613 0 -0.68599076312992613 0 0
13 0 26 0 13 26 13 12 1 1.418280333004784 0 1.418280333004784 0 1.418280333004784 0 0
13 0 27 0 13 27 14 13 1 -0.68782111261705625 0 -0.68782111261705625 0 -0.68782111261705625 0 0
13 0 28 0 13 28 15 14 1 1.4167274407073669 0 1.4167274407073669 0 1.4167274407073669 0 0
13 0 29 0 13 29 16 15 1 -0.68914919296560939 0 -0.68914919296560939 0 -0.68914919296560939 0 0
13 0 30 0 13 30 17 16 1 1.415584401425233 0 1.415584401425233 0 1.415584401425233 0 0
13 0 31 0 13 31 18 17 1 -0.6901377561362213 0 -0.6901377561362213 0 -0.6901377561362213 0 0
13 0 32 0 13 32 19 18 1 1.4147264780329518 0 1.4147264780329518 0 1.4147264780329518 0 0
13 0 33 0 13 33 20 19 1 -0.69088386103115262 0 -0.69088386103115262 0 -0.69088386103115262 0 0
13 0 34 0 13 34 21 20 1 1.4140771750058097 0 1.4140771750058097 0 1.4140771750058097 0 0
13 0 35 0 13 35 22 21 1 -0.69144844497275415 0 -0.69144844497275415 0 -0.69144844497275415 0 0
13 0 36 0 13 36 23 22 1 1.4135875246411542 0 1.4135875246411542 0 1.4135875246411542 0 0
13 0 37 0 13 37 24 23 1 -0.69187112178069776 0 -0.69187112178069776 0 -0.69187112178069776 0 0
13 0 38 0 13 38 25 24 1 1.4132253331583424 0 1.4132253331583424 0 1.4132253331583424 0 0
13 0 39 0 13 39 26 25 1 -0.69217811196996715 0 -0.69217811196996715 0 -0.69217811196996715 0 0
13 0 40 0 13 40 27 26 1 1.412969260722523 0 1.412969260722523 0 1.412969260722523 0 0
13 0 41 0 13 41 28 27 1 -0.69238670518368572 0 -0.69238670518368572 0 -0.69238670518368572 0 0
13 0 42 0 13 42 29 28 1 1.412805434823321 0 1.412805434823321 0 1.412805434823321 0 0
13 0 43 0 13 43 30 29 1 -0.6925078382886708 0 -0.6925078382886708 0 -0.6925078382886708 0 0
13 0 44 0 13 44 31 30 1 1.4127254916248142 0 1.4127254916248142 0 1.4127254916248142 0 0
13 0 45 0 13 45 32 31 1 -0.69254756909215287 0 -0.69254756909215287 0 -0.69254756909215287 0 0
13 0 46 0 13 46 31 30 1 1.4127254916248142 0 1.4127254916248169 0 1.4127254916248142 0 2.6645352591003757e-15
13 0 47 0 13 47 30 29 1 -0.6925078382886708 0 -0.69250783828867302 0 -0.6925078382886708 0 2.2204460492503131e-15
13 0 48 0 13 48 29 28 1 1.412805434823321 0 1.4128054348233245 0 1.412805434823321 0 3.5527136788005009e-15
13 0 49 0 13 49 28 27 1 -0.69238670518368572 0 -0.69238670518369061 0 -0.69238670518368572 0 4.8849813083506888e-15
13 0 50 0 13 50 27 26 1 1.412969260722523 0 1.4129692607225253 0 1.412969260722523 0 2.2204460492503131e-15
13 0 51 0 13 51 26 25 1 -0.69217811196996715 0 -0.69217811196997048 0 -0.69217811196996715 0 3.3306690738754696e-15
13 0 52 0 13 52 25 24 1 1.4132253331583424 0 1.4132253331583415 0 1.4132253331583424 0 8.8817841970012523e-16
13 0 53 0 13 53 24 23 1 -0.69187112178069776 0 -0.69187112178070287 0 -0.69187112178069776 0 5.1070259132757201e-15
13 0 54 0 13 54 23 22 1 1.4135875246411542 0 1.4135875246411573 0 1.4135875246411542 0 3.1086244689504383e-15
13 0 55 0 13 55 22 21 1 -0.69144844497275415 0 -0.69144844497276392 0 -0.69144844497275415 0 9.7699626167013776e-15
13 0 56 0 13 56 21 20 1 1.4140771750058097 0 1.4140771750058145 0 1.4140771750058097 0 4.8849813083506888e-15
13 0 57 0 13 57 20 19 1 -0.69088386103115262 0 -0.69088386103115063 0 -0.69088386103115262 0 1.9984014443252818e-15
13 0 58 0 13 58 19 18 1 1.4147264780329518 0 1.4147264780329598 0 1.4147264780329518 0 7.9936057773011271e-15
13 0 59 0 13 59 18 17 1 -0.6901377561362213 0 -0.6901377561362213 0 -0.6901377561362213 0 0
13 0 60 0 13 60 17 16 1 1.415584401425233 0 1.4155844014252348 0 1.415584401425233 0 1.7763568394002505e-15
13 0 61 0 13 61 16 15 1 -0.68914919296560939 0 -0.68914919296561961 0 -0.68914919296560939 0 1.021405182655144e-14
13 0 62 0 13 62 15 14 1 1.4167274407073669 0 1.4167274407073918 0 1.4167274407073669 0 2.4868995751603507e-14
13 0 63 0 13 63 14 13 1 -0.68782111261705625 0 -0.68782111261707468 0 -0.68782111261705625 0 1.8429702208777599e-14
13 0 0 1 13 64 13 45 -1 0.20703724960773262 0 -0.20703724960773262 0 -0.20703724960773262 0 0
13 0 1 1 13 65 12 44 -1 0.20703724960773262 0 -0.20703724960773262 0 -0.20703724960773262 0 0
13 0 2 1 13 66 11 43 -1 0.20703724960773262 0 -0.20703724960773262 0 -0.20703724960773262 0 0
13 0 3 1 13 67 10 42 -1 0.20703724960773262 0 -0.20703724960773262 0 -0.20703724960773262 0 0
13 0 4 1 13 68 9 41 -1 0.20703724960773262 0 -0.20703724960773262 0 -0.20703724960773262 0 0
13 0 5 1 13 69 8 40 -1 0.20703724960773262 0 -0.20703724960773262 0 -0.20703724960773262 0 0
13 0 6 1 13 70 7 39 -1 0.20703724960773262 0 -0.20703724960773262 0 -0.20703724960773262 0 0
13 0 7 1 13 71 6 38 -1 0.20703724960773262 0 -0.20703724960773262 0 -0.20703724960773262 0 0
13 0 8 1 13 72 5 37 -1 0.20703724960773262 0 -0.20703724960773262 0 -0.20703724960773262 0 0
13 0 9 1 13 73 4 36 -1 0.20703724960773262 0 -0.20703724960773262 0 -0.20703724960773262 0 0
13 0 10 1 13 74 3 35 -1 0.20703724960773262 0 -0.20703724960773262 0 -0.20703724960773262 0 0
13 0 11 1 13 75 2 34 -1 0.20703724960773262 0 -0.20703724960773262 0 -0.20703724960773262 0 0
13 0 12 1 13 76 1 33 -1 0.20703724960773262 0 -0.20703724960773262 0 -0.20703724960773262 0 0
13 0 13 1 13 77 0 32 1 0 0 0 0 0 0 0
13 0 14 1 13 78 1 33 1 0.20703724960773262 0 0.20703724960773262 0 0.20703724960773262 0 0
13 0 15 1 13 79 2 34 1 0.20703724960773262 0 0.20703724960773262 0 0.20703724960773262 0 0
13 0 16 1 13 80 3 35 1 0.20703724960773262 0 0.20703724960773262 0 0.20703724960773262 0 0
13 0 17 1 13 81 4 36 1 0.20703724960773262 0 0.20703724960773262 0 0.20703724960773262 0 0
13 0 18 1 13 82 5 37 1 0.20703724960773262 0 0.20703724960773262 0 0.20703724960773262 0 0
13 0 19 1 13 83 6 38 1 0.20703724960773262 0 0.20703724960773262 0 0.20703724960773262 0 0
13 0 20 1 13 84 7 39 1 0.20703724960773262 0 0.20703724960773262 0 0.20703724960773262 0 0
13 0 21 1 13 85 8 40 1 0.20703724960773262 0 0.20703724960773262 0 0.20703724960773262 0 0
13 0 22 1 13 86 9 41 1 0.20703724960773262 0 0.20703724960773262 0 0.20703724960773262 0 0
13 0 23 1 13 87 10 42 1 0.20703724960773262 0 0.20703724960773262 0 0.20703724960773262 0 0
13 0 24 1 13 88 11 43 1 0.20703724960773262 0 0.20703724960773262 0 0.20703724960773262 0 0
13 0 25 1 13 89 12 44 1 0.20703724960773262 0 0.20703724960773262 0 0.20703724960773262 0 0
13 0 26 1 13 90 13 45 1 0.20703724960773262 0 0.20703724960773262 0 0.20703724960773262 0 0
13 0 27 1 13 91 14 46 1 0.20703724960773262 0 0.20703724960773262 0 0.20703724960773262 0 0
13 0 28 1 13 92 15 47 1 0.20703724960773262 0 0.20703724960773262 0 0.20703724960773262 0 0
13 0 29 1 13 93 16 48 1 0.20703724960773262 0 0.20703724960773262 0 0.20703724960773262 0 0
13 0 30 1 13 94 17 49 1 0.20703724960773262 0 0.20703724960773262 0 0.20703724960773262 0 0
13 0 31 1 13 95 18 50 1 0.20703724960773262 0 0.20703724960773262 0 0.20703724960773262 0 0
13 0 32 1 13 96 19 51 1 0.20703724960773262 0 0.20703724960773262 0 0.20703724960773262 0 0
13 0 33 1 13 97 20 52 1 0.20703724960773262 0 0.20703724960773262 0 0.20703724960773262 0 0
13 0 34 1 13 98 21 53 1 0.20703724960773262 0 0.20703724960773262 0 0.20703724960773262 0 0
13 0 35 1 13 99 22 54 1 0.20703724960773262 0 0.20703724960773262 0 0.20703724960773262 0 0
13 0 36 1 13 100 23 55 1 0.20703724960773262 0 0.20703724960773262 0 0.20703724960773262 0 0
13 0 37 1 13 101 24 56 1 0.20703724960773262 0 0.20703724960773262 0 0.20703724960773262 0 0
13 0 38 1 13 102 25 57 1 0.20703724960773262 0 0.20703724960773262 0 0.20703724960773262 0 0
13 0 39 1 13 103 26 58 1 0.20703724960773262 0 0.20703724960773262 0 0.20703724960773262 0 0
13 0 40 1 13 104 27 59 1 0.20703724960773262 0 0.20703724960773262 0 0.20703724960773262 0 0
13 0 41 1 13 105 28 60 1 0.20703724960773262 0 0.20703724960773262 0 0.20703724960773262 0 0
13 0 42 1 13 106 29 61 1 0.20703724960773262 0 0.20703724960773262 0 0.20703724960773262 0 0
13 0 43 1 13 107 30 62 1 0.20703724960773262 0 0.20703724960773262 0 0.20703724960773262 0 0
13 0 44 1 13 108 31 63 1 0.20703724960773262 0 0.20703724960773262 0 0.20703724960773262 0 0
13 0 45 1 13 109 32 64 1 0.20703724960773262 0 0.20703724960773262 0 0.20703724960773262 0 0
13 0 46 1 13 110 31 63 1 0.20703724960773262 0 0.20703724960773262 0 0.20703724960773262 0 0
13 0 47 1 13 111 30 62 1 0.20703724960773262 0 0.20703724960773262 0 0.20703724960773262 0 0
13 0 48 1 13 112 29 61 1 0.20703724960773262 0 0.20703724960773262 0 0.20703724960773262 0 0
13 0 49 1 13 113 28 60 1 0.20703724960773262 0 0.20703724960773262 0 0.20703724960773262 0 0
13 0 50 1 13 114 27 59 1 0.20703724960773262 0 0.20703724960773262 0 0.20703724960773262 0 0
13 0 51 1 13 115 26 58 1 0.20703724960773262 0 0.20703724960773262 0 0.20703724960773262 0 0
13 0 52 1 13 116 25 57 1 0.20703724960773262 0 0.20703724960773262 0 0.20703724960773262 0 0
13 0 53 1 13 117 24 56 1 0.20703724960773262 0 0.20703724960773262 0 0.20703724960773262 0 0
13 0 54 1 13 118 23 55 1 0.20703724960773262 0 0.20703724960773262 0 0.20703724960773262 0 0
13 0 55 1 13 119 22 54 1 0.20703724960773262 0 0.20703724960773262 0 0.20703724960773262 0 0
13 0 56 1 13 120 21 53 1 0.20703724960773262 0 0.20703724960773262 0 0.20703724960773262 0 0
13 0 57 1 13 121 20 52 1 0.20703724960773262 0 0.20703724960773262 0 0.20703724960773262 0 0
13 0 58 1 13 122 19 51 1 0.20703724960773262 0 0.20703724960773262 0 0.20703724960773262 0 0
13 0 59 1 13 123 18 50 1 0.20703724960773262 0 0.20703724960773262 0 0.20703724960773262 0 0
13 0 60 1 13 124 17 49 1 0.20703724960773262 0 0.20703724960773262 0 0.20703724960773262 0 0
13 0 61 1 13 125 16 48 1 0.20703724960773262 0 0.20703724960773262 0 0.20703724960773262 0 0
13 0 62 1 13 126 15 47 1 0.20703724960773262 0 0.20703724960773262 0 0.20703724960773262 0 0
13 0 63 1 13 127 14 46 1 0.20703724960773262 0 0.20703724960773262 0 0.20703724960773262 0 0
14 0 15 0 14 15 1 0 1 1.5483719497275521 0 1.5483719497275521 0 1.5483719497275521 0 0
14 0 16 0 14 16 2 1 1 -0.62106902470630421 0 -0.62106902470630421 0 -0.62106902470630421 0 0
14 0 17 0 14 17 3 2 1 1.4591568302030655 0 1.4591568302030655 0 1.4591568302030655 0 0
14 0 18 0 14 18 4 3 1 -0.65922634871850916 0 -0.65922634871850916 0 -0.65922634871850916 0 0
14 0 19 0 14 19 5 4 1 1.4380193841453996 0 1.4380193841453996 0 1.4380193841453996 0 0
14 0 20 0 14 20 6 5 1 -0.67262681213945552 0 -0.67262681213945552 0 -0.67262681213945552 0 0
14 0 21 0 14 21 7 6 1 1.4287857099143846 0 1.4287857099143846 0 1.4287857099143846 0 0
14 0 22 0 14 22 8 7 1 -0.67935965176948165 0 -0.67935965176948165 0 -0.67935965176948165 0 0
14 0 23 0 14 23 9 8 1 1.423671853971749 0 1.423671853971749 0 1.423671853971749 0 0
14 0 24 0 14 24 10 9 1 -0.68336495168385192 0 -0.68336495168385192 0 -0.68336495168385192 0 0
14 0 25 0 14 25 11 10 1 1.4204592435907357 0 1.4204592435907357 0 1.4204592435907357 0 0
14 0 26 0 14 26 12 11 1 -0.68599076312992613 0 -0.68599076312992613 0 -0.68599076312992613 0 0
14 0 27 0 14 27 13 12 1 1.418280333004784 0 1.418280333004784 0 1.418280333004784 0 0
14 0 28 0 14 28 14 13 1 -0.68782111261705625 0 -0.68782111261705625 0 -0.68782111261705625 0 0
14 0 29 0 14 29 15 14 1 1.4167274407073669 0 1.4167274407073669 0 1.4167274407073669 0 0
14 0 30 0 14 30 16 15 1 -0.68914919296560939 0 -0.68914919296560939 0 -0.68914919296560939 0 0
14 0 31 0 14 31 17 16 1 1.415584401425233 0 1.415584401425233 0 1.415584401425233 0 0
14 0 32 0 14 32 18 17 1 -0.6901377561362213 0 -0.6901377561362213 0 -0.6901377561362213 0 0
14 0 33 0 14 33 19 18 1 1.4147264780329518 0 1.4147264780329518 0 1.4147264780329518 0 0
14 0 34 0 14 34 20 19 1 -0.69088386103115262 0 -0.69088386103115262 0 -0.69088386103115262 0 0
14 0 35 0 14 35 21 20 1 1.4140771750058097 0 1.4140771750058097 0 1.4140771750058097 0 0
14 0 36 0 14 36 22 21 1 -0.69144844497275415 0 -0.69144844497275415 0 -0.69144844497275415 0 0
14 0 37 0 14 37 23 22 1 1.4135875246411542 0 1.4135875246411542 0 1.4135875246411542 0 0
14 0 38 0 14 38 24 23 1 -0.69187112178069776 0 -0.69187112178069776 0 -0.69187112178069776 0 0
14 0 39 0 14 39 25 24 1 1.4132253331583424 0 1.4132253331583424 0 1.4132253331583424 0 0
14 0 40 0 14 40 26 25 1 -0.69217811196996715 0 -0.69217811196996715 0 -0.69217811196996715 0 0
14 0 41 0 14 41 27 26 1 1.412969260722523 0 1.412969260722523 0 1.412969260722523 0 0
14 0 42 0 14 42 28 27 1 -0.69238670518368572 0 -0.69238670518368572 0 -0.69238670518368572 0 0
14 0 43 0 14 43 29 28 1 1.412805434823321 0 1.412805434823321 0 1.412805434823321 0 0
14 0 44 0 14 44 30 29 1 -0.6925078382886708 0 -0.6925078382886708 0 -0.6925078382886708 0 0
14 0 45 0 14 45 31 30 1 1.4127254916248142 0 1.4127254916248142 0 1.4127254916248142 0 0
14 0 46 0 14 46 32 31 1 -0.69254756909215287 0 -0.69254756909215287 0 -0.69254756909215287 0 0
14 0 47 0 14 47 31 30 1 1.4127254916248142 0 1.4127254916248169 0 1.4127254916248142 0 2.6645352591003757e-15
14 0 48 0 14 48 30 29 1 -0.6925078382886708 0 -0.69250783828867302 0 -0.6925078382886708 0 2.2204460492503131e-15
14 0 49 0 14 49 29 28 1 1.412805434823321 0 1.4128054348233245 0 1.412805434823321 0 3.5527136788005009e-15
14 0 50 0 14 50 28 27 1 -0.69238670518368572 0 -0.69238670518369061 0 -0.69238670518368572 0 4.8849813083506888e-15
14 0 51 0 14 51 27 26 1 1.412969260722523 0 1.4129692607225253 0 1.412969260722523 0 2.2204460492503131e-15
14 0 52 0 14 52 26 25 1 -0.69217811196996715 0 -0.69217811196997048 0 -0.69217811196996715 0 3.3306690738754696e-15
14 0 53 0 14 53 25 24 1 1.4132253331583424 0 1.4132253331583415 0 1.4132253331583424 0 8.8817841970012523e-16
14 0 54 0 14 54 24 23 1 -0.69187112178069776 0 -0.69187112178070287 0 -0.69187112178069776 0 5.1070259132757201e-15
14 0 55 0 14 55 23 22 1 1.4135875246411542 0 1.4135875246411573 0 1.4135875246411542 0 3.1086244689504383e-15
14 0 56 0 14 56 22 21 1 -0.69144844497275415 0 -0.69144844497276392 0 -0.69144844497275415 0 9.7699626167013776e-15
14 0 57 0 14 57 21 20 1 1.4140771750058097 0 1.4140771750058145 0 1.4140771750058097 0 4.8849813083506888e-15
14 0 58 0 14 58 20 19 1 -0.69088386103115262 0 -0.69088386103115063 0 -0.69088386103115262 0 1.9984014443252818e-15
14 0 59 0 14 59 19 18 1 1.4147264780329518 0 1.4147264780329598 0 1.4147264780329518 0 7.9936057773011271e-15
14 0 60 0 14 60 18 17 1 -0.6901377561362213 0 -0.6901377561362213 0 -0.6901377561362213 0 0
14 0 61 0 14 61 17 16 1 1.415584401425233 0 1.4155844014252348 0 1.415584401425233 0 1.7763568394002505e-15
14 0 62 0 14 62 16 15 1 -0.68914919296560939 0 -0.68914919296561961 0 -0.68914919296560939 0 1.021405182655144e-14
14 0 63 0 14 63 15 14 1 1.4167274407073669 0 1.4167274407073918 0 1.4167274407073669 0 2.4868995751603507e-14
14 0 0 1 14 64 14 46 -1 0.20703724960773262 0 -0.20703724960773262 0 -0.20703724960773262 0 0
14 0 1 1 14 65 13 45 -1 0.20703724960773262 0 -0.20703724960773262 0 -0.20703724960773262 0 0
14 0 2 1 14 66 12 44 -1 0.20703724960773262 0 -0.20703724960773262 0 -0.20703724960773262 0 0
14 0 3 1 14 67 11 43 -1 0.20703724960773262 0 -0.20703724960773262 0 -0.20703724960773262 0 0
14 0 4 1 14 68 10 42 -1 0.20703724960773262 0 -0.20703724960773262 0 -0.20703724960773262 0 0
14 0 5 1 14 69 9 41 -1 0.20703724960773262 0 -0.20703724960773262 0 -0.20703724960773262 0 0
14 0 6 1 14 70 8 40 -1 0.20703724960773262 0 -0.20703724960773262 0 -0.20703724960773262 0 0
14 0 7 1 14 71 7 39 -1 0.20703724960773262 0 -0.20703724960773262 0 -0.20703724960773262 0 0
14 0 8 1 14 72 6 38 -1 0.20703724960773262 0 -0.20703724960773262 0 -0.20703724960773262 0 0
14 0 9 1 14 73 5 37 -1 0.20703724960773262 0 -0.20703724960773262 0 -0.20703724960773262 0 0
14 0 10 1 14 74 4 36 -1 0.20703724960773262 0 -0.20703724960773262 0 -0.20703724960773262 0 0
14 0 11 1 14 75 3 35 -1 0.20703724960773262 0 -0.20703724960773262 0 -0.20703724960773262 0 0
14 0 12 1 14 76 2 34 -1 0.20703724960773262 0 -0.20703724960773262 0 -0.20703724960773262 0 0
14 0 13 1 14 77 1 33 -1 0.20703724960773262 0 -0.20703724960773262 0 -0.20703724960773262 0 0
14 0 14 1 14 78 0 32 1 0 0 0 0 0 0 0
14 0 15 1 14 79 1 33 1 0.20703724960773262 0 0.20703724960773262 0 0.20703724960773262 0 0
14 0 16 1 14 80 2 34 1 0.20703724960773262 0 0.20703724960773262 0 0.20703724960773262 0 0
14 0 17 1 14 81 3 35 1 0.20703724960773262 0 0.20703724960773262 0 0.20703724960773262 0 0
14 0 18 1 14 82 4 36 1 0.20703724960773262 0 0.20703724960773262 0 0.20703724960773262 0 0
14 0 19 1 14 83 5 37 1 0.20703724960773262 0 0.20703724960773262 0 0.20703724960773262 0 0
14 0 20 1 14 84 6 38 1 0.20703724960773262 0 0.20703724960773262 0 0.20703724960773262 0 0
14 0 21 1 14 85 7 39 1 0.20703724960773262 0 0.20703724960773262 0 0.20703724960773262 0 0
14 0 22 1 14 86 8 40 1 0.20703724960773262 0 0.20703724960773262 0 0.20703724960773262 0 0
14 0 23 1 14 87 9 41 1 0.20703724960773262 0 0.20703724960773262 0 0.20703724960773262 0 0
14 0 24 1 14 88 10 42 1 0.20703724960773262 0 0.20703724960773262 0 0.20703724960773262 0 0
14 0 25 1 14 89 11 43 1 0.20703724960773262 0 0.20703724960773262 0 0.20703724960773262 0 0
14 0 26 1 14 90 12 44 1 0.20703724960773262 0 0.20703724960773262 0 0.20703724960773262 0 0
14 0 27 1 14 91 13 45 1 0.20703724960773262 0 0.20703724960773262 0 0.20703724960773262 0 0
14 0 28 1 14 92 14 46 1 0.20703724960773262 0 0.20703724960773262 0 0.20703724960773262 0 0
14 0 29 1 14 93 15 47 1 0.20703724960773262 0 0.20703724960773262 0 0.20703724960773262 0 0
14 0 30 1 14 94 16 48 1 0.20703724960773262 0 0.20703724960773262 0 0.20703724960773262 0 0
14 0 31 1 14 95 17 49 1 0.20703724960773262 0 0.20703724960773262 0 0.20703724960773262 0 0
14 0 32 1 14 96 18 50 1 0.20703724960773262 0 0.20703724960773262 0 0.20703724960773262 0 0
14 0 33 1 14 97 19 51 1 0.20703724960773262 0 0.20703724960773262 0 0.20703724960773262 0 0
14 0 34 1 14 98 20 52 1 0.20703724960773262 0 0.20703724960773262 0 0.20703724960773262 0 0
14 0 35 1 14 99 21 53 1 0.20703724960773262 0 0.20703724960773262 0 0.20703724960773262 0 0
14 0 36 1 14 100 22 54 1 0.20703724960773262 0 0.20703724960773262 0 0.20703724960773262 0 0
14 0 37 1 14 101 23 55 1 0.20703724960773262 0 0.20703724960773262 0 0.20703724960773262 0 0
14 0 38 1 14 102 24 56 1 0.20703724960773262 0 0.20703724960773262 0 0.20703724960773262 0 0
14 0 39 1 14 103 25 57 1 0.20703724960773262 0 0.20703724960773262 0 0.20703724960773262 0 0
14 0 40 1 14 104 26 58 1 0.20703724960773262 0 0.20703724960773262 0 0.20703724960773262 0 0
14 0 41 1 14 105 27 59 1 0.20703724960773262 0 0.20703724960773262 0 0.20703724960773262 0 0
14 0 42 1 14 106 28 60 1 0.20703724960773262 0 0.20703724960773262 0 0.20703724960773262 0 0
14 0 43 1 14 107 29 61 1 0.20703724960773262 0 0.20703724960773262 0 0.20703724960773262 0 0
14 0 44 1 14 108 30 62 1 0.20703724960773262 0 0.20703724960773262 0 0.20703724960773262 0 0
14 0 45 1 14 109 31 63 1 0.20703724960773262 0 0.20703724960773262 0 0.20703724960773262 0 0
14 0 46 1 14 110 32 64 1 0.20703724960773262 0 0.20703724960773262 0 0.20703724960773262 0 0
14 0 47 1 14 111 31 63 1 0.20703724960773262 0 0.20703724960773262 0 0.20703724960773262 0 0
14 0 48 1 14 112 30 62 1 0.20703724960773262 0 0.20703724960773262 0 0.20703724960773262 0 0
14 0 49 1 14 113 29 61 1 0.20703724960773262 0 0.20703724960773262 0 0.20703724960773262 0 0
14 0 50 1 14 114 28 60 1 0.20703724960773262 0 0.20703724960773262 0 0.20703724960773262 0 0
14 0 51 1 14 115 27 59 1 0.20703724960773262 0 0.20703724960773262 0 0.20703724960773262 0 0
14 0 52 1 14 116 26 58 1 0.20703724960773262 0 0.20703724960773262 0 0.20703724960773262 0 0
14 0 53 1 14 117 25 57 1 0.20703724960773262 0 0.20703724960773262 0 0.20703724960773262 0 0
14 0 54 1 14 118 24 56 1 0.20703724960773262 0 0.20703724960773262 0 0.20703724960773262 0 0
14 0 55 1 14 119 23 55 1 0.20703724960773262 0 0.20703724960773262 0 0.20703724960773262 0 0
14 0 56 1 14 120 22 54 1 0.20703724960773262 0 0.20703724960773262 0 0.20703724960773262 0 0
14 0 57 1 14 121 21 53 1 0.20703724960773262 0 0.20703724960773262 0 0.20703724960773262 0 0
14 0 58 1 14 122 20 52 1 0.20703724960773262 0 0.20703724960773262 0 0.20703724960773262 0 0
14 0 59 1 14 123 19 51 1 0.20703724960773262 0 0.20703724960773262 0 0.20703724960773262 0 0
14 0 60 1 14 124 18 50 1 0.20703724960773262 0 0.20703724960773262 0 0.20703724960773262 0 0
14 0 61 1 14 125 17 49 1 0.20703724960773262 0 0.20703724960773262 0 0.20703724960773262 0 0
14 0 62 1 14 126 16 48 1 0.20703724960773262 0 0.20703724960773262 0 0.20703724960773262 0 0
14 0 63 1 14 127 15 47 1 0.20703724960773262 0 0.20703724960773262 0 0.20703724960773262 0 0
15 0 16 0 15 16 1 0 1 1.5483719497275521 0 1.5483719497275521 0 1.5483719497275521 0 0
15 0 17 0 15 17 2 1 1 -0.62106902470630421 0 -0.62106902470630421 0 -0.62106902470630421 0 0
15 0 18 0 15 18 3 2 1 1.4591568302030655 0 1.4591568302030655 0 1.4591568302030655 0 0
15 0 19 0 15 19 4 3 1 -0.65922634871850916 0 -0.65922634871850916 0 -0.65922634871850916 0 0
15 0 20 0 15 20 5 4 1 1.4380193841453996 0 1.4380193841453996 0 1.4380193841453996 0 0
15 0 21 0 15 21 6 5 1 -0.67262681213945552 0 -0.67262681213945552 0 -0.67262681213945552 0 0
15 0 22 0 15 22 7 6 1 1.4287857099143846 0 1.4287857099143846 0 1.4287857099143846 0 0
15 0 23 0 15 23 8 7 1 -0.67935965176948165 0 -0.67935965176948165 0 -0.67935965176948165 0 0
15 0 24 0 15 24 9 8 1 1.423671853971749 0 1.423671853971749 0 1.423671853971749 0 0
15 0 25 0 15 25 10 9 1 -0.68336495168385192 0 -0.68336495168385192 0 -0.68336495168385192 0 0
15 0 26 0 15 26 11 10 1 1.4204592435907357 0 1.4204592435907357 0 1.4204592435907357 0 0
15 0 27 0 15 27 12 11 1 -0.68599076312992613 0 -0.68599076312992613 0 -0.68599076312992613 0 0
15 0 28 0 15 28 13 12 1 1.418280333004784 0 1.418280333004784 0 1.418280333004784 0 0
15 0 29 0 15 29 14 13 1 -0.68782111261705625 0 -0.68782111261705625 0 -0.68782111261705625 0 0
15 0 30 0 15 30 15 14 1 1.4167274407073669 0 1.4167274407073669 0 1.4167274407073669 0 0
15 0 31 0 15 31 16 15 1 -0.68914919296560939 0 -0.68914919296560939 0 -0.68914919296560939 0 0
15 0 32 0 15 32 17 16 1 1.415584401425233 0 1.415584401425233 0 1.415584401425233 0 0
15 0 33 0 15 33 18 17 1 -0.6901377561362213 0 -0.6901377561362213 0 -0.6901377561362213 0 0
15 0 34 0 15 34 19 18 1 1.4147264780329518 0 1.4147264780329518 0 1.4147264780329518 0 0
15 0 35 0 15 35 20 19 1 -0.69088386103115262 0 -0.69088386103115262 0 -0.69088386103115262 0 0
15 0 36 0 15 36 21 20 1 1.4140771750058097 0 1.4140771750058097 0 1.4140771750058097 0 0
15 0 37 0 15 37 22 21 1 -0.69144844497275415 0 -0.69144844497275415 0 -0.69144844497275415 0 0
15 0 38 0 15 38 23 22 1 1.4135875246411542 0 1.4135875246411542 0 1.4135875246411542 0 0
15 0 39 0 15 39 24 23 1 -0.69187112178069776 0 -0.69187112178069776 0 -0.69187112178069776 0 0
15 0 40 0 15 40 25 24 1 1.4132253331583424 0 1.4132253331583424 0 1.4132253331583424 0 0
15 0 41 0 15 41 26 25 1 -0.69217811196996715 0 -0.69217811196996715 0 -0.69217811196996715 0 0
15 0 42 0 15 42 27 26 1 1.412969260722523 0 1.412969260722523 0 1.412969260722523 0 0
15 0 43 0 15 43 28 27 1 -0.69238670518368572 0 -0.69238670518368572 0 -0.69238670518368572 0 0
15 0 44 0 15 44 29 28 1 1.412805434823321 0 1.412805434823321 0 1.412805434823321 0 0
15 0 45 0 15 45 30 29 1 -0.6925078382886708 0 -0.6925078382886708 0 -0.6925078382886708 0 0
15 0 46 0 15 46 31 30 1 1.4127254916248142 0 1.4127254916248142 0 1.4127254916248142 0 0
15 0 47 0 15 47 32 31 1 -0.69254756909215287 0 -0.69254756909215287 0 -0.69254756909215287 0 0
15 0 48 0 15 48 31 30 1 1.4127254916248142 0 1.4127254916248169 0 1.4127254916248142 0 2.6645352591003757e-15
15 0 49 0 15 49 30 29 1 -0.6925078382886708 0 -0.69250783828867302 0 -0.6925078382886708 0 2.2204460492503131e-15
15 0 50 0 15 50 29 28 1 1.412805434823321 0 1.4128054348233245 0 1.412805434823321 0 3.5527136788005009e-15
15 0 51 0 15 51 28 27 1 -0.69238670518368572 0 -0.69238670518369061 0 -0.69238670518368572 0 4.8849813083506888e-15
15 0 52 0 15 52 27 26 1 1.412969260722523 0 1.4129692607225253 0 1.412969260722523 0 2.2204460492503131e-15
15 0 53 0 15 53 26 25 1 -0.69217811196996715 0 -0.69217811196997048 0 -0.69217811196996715 0 3.3306690738754696e-15
15 0 54 0 15 54 25 24 1 1.4132253331583424 0 1.4132253331583415 0 1.4132253331583424 0 8.8817841970012523e-16
15 0 55 0 15 55 24 23 1 -0.69187112178069776 0 -0.69187112178070287 0 -0.69187112178069776 0 5.1070259132757201e-15
15 0 56 0 15 56 23 22 1 1.4135875246411542 0 1.4135875246411573 0 1.4135875246411542 0 3.1086244689504383e-15
15 0 57 0 15 57 22 21 1 -0.69144844497275415 0 -0.69144844497276392 0 -0.69144844497275415 0 9.7699626167013776e-15
15 0 58 0 15 58 21 20 1 1.4140771750058097 0 1.4140771750058145 0 1.4140771750058097 0 4.8849813083506888e-15
15 0 59 0 15 59 20 19 1 -0.69088386103115262 0 -0.69088386103115063 0 -0.69088386103115262 0 1.9984014443252818e-15
15 0 60 0 15 60 19 18 1 1.4147264780329518 0 1.4147264780329598 0 1.4147264780329518 0 7.9936057773011271e-15
15 0 61 0 15 61 18 17 1 -0.6901377561362213 0 -0.6901377561362213 0 -0.6901377561362213 0 0
15 0 62 0 15 62 17 16 1 1.415584401425233 0 1.4155844014252348 0 1.415584401425233 0 1.7763568394002505e-15
15 0 63 0 15 63 16 15 1 -0.68914919296560939 0 -0.68914919296561961 0 -0.68914919296560939 0 1.021405182655144e-14
15 0 0 1 15 64 15 47 -1 0.20703724960773262 0 -0.20703724960773262 0 -0.20703724960773262 0 0
15 0 1 1 15 65 14 46 -1 0.20703724960773262 0 -0.20703724960773262 0 -0.20703724960773262 0 0
15 0 2 1 15 66 13 45 -1 0.20703724960773262 0 -0.20703724960773262 0 -0.20703724960773262 0 0
15 0 3 1 15 67 12 44 -1 0.20703724960773262 0 -0.20703724960773262 0 -0.20703724960773262 0 0
15 0 4 1 15 68 11 43 -1 0.20703724960773262 0 -0.20703724960773262 0 -0.20703724960773262 0 0
15 0 5 1 15 69 10 42 -1 0.20703724960773262 0 -0.20703724960773262 0 -0.20703724960773262 0 0
15 0 6 1 15 70 9 41 -1 0.20703724960773262 0 -0.20703724960773262 0 -0.20703724960773262 0 0
15 0 7 1 15 71 8 40 -1 0.20703724960773262 0 -0.20703724960773262 0 -0.20703724960773262 0 0
15 0 8 1 15 72 7 39 -1 0.20703724960773262 0 -0.20703724960773262 0 -0.20703724960773262 0 0
15 0 9 1 15 73 6 38 -1 0.20703724960773262 0 -0.20703724960773262 0 -0.20703724960773262 0 0
15 0 10 1 15 74 5 37 -1 0.20703724960773262 0 -0.20703724960773262 0 -0.20703724960773262 0 0
15 0 11 1 15 75 4 36 -1 0.20703724960773262 0 -0.20703724960773262 0 -0.20703724960773262 0 0
15 0 12 1 15 76 3 35 -1 0.20703724960773262 0 -0.20703724960773262 0 -0.20703724960773262 0 0
15 0 13 1 15 77 2 34 -1 0.20703724960773262 0 -0.20703724960773262 0 -0.20703724960773262 0 0
15 0 14 1 15 78 1 33 -1 0.20703724960773262 0 -0.20703724960773262 0 -0.20703724960773262 0 0
15 0 15 1 15 79 0 32 1 0 0 0 0 0 0 0
15 0 16 1 15 80 1 33 1 0.20703724960773262 0 0.20703724960773262 0 0.20703724960773262 0 0
15 0 17 1 15 81 2 34 1 0.20703724960773262 0 0.20703724960773262 0 0.20703724960773262 0 0
15 0 18 1 15 82 3 35 1 0.20703724960773262 0 0.20703724960773262 0 0.20703724960773262 0 0
15 0 19 1 15 83 4 36 1 0.20703724960773262 0 0.20703724960773262 0 0.20703724960773262 0 0
15 0 20 1 15 84 5 37 1 0.20703724960773262 0 0.20703724960773262 0 0.20703724960773262 0 0
15 0 21 1 15 85 6 38 1 0.20703724960773262 0 0.20703724960773262 0 0.20703724960773262 0 0
15 0 22 1 15 86 7 39 1 0.20703724960773262 0 0.20703724960773262 0 0.20703724960773262 0 0
15 0 23 1 15 87 8 40 1 0.20703724960773262 0 0.20703724960773262 0 0.20703724960773262 0 0
15 0 24 1 15 88 9 41 1 0.20703724960773262 0 0.20703724960773262 0 0.20703724960773262 0 0
15 0 25 1 15 89 10 42 1 0.20703724960773262 0 0.20703724960773262 0 0.20703724960773262 0 0
15 0 26 1 15 90 11 43 1 0.20703724960773262 0 0.20703724960773262 0 0.20703724960773262 0 0
15 0 27 1 15 91 12 44 1 0.20703724960773262 0 0.20703724960773262 0 0.20703724960773262 0 0
15 0 28 1 15 92 13 45 1 0.20703724960773262 0 0.20703724960773262 0 0.20703724960773262 0 0
15 0 29 1 15 93 14 46 1 0.20703724960773262 0 0.20703724960773262 0 0.20703724960773262 0 0
15 0 30 1 15 94 15 47 1 0.20703724960773262 0 0.20703724960773262 0 0.20703724960773262 0 0
15 0 31 1 15 95 16 48 1 0.20703724960773262 0 0.20703724960773262 0 0.20703724960773262 0 0
15 0 32 1 15 96 17 49 1 0.20703724960773262 0 0.20703724960773262 0 0.20703724960773262 0 0
15 0 33 1 15 97 18 50 1 0.20703724960773262 0 0.20703724960773262 0 0.20703724960773262 0 0
15 0 34 1 15 98 19 51 1 0.20703724960773262 0 0.20703724960773262 0 0.20703724960773262 0 0
15 0 35 1 15 99 20 52 1 0.20703724960773262 0 0.20703724960773262 0 0.20703724960773262 0 0
15 0 36 1 15 100 21 53 1 0.20703724960773262 0 0.20703724960773262 0 0.20703724960773262 0 0
15 0 37 1 15 101 22 54 1 0.20703724960773262 0 0.20703724960773262 0 0.20703724960773262 0 0
15 0 38 1 15 102 23 55 1 0.20703724960773262 0 0.20703724960773262 0 0.20703724960773262 0 0
15 0 39 1 15 103 24 56 1 0.20703724960773262 0 0.20703724960773262 0 0.20703724960773262 0 0
15 0 40 1 15 104 25 57 1 0.20703724960773262 0 0.20703724960773262 0 0.20703724960773262 0 0
15 0 41 1 15 105 26 58 1 0.20703724960773262 0 0.20703724960773262 0 0.20703724960773262 0 0
15 0 42 1 15 106 27 59 1 0.20703724960773262 0 0.20703724960773262 0 0.20703724960773262 0 0
15 0 43 1 15 107 28 60 1 0.20703724960773262 0 0.20703724960773262 0 0.20703724960773262 0 0
15 0 44 1 15 108 29 61 1 0.20703724960773262 0 0.20703724960773262 0 0.20703724960773262 0 0
15 0 45 1 15 109 30 62 1 0.20703724960773262 0 0.20703724960773262 0 0.20703724960773262 0 0
15 0 46 1 15 110 31 63 1 0.20703724960773262 0 0.20703724960773262 0 0.20703724960773262 0 0
15 0 47 1 15 111 32 64 1 0.20703724960773262 0 0.20703724960773262 0 0.20703724960773262 0 0
15 0 48 1 15 112 31 63 1 0.20703724960773262 0 0.20703724960773262 0 0.20703724960773262 0 0
15 0 49 1 15 113 30 62 1 0.20703724960773262 0 0.20703724960773262 0 0.20703724960773262 0 0
15 0 50 1 15 114 29 61 1 0.20703724960773262 0 0.20703724960773262 0 0.20703724960773262 0 0
15 0 51 1 15 115 28 60 1 0.20703724960773262 0 0.20703724960773262 0 0.20703724960773262 0 0
15 0 52 1 15 116 27 59 1 0.20703724960773262 0 0.20703724960773262 0 0.20703724960773262 0 0
15 0 53 1 15 117 26 58 1 0.20703724960773262 0 0.20703724960773262 0 0.20703724960773262 0 0
15 0 54 1 15 118 25 57 1 0.20703724960773262 0 0.20703724960773262 0 0.20703724960773262 0 0
15 0 55 1 15 119 24 56 1 0.20703724960773262 0 0.20703724960773262 0 0.20703724960773262 0 0
15 0 56 1 15 120 23 55 1 0.20703724960773262 0 0.20703724960773262 0 0.20703724960773262 0 0
15 0 57 1 15 121 22 54 1 0.20703724960773262 0 0.20703724960773262 0 0.20703724960773262 0 0
15 0 58 1 15 122 21 53 1 0.20703724960773262 0 0.20703724960773262 0 0.20703724960773262 0 0
15 0 59 1 15 123 20 52 1 0.20703724960773262 0 0.20703724960773262 0 0.20703724960773262 0 0
15 0 60 1 15 124 19 51 1 0.20703724960773262 0 0.20703724960773262 0 0.20703724960773262 0 0
15 0 61 1 15 125 18 50 1 0.20703724960773262 0 0.20703724960773262 0 0.20703724960773262 0 0
15 0 62 1 15 126 17 49 1 0.20703724960773262 0 0.20703724960773262 0 0.20703724960773262 0 0
15 0 63 1 15 127 16 48 1 0.20703724960773262 0 0.20703724960773262 0 0.20703724960773262 0 0
16 0 17 0 16 17 1 0 1 1.5483719497275521 0 1.5483719497275521 0 1.5483719497275521 0 0
16 0 18 0 16 18 2 1 1 -0.62106902470630421 0 -0.62106902470630421 0 -0.62106902470630421 0 0
16 0 19 0 16 19 3 2 1 1.4591568302030655 0 1.4591568302030655 0 1.4591568302030655 0 0
16 0 20 0 16 20 4 3 1 -0.65922634871850916 0 -0.65922634871850916 0 -0.65922634871850916 0 0
16 0 21 0 16 21 5 4 1 1.4380193841453996 0 1.4380193841453996 0 1.4380193841453996 0 0
16 0 22 0 16 22 6 5 1 -0.67262681213945552 0 -0.67262681213945552 0 -0.67262681213945552 0 0
16 0 23 0 16 23 7 6 1 1.4287857099143846 0 1.4287857099143846 0 1.4287857099143846 0 0
16 0 24 0 16 24 8 7 1 -0.67935965176948165 0 -0.67935965176948165 0 -0.67935965176948165 0 0
16 0 25 0 16 25 9 8 1 1.423671853971749 0 1.423671853971749 0 1.423671853971749 0 0
16 0 26 0 16 26 10 9 1 -0.68336495168385192 0 -0.68336495168385192 0 -0.68336495168385192 0 0
16 0 27 0 16 27 11 10 1 1.4204592435907357 0 1.4204592435907357 0 1.4204592435907357 0 0
16 0 28 0 16 28 12 11 1 -0.68599076312992613 0 -0.68599076312992613 0 -0.68599076312992613 0 0
16 0 29 0 16 29 13 12 1 1.418280333004784 0 1.418280333004784 0 1.418280333004784 0 0
16 0 30 0 16 30 14 13 1 -0.68782111261705625 0 -0.68782111261705625 0 -0.68782111261705625 0 0
16 0 31 0 16 31 15 14 1 1.4167274407073669 0 1.4167274407073669 0 1.4167274407073669 0 0
16 0 32 0 16 32 16 15 1 -0.68914919296560939 0 -0.68914919296560939 0 -0.68914919296560939 0 0
16 0 33 0 16 33 17 16 1 1.415584401425233 0 1.415584401425233 0 1.415584401425233 0 0
16 0 34 0 16 34 18 17 1 -0.6901377561362213 0 -0.6901377561362213 0 -0.6901377561362213 0 0
16 0 35 0 16 35 19 18 1 1.4147264780329518 0 1.4147264780329518 0 1.4147264780329518 0 0
16 0 36 0 16 36 20 19 1 -0.69088386103115262 0 -0.69088386103115262 0 -0.69088386103115262 0 0
16 0 37 0 16 37 21 20 1 1.4140771750058097 0 1.4140771750058097 0 1.4140771750058097 0 0
16 0 38 0 16 38 22 21 1 -0.69144844497275415 0 -0.69144844497275415 0 -0.69144844497275415 0 0
16 0 39 0 16 39 23 22 1 1.4135875246411542 0 1.4135875246411542 0 1.4135875246411542 0 0
16 0 40 0 16 40 24 23 1 -0.69187112178069776 0 -0.69187112178069776 0 -0.69187112178069776 0 0
16 0 41 0 16 41 25 24 1 1.4132253331583424 0 1.4132253331583424 0 1.4132253331583424 0 0
16 0 42 0 16 42 26 25 1 -0.69217811196996715 0 -0.69217811196996715 0 -0.69217811196996715 0 0
16 0 43 0 16 43 27 26 1 1.412969260722523 0 1.412969260722523 0 1.412969260722523 0 0
16 0 44 0 16 44 28 27 1 -0.69238670518368572 0 -0.69238670518368572 0 -0.69238670518368572 0 0
16 0 45 0 16 45 29 28 1 1.412805434823321 0 1.412805434823321 0 1.412805434823321 0 0
16 0 46 0 16 46 30 29 1 -0.6925078382886708 0 -0.6925078382886708 0 -0.6925078382886708 0 0
16 0 47 0 16 47 31 30 1 1.4127254916248142 0 1.4127254916248142 0 1.4127254916248142 0 0
16 0 48 0 16 48 32 31 1 -0.69254756909215287 0 -0.69254756909215287 0 -0.69254756909215287 0 0
16 0 49 0 16 49 31 30 1 1.4127254916248142 0 1.4127254916248169 0 1.4127254916248142 0 2.6645352591003757e-15
16 0 50 0 16 50 30 29 1 -0.6925078382886708 0 -0.69250783828867302 0 -0.6925078382886708 0 2.2204460492503131e-15
16 0 51 0 16 51 29 28 1 1.412805434823321 0 1.4128054348233245 0 1.412805434823321 0 3.5527136788005009e-15
16 0 52 0 16 52 28 27 1 -0.69238670518368572 0 -0.69238670518369061 0 -0.69238670518368572 0 4.8849813083506888e-15
16 0 53 0 16 53 27 26 1 1.412969260722523 0 1.4129692607225253 0 1.412969260722523 0 2.2204460492503131e-15
16 0 54 0 16 54 26 25 1 -0.69217811196996715 0 -0.69217811196997048 0 -0.69217811196996715 0 3.3306690738754696e-15
16 0 55 0 16 55 25 24 1 1.4132253331583424 0 1.4132253331583415 0 1.4132253331583424 0 8.8817841970012523e-16
16 0 56 0 16 56 24 23 1 -0.69187112178069776 0 -0.69187112178070287 0 -0.69187112178069776 0 5.1070259132757201e-15
16 0 57 0 16 57 23 22 1 1.4135875246411542 0 1.4135875246411573 0 1.4135875246411542 0 3.1086244689504383e-15
16 0 58 0 16 58 22 21 1 -0.69144844497275415 0 -0.69144844497276392 0 -0.69144844497275415 0 9.7699626167013776e-15
16 0 59 0 16 59 21 20 1 1.4140771750058097 0 1.4140771750058145 0 1.4140771750058097 0 4.8849813083506888e-15
16 0 60 0 16 60 20 19 1 -0.69088386103115262 0 -0.69088386103115063 0 -0.69088386103115262 0 1.9984014443252818e-15
16 0 61 0 16 61 19 18 1 1.4147264780329518 0 1.4147264780329598 0 1.4147264780329518 0 7.9936057773011271e-15
16 0 62 0 16 62 18 17 1 -0.6901377561362213 0 -0.6901377561362213 0 -0.6901377561362213 0 0
16 0 63 0 16 63 17 16 1 1.415584401425233 0 1.4155844014252348 0 1.415584401425233 0 1.7763568394002505e-15
16 0 0 1 16 64 16 48 -1 0.20703724960773262 0 -0.20703724960773262 0 -0.20703724960773262 0 0
16 0 1 1 16 65 15 47 -1 0.20703724960773262 0 -0.20703724960773262 0 -0.20703724960773262 0 0
16 0 2 1 16 66 14 46 -1 0.20703724960773262 0 -0.20703724960773262 0 -0.20703724960773262 0 0
16 0 3 1 16 67 13 45 -1 0.20703724960773262 0 -0.20703724960773262 0 -0.20703724960773262 0 0
16 0 4 1 16 68 12 44 -1 0.20703724960773262 0 -0.20703724960773262 0 -0.20703724960773262 0 0
16 0 5 1 16 69 11 43 -1 0.20703724960773262 0 -0.20703724960773262 0 -0.20703724960773262 0 0
16 0 6 1 16 70 10 42 -1 0.20703724960773262 0 -0.20703724960773262 0 -0.20703724960773262 0 0
16 0 7 1 16 71 9 41 -1 0.20703724960773262 0 -0.20703724960773262 0 -0.20703724960773262 0 0
16 0 8 1 16 72 8 40 -1 0.20703724960773262 0 -0.20703724960773262 0 -0.20703724960773262 0 0
16 0 9 1 16 73 7 39 -1 0.20703724960773262 0 -0.20703724960773262 0 -0.20703724960773262 0 0
16 0 10 1 16 74 6 38 -1 0.20703724960773262 0 -0.20703724960773262 0 -0.20703724960773262 0 0
16 0 11 1 16 75 5 37 -1 0.20703724960773262 0 -0.20703724960773262 0 -0.20703724960773262 0 0
16 0 12 1 16 76 4 36 -1 0.20703724960773262 0 -0.20703724960773262 0 -0.20703724960773262 0 0
16 0 13 1 16 77 3 35 -1 0.20703724960773262 0 -0.20703724960773262 0 -0.20703724960773262 0 0
16 0 14 1 16 78 2 34 -1 0.20703724960773262 0 -0.20703724960773262 0 -0.20703724960773262 0 0
16 0 15 1 16 79 1 33 -1 0.20703724960773262 0 -0.20703724960773262 0 -0.20703724960773262 0 0
16 0 16 1 16 80 0 32 1 0 0 0 0 0 0 0
16 0 17 1 16 81 1 33 1 0.20703724960773262 0 0.20703724960773262 0 0.20703724960773262 0 0
16 0 18 1 16 82 2 34 1 0.20703724960773262 0 0.20703724960773262 0 0.20703724960773262 0 0
16 0 19 1 16 83 3 35 1 0.20703724960773262 0 0.20703724960773262 0 0.20703724960773262 0 0
16 0 20 1 16 84 4 36 1 0.20703724960773262 0 0.20703724960773262 0 0.20703724960773262 0 0
16 0 21 1 16 85 5 37 1 0.20703724960773262 0 0.20703724960773262 0 0.20703724960773262 0 0
16 0 22 1 16 86 6 38 1 0.20703724960773262 0 0.20703724960773262 0 0.20703724960773262 0 0
16 0 23 1 16 87 7 39 1 0.20703724960773262 0 0.20703724960773262 0 0.20703724960773262 0 0
16 0 24 1 16 88 8 40 1 0.20703724960773262 0 0.20703724960773262 0 0.20703724960773262 0 0
16 0 25 1 16 89 9 41 1 0.20703724960773262 0 0.20703724960773262 0 0.20703724960773262 0 0
16 0 26 1 16 90 10 42 1 0.20703724960773262 0 0.20703724960773262 0 0.20703724960773262 0 0
16 0 27 1 16 91 11 43 1 0.20703724960773262 0 0.20703724960773262 0 0.20703724960773262 0 0
16 0 28 1 16 92 12 44 1 0.20703724960773262 0 0.20703724960773262 0 0.20703724960773262 0 0
16 0 29 1 16 93 13 45 1 0.20703724960773262 0 0.20703724960773262 0 0.20703724960773262 0 0
16 0 30 1 16 94 14 46 1 0.20703724960773262 0 0.20703724960773262 0 0.20703724960773262 0 0
16 0 31 1 16 95 15 47 1 0.20703724960773262 0 0.20703724960773262 0 0.20703724960773262 0 0
16 0 32 1 16 96 16 48 1 0.20703724960773262 0 0.20703724960773262 0 0.20703724960773262 0 0
16 0 33 1 16 97 17 49 1 0.20703724960773262 0 0.20703724960773262 0 0.20703724960773262 0 0
16 0 34 1 16 98 18 50 1 0.20703724960773262 0 0.20703724960773262 0 0.20703724960773262 0 0
16 0 35 1 16 99 19 51 1 0.20703724960773262 0 0.20703724960773262 0 0.20703724960773262 0 0
16 0 36 1 16 100 20 52 1 0.20703724960773262 0 0.20703724960773262 0 0.20703724960773262 0 0
16 0 37 1 16 101 21 53 1 0.20703724960773262 0 0.20703724960773262 0 0.20703724960773262 0 0
16 0 38 1 16 102 22 54 1 0.20703724960773262 0 0.20703724960773262 0 0.20703724960773262 0 0
16 0 39 1 16 103 23 55 1 0.20703724960773262 0 0.20703724960773262 0 0.20703724960773262 0 0
16 0 40 1 16 104 24 56 1 0.20703724960773262 0 0.20703724960773262 0 0.20703724960773262 0 0
16 0 41 1 16 105 25 57 1 0.20703724960773262 0 0.20703724960773262 0 0.20703724960773262 0 0
16 0 42 1 16 106 26 58 1 0.20703724960773262 0 0.20703724960773262 0 0.20703724960773262 0 0
16 0 43 1 16 107 27 59 1 0.20703724960773262 0 0.20703724960773262 0 0.20703724960773262 0 0
16 0 44 1 16 108 28 60 1 0.20703724960773262 0 0.20703724960773262 0 0.20703724960773262 0 0
16 0 45 1 16 109 29 61 1 0.20703724960773262 0 0.20703724960773262 0 0.20703724960773262 0 0
16 0 46 1 16 110 30 62 1 0.20703724960773262 0 0.20703724960773262 0 0.20703724960773262 0 0
16 0 47 1 16 111 31 63 1 0.20703724960773262 0 0.20703724960773262 0 0.20703724960773262 0 0
16 0 48 1 16 112 32 64 1 0.20703724960773262 0 0.20703724960773262 0 0.20703724960773262 0 0
16 0 49 1 16 113 31 63 1 0.20703724960773262 0 0.20703724960773262 0 0.20703724960773262 0 0
16 0 50 1 16 114 30 62 1 0.20703724960773262 0 0.20703724960773262 0 0.20703724960773262 0 0
16 0 51 1 16 115 29 61 1 0.20703724960773262 0 0.20703724960773262 0 0.20703724960773262 0 0
16 0 52 1 16 116 28 60 1 0.20703724960773262 0 0.20703724960773262 0 0.20703724960773262 0 0
16 0 53 1 16 117 27 59 1 0.20703724960773262 0 0.20703724960773262 0 0.20703724960773262 0 0
16 0 54 1 16 118 26 58 1 0.20703724960773262 0 0.20703724960773262 0 0.20703724960773262 0 0
16 0 55 1 16 119 25 57 1 0.20703724960773262 0 0.20703724960773262 0 0.20703724960773262 0 0
16 0 56 1 16 120 24 56 1 0.20703724960773262 0 0.20703724960773262 0 0.20703724960773262 0 0
16 0 57 1 16 121 23 55 1 0.20703724960773262 0 0.20703724960773262 0 0.20703724960773262 0 0
16 0 58 1 16 122 22 54 1 0.20703724960773262 0 0.20703724960773262 0 0.20703724960773262 0 0
16 0 59 1 16 123 21 53 1 0.20703724960773262 0 0.20703724960773262 0 0.20703724960773262 0 0
16 0 60 1 16 124 20 52 1 0.20703724960773262 0 0.20703724960773262 0 0.20703724960773262 0 0
16 0 61 1 16 125 19 51 1 0.20703724960773262 0 0.20703724960773262 0 0.20703724960773262 0 0
16 0 62 1 16 126 18 50 1 0.20703724960773262 0 0.20703724960773262 0 0.20703724960773262 0 0
16 0 63 1 16 127 17 49 1 0.20703724960773262 0 0.20703724960773262 0 0.20703724960773262 0 0
17 0 18 0 17 18 1 0 1 1.5483719497275521 0 1.5483719497275521 0 1.5483719497275521 0 0
17 0 19 0 17 19 2 1 1 -0.62106902470630421 0 -0.62106902470630421 0 -0.62106902470630421 0 0
17 0 20 0 17 20 3 2 1 1.4591568302030655 0 1.4591568302030655 0 1.4591568302030655 0 0
17 0 21 0 17 21 4 3 1 -0.65922634871850916 0 -0.65922634871850916 0 -0.65922634871850916 0 0
17 0 22 0 17 22 5 4 1 1.4380193841453996 0 1.4380193841453996 0 1.4380193841453996 0 0
17 0 23 0 17 23 6 5 1 -0.67262681213945552 0 -0.67262681213945552 0 -0.67262681213945552 0 0
17 0 24 0 17 24 7 6 1 1.4287857099143846 0 1.4287857099143846 0 1.4287857099143846 0 0
17 0 25 0 17 25 8 7 1 -0.67935965176948165 0 -0.67935965176948165 0 -0.67935965176948165 0 0
17 0 26 0 17 26 9 8 1 1.423671853971749 0 1.423671853971749 0 1.423671853971749 0 0
17 0 27 0 17 27 10 9 1 -0.68336495168385192 0 -0.68336495168385192 0 -0.68336495168385192 0 0
17 0 28 0 17 28 11 10 1 1.4204592435907357 0 1.4204592435907357 0 1.4204592435907357 0 0
17 0 29 0 17 29 12 11 1 -0.68599076312992613 0 -0.68599076312992613 0 -0.68599076312992613 0 0
17 0 30 0 17 30 13 12 1 1.418280333004784 0 1.418280333004784 0 1.418280333004784 0 0
17 0 31 0 17 31 14 13 1 -0.68782111261705625 0 -0.68782111261705625 0 -0.68782111261705625 0 0
17 0 32 0 17 32 15 14 1 1.4167274407073669 0 1.4167274407073669 0 1.4167274407073669 0 0
17 0 33 0 17 33 16 15 1 -0.68914919296560939 0 -0.68914919296560939 0 -0.68914919296560939 0 0
17 0 34 0 17 34 17 16 1 1.415584401425233 0 1.415584401425233 0 1.415584401425233 0 0
17 0 35 0 17 35 18 17 1 -0.6901377561362213 0 -0.6901377561362213 0 -0.6901377561362213 0 0
17 0 36 0 17 36 19 18 1 1.4147264780329518 0 1.4147264780329518 0 1.4147264780329518 0 0
17 0 37 0 17 37 20 19 1 -0.69088386103115262 0 -0.69088386103115262 0 -0.69088386103115262 0 0
17 0 38 0 17 38 21 20 1 1.4140771750058097 0 1.4140771750058097 0 1.4140771750058097 0 0
17 0 39 0 17 39 22 21 1 -0.69144844497275415 0 -0.69144844497275415 0 -0.69144844497275415 0 0
17 0 40 0 17 40 23 22 1 1.4135875246411542 0 1.4135875246411542 0 1.4135875246411542 0 0
17 0 41 0 17 41 24 23 1 -0.69187112178069776 0 -0.69187112178069776 0 -0.69187112178069776 0 0
17 0 42 0 17 42 25 24 1 1.4132253331583424 0 1.4132253331583424 0 1.4132253331583424 0 0
17 0 43 0 17 43 26 25 1 -0.69217811196996715 0 -0.69217811196996715 0 -0.69217811196996715 0 0
17 0 44 0 17 44 27 26 1 1.412969260722523 0 1.412969260722523 0 1.412969260722523 0 0
17 0 45 0 17 45 28 27 1 -0.69238670518368572 0 -0.69238670518368572 0 -0.69238670518368572 0 0
17 0 46 0 17 46 29 28 1 1.412805434823321 0 1.412805434823321 0 1.412805434823321 0 0
17 0 47 0 17 47 30 29 1 -0.6925078382886708 0 -0.6925078382886708 0 -0.6925078382886708 0 0
17 0 48 0 17 48 31 30 1 1.4127254916248142 0 1.4127254916248142 0 1.4127254916248142 0 0
17 0 49 0 17 49 32 31 1 -0.69254756909215287 0 -0.69254756909215287 0 -0.69254756909215287 0 0
17 0 50 0 17 50 31 30 1 1.4127254916248142 0 1.4127254916248169 0 1.4127254916248142 0 2.6645352591003757e-15
17 0 51 0 17 51 30 29 1 -0.6925078382886708 0 -0.69250783828867302 0 -0.6925078382886708 0 2.2204460492503131e-15
17 0 52 0 17 52 29 28 1 1.412805434823321 0 1.4128054348233245 0 1.412805434823321 0 3.5527136788005009e-15
17 0 53 0 17 53 28 27 1 -0.69238670518368572 0 -0.69238670518369061 0 -0.69238670518368572 0 4.8849813083506888e-15
17 0 54 0 17 54 27 26 1 1.412969260722523 0 1.4129692607225253 0 1.412969260722523 0 2.2204460492503131e-15
17 0 55 0 17 55 26 25 1 -0.69217811196996715 0 -0.69217811196997048 0 -0.69217811196996715 0 3.3306690738754696e-15
17 0 56 0 17 56 25 24 1 1.4132253331583424 0 1.4132253331583415 0 1.4132253331583424 0 8.8817841970012523e-16
17 0 57 0 17 57 24 23 1 -0.69187112178069776 0 -0.69187112178070287 0 -0.69187112178069776 0 5.1070259132757201e-15
17 0 58 0 17 58 23 22 1 1.4135875246411542 0 1.4135875246411573 0 1.4135875246411542 0 3.1086244689504383e-15
17 0 59 0 17 59 22 21 1 -0.69144844497275415 0 -0.69144844497276392 0 -0.69144844497275415 0 9.7699626167013776e-15
17 0 60 0 17 60 21 20 1 1.4140771750058097 0 1.4140771750058145 0 1.4140771750058097 0 4.8849813083506888e-15
17 0 61 0 17 61 20 19 1 -0.69088386103115262 0 -0.69088386103115063 0 -0.69088386103115262 0 1.9984014443252818e-15
17 0 62 0 17 62 19 18 1 1.4147264780329518 0 1.4147264780329598 0 1.4147264780329518 0 7.9936057773011271e-15
17 0 63 0 17 63 18 17 1 -0.6901377561362213 0 -0.6901377561362213 0 -0.6901377561362213 0 0
17 0 0 1 17 64 17 49 -1 0.20703724960773262 0 -0.20703724960773262 0 -0.20703724960773262 0 0
17 0 1 1 17 65 16 48 -1 0.20703724960773262 0 -0.20703724960773262 0 -0.20703724960773262 0 0
17 0 2 1 17 66 15 47 -1 0.20703724960773262 0 -0.20703724960773262 0 -0.20703724960773262 0 0
17 0 3 1 17 67 14 46 -1 0.20703724960773262 0 -0.20703724960773262 0 -0.20703724960773262 0 0
17 0 4 1 17 68 13 45 -1 0.20703724960773262 0 -0.20703724960773262 0 -0.20703724960773262 0 0
17 0 5 1 17 69 12 44 -1 0.20703724960773262 0 -0.20703724960773262 0 -0.20703724960773262 0 0
17 0 6 1 17 70 11 43 -1 0.20703724960773262 0 -0.20703724960773262 0 -0.20703724960773262 0 0
17 0 7 1 17 71 10 42 -1 0.20703724960773262 0 -0.20703724960773262 0 -0.20703724960773262 0 0
17 0 8 1 17 72 9 41 -1 0.20703724960773262 0 -0.20703724960773262 0 -0.20703724960773262 0 0
17 0 9 1 17 73 8 40 -1 0.20703724960773262 0 -0.20703724960773262 0 -0.20703724960773262 0 0
17 0 10 1 17 74 7 39 -1 0.20703724960773262 0 -0.20703724960773262 0 -0.20703724960773262 0 0
17 0 11 1 17 75 6 38 -1 0.20703724960773262 0 -0.20703724960773262 0 -0.20703724960773262 0 0
17 0 12 1 17 76 5 37 -1 0.20703724960773262 0 -0.20703724960773262 0 -0.20703724960773262 0 0
17 0 13 1 17 77 4 36 -1 0.20703724960773262 0 -0.20703724960773262 0 -0.20703724960773262 0 0
17 0 14 1 17 78 3 35 -1 0.20703724960773262 0 -0.20703724960773262 0 -0.20703724960773262 0 0
17 0 15 1 17 79 2 34 -1 0.20703724960773262 0 -0.20703724960773262 0 -0.20703724960773262 0 0
17 0 16 1 17 80 1 33 -1 0.20703724960773262 0 -0.20703724960773262 0 -0.20703724960773262 0 0
17 0 17 1 17 81 0 32 1 0 0 0 0 0 0 0
17 0 18 1 17 82 1 33 1 0.20703724960773262 0 0.20703724960773262 0 0.20703724960773262 0 0
17 0 19 1 17 83 2 34 1 0.20703724960773262 0 0.20703724960773262 0 0.20703724960773262 0 0
17 0 20 1 17 84 3 35 1 0.20703724960773262 0 0.20703724960773262 0 0.20703724960773262 0 0
17 0 21 1 17 85 4 36 1 0.20703724960773262 0 0.20703724960773262 0 0.20703724960773262 0 0
17 0 22 1 17 86 5 37 1 0.20703724960773262 0 0.20703724960773262 0 0.20703724960773262 0 0
17 0 23 1 17 87 6 38 1 0.20703724960773262 0 0.20703724960773262 0 0.20703724960773262 0 0
17 0 24 1 17 88 7 39 1 0.20703724960773262 0 0.20703724960773262 0 0.20703724960773262 0 0
17 0 25 1 17 89 8 40 1 0.20703724960773262 0 0.20703724960773262 0 0.20703724960773262 0 0
17 0 26 1 17 90 9 41 1 0.20703724960773262 0 0.20703724960773262 0 0.20703724960773262 0 0
17 0 27 1 17 91 10 42 1 0.20703724960773262 0 0.20703724960773262 0 0.20703724960773262 0 0
17 0 28 1 17 92 11 43 1 0.20703724960773262 0 0.20703724960773262 0 0.20703724960773262 0 0
17 0 29 1 17 93 12 44 1 0.20703724960773262 0 0.20703724960773262 0 0.20703724960773262 0 0
17 0 30 1 17 94 13 45 1 0.20703724960773262 0 0.20703724960773262 0 0.20703724960773262 0 0
17 0 31 1 17 95 14 46 1 0.20703724960773262 0 0.20703724960773262 0 0.20703724960773262 0 0
17 0 32 1 17 96 15 47 1 0.20703724960773262 0 0.20703724960773262 0 0.20703724960773262 0 0
17 0 33 1 17 97 16 48 1 0.20703724960773262 0 0.20703724960773262 0 0.20703724960773262 0 0
17 0 34 1 17 98 17 49 1 0.20703724960773262 0 0.20703724960773262 0 0.20703724960773262 0 0
17 0 35 1 17 99 18 50 1 0.20703724960773262 0 0.20703724960773262 0 0.20703724960773262 0 0
17 0 36 1 17 100 19 51 1 0.20703724960773262 0 0.20703724960773262 0 0.20703724960773262 0 0
17 0 37 1 17 101 20 52 1 0.20703724960773262 0 0.20703724960773262 0 0.20703724960773262 0 0
17 0 38 1 17 102 21 53 1 0.20703724960773262 0 0.20703724960773262 0 0.20703724960773262 0 0
17 0 39 1 17 103 22 54 1 0.20703724960773262 0 0.20703724960773262 0 0.20703724960773262 0 0
17 0 40 1 17 104 23 55 1 0.20703724960773262 0 0.20703724960773262 0 0.20703724960773262 0 0
17 0 41 1 17 105 24 56 1 0.20703724960773262 0 0.20703724960773262 0 0.20703724960773262 0 0
17 0 42 1 17 106 25 57 1 0.20703724960773262 0 0.20703724960773262 0 0.20703724960773262 0 0
17 0 43 1 17 107 26 58 1 0.20703724960773262 0 0.20703724960773262 0 0.20703724960773262 0 0
17 0 44 1 17 108 27 59 1 0.20703724960773262 0 0.20703724960773262 0 0.20703724960773262 0 0
17 0 45 1 17 109 28 60 1 0.20703724960773262 0 0.20703724960773262 0 0.20703724960773262 0 0
17 0 46 1 17 110 29 61 1 0.20703724960773262 0 0.20703724960773262 0 0.20703724960773262 0 0
17 0 47 1 17 111 30 62 1 0.20703724960773262 0 0.20703724960773262 0 0.20703724960773262 0 0
17 0 48 1 17 112 31 63 1 0.20703724960773262 0 0.20703724960773262 0 0.20703724960773262 0 0
17 0 49 1 17 113 32 64 1 0.20703724960773262 0 0.20703724960773262 0 0.20703724960773262 0 0
17 0 50 1 17 114 31 63 1 0.20703724960773262 0 0.20703724960773262 0 0.20703724960773262 0 0
17 0 51 1 17 115 30 62 1 0.20703724960773262 0 0.20703724960773262 0 0.20703724960773262 0 0
17 0 52 1 17 116 29 61 1 0.20703724960773262 0 0.20703724960773262 0 0.20703724960773262 0 0
17 0 53 1 17 117 28 60 1 0.20703724960773262 0 0.20703724960773262 0 0.20703724960773262 0 0
17 0 54 1 17 118 27 59 1 0.20703724960773262 0 0.20703724960773262 0 0.20703724960773262 0 0
17 0 55 1 17 119 26 58 1 0.20703724960773262 0 0.20703724960773262 0 0.20703724960773262 0 0
17 0 56 1 17 120 25 57 1 0.20703724960773262 0 0.20703724960773262 0 0.20703724960773262 0 0
17 0 57 1 17 121 24 56 1 0.20703724960773262 0 0.20703724960773262 0 0.20703724960773262 0 0
17 0 58 1 17 122 23 55 1 0.20703724960773262 0 0.20703724960773262 0 0.20703724960773262 0 0
17 0 59 1 17 123 22 54 1 0.20703724960773262 0 0.20703724960773262 0 0.20703724960773262 0 0
17 0 60 1 17 124 21 53 1 0.20703724960773262 0 0.20703724960773262 0 0.20703724960773262 0 0
17 0 61 1 17 125 20 52 1 0.20703724960773262 0 0.20703724960773262 0 0.20703724960773262 0 0
17 0 62 1 17 126 19 51 1 0.20703724960773262 0 0.20703724960773262 0 0.20703724960773262 0 0
17 0 63 1 17 127 18 50 1 0.20703724960773262 0 0.20703724960773262 0 0.20703724960773262 0 0
18 0 19 0 18 19 1 0 1 1.5483719497275521 0 1.5483719497275521 0 1.5483719497275521 0 0
18 0 20 0 18 20 2 1 1 -0.62106902470630421 0 -0.62106902470630421 0 -0.62106902470630421 0 0
18 0 21 0 18 21 3 2 1 1.4591568302030655 0 1.4591568302030655 0 1.4591568302030655 0 0
18 0 22 0 18 22 4 3 1 -0.65922634871850916 0 -0.65922634871850916 0 -0.65922634871850916 0 0
18 0 23 0 18 23 5 4 1 1.4380193841453996 0 1.4380193841453996 0 1.4380193841453996 0 0
18 0 24 0 18 24 6 5 1 -0.67262681213945552 0 -0.67262681213945552 0 -0.67262681213945552 0 0
18 0 25 0 18 25 7 6 1 1.4287857099143846 0 1.4287857099143846 0 1.4287857099143846 0 0
18 0 26 0 18 26 8 7 1 -0.67935965176948165 0 -0.67935965176948165 0 -0.67935965176948165 0 0
18 0 27 0 18 27 9 8 1 1.423671853971749 0 1.423671853971749 0 1.423671853971749 0 0
18 0 28 0 18 28 10 9 1 -0.68336495168385192 0 -0.68336495168385192 0 -0.68336495168385192 0 0
18 0 29 0 18 29 11 10 1 1.4204592435907357 0 1.4204592435907357 0 1.4204592435907357 0 0
18 0 30 0 18 30 12 11 1 -0.68599076312992613 0 -0.68599076312992613 0 -0.68599076312992613 0 0
18 0 31 0 18 31 13 12 1 1.418280333004784 0 1.418280333004784 0 1.418280333004784 0 0
18 0 32 0 18 32 14 13 1 -0.68782111261705625 0 -0.68782111261705625 0 -0.68782111261705625 0 0
18 0 33 0 18 33 15 14 1 1.4167274407073669 0 1.4167274407073669 0 1.4167274407073669 0 0
18 0 34 0 18 34 16 15 1 -0.68914919296560939 0 -0.68914919296560939 0 -0.68914919296560939 0 0
18 0 35 0 18 35 17 16 1 1.415584401425233 0 1.415584401425233 0 1.415584401425233 0 0
18 0 36 0 18 36 18 17 1 -0.6901377561362213 0 -0.6901377561362213 0 -0.6901377561362213 0 0
18 0 37 0 18 37 19 18 1 1.4147264780329518 0 1.4147264780329518 0 1.4147264780329518 0 0
18 0 38 0 18 38 20 19 1 -0.69088386103115262 0 -0.69088386103115262 0 -0.69088386103115262 0 0
18 0 39 0 18 39 21 20 1 1.4140771750058097 0 1.4140771750058097 0 1.4140771750058097 0 0
18 0 40 0 18 40 22 21 1 -0.69144844497275415 0 -0.69144844497275415 0 -0.69144844497275415 0 0
18 0 41 0 18 41 23 22 1 1.4135875246411542 0 1.4135875246411542 0 1.4135875246411542 0 0
18 0 42 0 18 42 24 23 1 -0.69187112178069776 0 -0.69187112178069776 0 -0.69187112178069776 0 0
18 0 43 0 18 43 25 24 1 1.4132253331583424 0 1.4132253331583424 0 1.4132253331583424 0 0
18 0 44 0 18 44 26 25 1 -0.69217811196996715 0 -0.69217811196996715 0 -0.69217811196996715 0 0
18 0 45 0 18 45 27 26 1 1.412969260722523 0 1.412969260722523 0 1.412969260722523 0 0
18 0 46 0 18 46 28 27 1 -0.69238670518368572 0 -0.69238670518368572 0 -0.69238670518368572 0 0
18 0 47 0 18 47 29 28 1 1.412805434823321 0 1.412805434823321 0 1.412805434823321 0 0
18 0 48 0 18 48 30 29 1 -0.6925078382886708 0 -0.6925078382886708 0 -0.6925078382886708 0 0
18 0 49 0 18 49 31 30 1 1.4127254916248142 0 1.4127254916248142 0 1.4127254916248142 0 0
18 0 50 0 18 50 32 31 1 -0.69254756909215287 0 -0.69254756909215287 0 -0.69254756909215287 0 0
18 0 51 0 18 51 31 30 1 1.4127254916248142 0 1.4127254916248169 0 1.4127254916248142 0 2.6645352591003757e-15
18 0 52 0 18 52 30 29 1 -0.6925078382886708 0 -0.69250783828867302 0 -0.6925078382886708 0 2.2204460492503131e-15
18 0 53 0 18 53 29 28 1 1.412805434823321 0 1.4128054348233245 0 1.412805434823321 0 3.5527136788005009e-15
18 0 54 0 18 54 28 27 1 -0.69238670518368572 0 -0.69238670518369061 0 -0.69238670518368572 0 4.8849813083506888e-15
18 0 55 0 18 55 27 26 1 1.412969260722523 0 1.4129692607225253 0 1.412969260722523 0 2.2204460492503131e-15
18 0 56 0 18 56 26 25 1 -0.69217811196996715 0 -0.69217811196997048 0 -0.69217811196996715 0 3.3306690738754696e-15
18 0 57 0 18 57 25 24 1 1.4132253331583424 0 1.4132253331583415 0 1.4132253331583424 0 8.8817841970012523e-16
18 0 58 0 18 58 24 23 1 -0.69187112178069776 0 -0.69187112178070287 0 -0.69187112178069776 0 5.1070259132757201e-15
18 0 59 0 18 59 23 22 1 1.4135875246411542 0 1.4135875246411573 0 1.4135875246411542 0 3.1086244689504383e-15
18 0 60 0 18 60 22 21 1 -0.69144844497275415 0 -0.69144844497276392 0 -0.69144844497275415 0 9.7699626167013776e-15
18 0 61 0 18 61 21 20 1 1.4140771750058097 0 1.4140771750058145 0 1.4140771750058097 0 4.8849813083506888e-15
18 0 62 0 18 62 20 19 1 -0.69088386103115262 0 -0.69088386103115063 0 -0.69088386103115262 0 1.9984014443252818e-15
18 0 63 0 18 63 19 18 1 1.4147264780329518 0 1.4147264780329598 0 1.4147264780329518 0 7.9936057773011271e-15
18 0 0 1 18 64 18 50 -1 0.20703724960773262 0 -0.20703724960773262 0 -0.20703724960773262 0 0
18 0 1 1 18 65 17 49 -1 0.20703724960773262 0 -0.20703724960773262 0 -0.20703724960773262 0 0
18 0 2 1 18 66 16 48 -1 0.20703724960773262 0 -0.20703724960773262 0 -0.20703724960773262 0 0
18 0 3 1 18 67 15 47 -1 0.20703724960773262 0 -0.20703724960773262 0 -0.20703724960773262 0 0
18 0 4 1 18 68 14 46 -1 0.20703724960773262 0 -0.20703724960773262 0 -0.20703724960773262 0 0
18 0 5 1 18 69 13 45 -1 0.20703724960773262 0 -0.20703724960773262 0 -0.20703724960773262 0 0
18 0 6 1 18 70 12 44 -1 0.20703724960773262 0 -0.20703724960773262 0 -0.20703724960773262 0 0
18 0 7 1 18 71 11 43 -1 0.20703724960773262 0 -0.20703724960773262 0 -0.20703724960773262 0 0
18 0 8 1 18 72 10 42 -1 0.20703724960773262 0 -0.20703724960773262 0 -0.20703724960773262 0 0
18 0 9 1 18 73 9 41 -1 0.20703724960773262 0 -0.20703724960773262 0 -0.20703724960773262 0 0
18 0 10 1 18 74 8 40 -1 0.20703724960773262 0 -0.20703724960773262 0 -0.20703724960773262 0 0
18 0 11 1 18 75 7 39 -1 0.20703724960773262 0 -0.20703724960773262 0 -0.20703724960773262 0 0
18 0 12 1 18 76 6 38 -1 0.20703724960773262 0 -0.20703724960773262 0 -0.20703724960773262 0 0
18 0 13 1 18 77 5 37 -1 0.20703724960773262 0 -0.20703724960773262 0 -0.20703724960773262 0 0
18 0 14 1 18 78 4 36 -1 0.20703724960773262 0 -0.20703724960773262 0 -0.20703724960773262 0 0
18 0 15 1 18 79 3 35 -1 0.20703724960773262 0 -0.20703724960773262 0 -0.20703724960773262 0 0
18 0 16 1 18 80 2 34 -1 0.20703724960773262 0 -0.20703724960773262 0 -0.20703724960773262 0 0
18 0 17 1 18 81 1 33 -1 0.20703724960773262 0 -0.20703724960773262 0 -0.20703724960773262 0 0
18 0 18 1 18 82 0 32 1 0 0 0 0 0 0 0
18 0 19 1 18 83 1 33 1 0.20703724960773262 0 0.20703724960773262 0 0.20703724960773262 0 0
18 0 20 1 18 84 2 34 1 0.20703724960773262 0 0.20703724960773262 0 0.20703724960773262 0 0
18 0 21 1 18 85 3 35 1 0.20703724960773262 0 0.20703724960773262 0 0.20703724960773262 0 0
18 0 22 1 18 86 4 36 1 0.20703724960773262 0 0.20703724960773262 0 0.20703724960773262 0 0
18 0 23 1 18 87 5 37 1 0.20703724960773262 0 0.20703724960773262 0 0.20703724960773262 0 0
18 0 24 1 18 88 6 38 1 0.20703724960773262 0 0.20703724960773262 0 0.20703724960773262 0 0
18 0 25 1 18 89 7 39 1 0.20703724960773262 0 0.20703724960773262 0 0.20703724960773262 0 0
18 0 26 1 18 90 8 40 1 0.20703724960773262 0 0.20703724960773262 0 0.20703724960773262 0 0
18 0 27 1 18 91 9 41 1 0.20703724960773262 0 0.20703724960773262 0 0.20703724960773262 0 0
18 0 28 1 18 92 10 42 1 0.20703724960773262 0 0.20703724960773262 0 0.20703724960773262 0 0
18 0 29 1 18 93 11 43 1 0.20703724960773262 0 0.20703724960773262 0 0.20703724960773262 0 0
18 0 30 1 18 94 12 44 1 0.20703724960773262 0 0.20703724960773262 0 0.20703724960773262 0 0
18 0 31 1 18 95 13 45 1 0.20703724960773262 0 0.20703724960773262 0 0.20703724960773262 0 0
18 0 32 1 18 96 14 46 1 0.20703724960773262 0 0.20703724960773262 0 0.20703724960773262 0 0
18 0 33 1 18 97 15 47 1 0.20703724960773262 0 0.20703724960773262 0 0.20703724960773262 0 0
18 0 34 1 18 98 16 48 1 0.20703724960773262 0 0.20703724960773262 0 0.20703724960773262 0 0
18 0 35 1 18 99 17 49 1 0.20703724960773262 0 0.20703724960773262 0 0.20703724960773262 0 0
18 0 36 1 18 100 18 50 1 0.20703724960773262 0 0.20703724960773262 0 0.20703724960773262 0 0
18 0 37 1 18 101 19 51 1 0.20703724960773262 0 0.20703724960773262 0 0.20703724960773262 0 0
18 0 38 1 18 102 20 52 1 0.20703724960773262 0 0.20703724960773262 0 0.20703724960773262 0 0
18 0 39 1 18 103 21 53 1 0.20703724960773262 0 0.20703724960773262 0 0.20703724960773262 0 0
18 0 40 1 18 104 22 54 1 0.20703724960773262 0 0.20703724960773262 0 0.20703724960773262 0 0
18 0 41 1 18 105 23 55 1 0.20703724960773262 0 0.20703724960773262 0 0.20703724960773262 0 0
18 0 42 1 18 106 24 56 1 0.20703724960773262 0 0.20703724960773262 0 0.20703724960773262 0 0
18 0 43 1 18 107 25 57 1 0.20703724960773262 0 0.20703724960773262 0 0.20703724960773262 0 0
18 0 44 1 18 108 26 58 1 0.20703724960773262 0 0.20703724960773262 0 0.20703724960773262 0 0
18 0 45 1 18 109 27 59 1 0.20703724960773262 0 0.20703724960773262 0 0.20703724960773262 0 0
18 0 46 1 18 110 28 60 1 0.20703724960773262 0 0.20703724960773262 0 0.20703724960773262 0 0
18 0 47 1 18 111 29 61 1 0.20703724960773262 0 0.20703724960773262 0 0.20703724960773262 0 0
18 0 48 1 18 112 30 62 1 0.20703724960773262 0 0.20703724960773262 0 0.20703724960773262 0 0
18 0 49 1 18 113 31 63 1 0.20703724960773262 0 0.20703724960773262 0 0.20703724960773262 0 0
18 0 50 1 18 114 32 64 1 0.20703724960773262 0 0.20703724960773262 0 0.20703724960773262 0 0
18 0 51 1 18 115 31 63 1 0.20703724960773262 0 0.20703724960773262 0 0.20703724960773262 0 0
18 0 52 1 18 116 30 62 1 0.20703724960773262 0 0.20703724960773262 0 0.20703724960773262 0 0
18 0 53 1 18 117 29 61 1 0.20703724960773262 0 0.20703724960773262 0 0.20703724960773262 0 0
18 0 54 1 18 118 28 60 1 0.20703724960773262 0 0.20703724960773262 0 0.20703724960773262 0 0
18 0 55 1 18 119 27 59 1 0.20703724960773262 0 0.20703724960773262 0 0.20703724960773262 0 0
18 0 56 1 18 120 26 58 1 0.20703724960773262 0 0.20703724960773262 0 0.20703724960773262 0 0
18 0 57 1 18 121 25 57 1 0.20703724960773262 0 0.20703724960773262 0 0.20703724960773262 0 0
18 0 58 1 18 122 24 56 1 0.20703724960773262 0 0.20703724960773262 0 0.20703724960773262 0 0
18 0 59 1 18 123 23 55 1 0.20703724960773262 0 0.20703724960773262 0 0.20703724960773262 0 0
18 0 60 1 18 124 22 54 1 0.20703724960773262 0 0.20703724960773262 0 0.20703724960773262 0 0
18 0 61 1 18 125 21 53 1 0.20703724960773262 0 0.20703724960773262 0 0.20703724960773262 0 0
18 0 62 1 18 126 20 52 1 0.20703724960773262 0 0.20703724960773262 0 0.20703724960773262 0 0
18 0 63 1 18 127 19 51 1 0.20703724960773262 0 0.20703724960773262 0 0.20703724960773262 0 0
19 0 20 0 19 20 1 0 1 1.5483719497275521 0 1.5483719497275521 0 1.5483719497275521 0 0
19 0 21 0 19 21 2 1 1 -0.62106902470630421 0 -0.62106902470630421 0 -0.62106902470630421 0 0
19 0 22 0 19 22 3 2 1 1.4591568302030655 0 1.4591568302030655 0 1.4591568302030655 0 0
19 0 23 0 19 23 4 3 1 -0.65922634871850916 0 -0.65922634871850916 0 -0.65922634871850916 0 0
19 0 24 0 19 24 5 4 1 1.4380193841453996 0 1.4380193841453996 0 1.4380193841453996 0 0
19 0 25 0 19 25 6 5 1 -0.67262681213945552 0 -0.67262681213945552 0 -0.67262681213945552 0 0
19 0 26 0 19 26 7 6 1 1.4287857099143846 0 1.4287857099143846 0 1.4287857099143846 0 0
19 0 27 0 19 27 8 7 1 -0.67935965176948165 0 -0.67935965176948165 0 -0.67935965176948165 0 0
19 0 28 0 19 28 9 8 1 1.423671853971749 0 1.423671853971749 0 1.423671853971749 0 0
19 0 29 0 19 29 10 9 1 -0.68336495168385192 0 -0.68336495168385192 0 -0.68336495168385192 0 0
19 0 30 0 19 30 11 10 1 1.4204592435907357 0 1.4204592435907357 0 1.4204592435907357 0 0
19 0 31 0 19 31 12 11 1 -0.68599076312992613 0 -0.68599076312992613 0 -0.68599076312992613 0 0
19 0 32 0 19 32 13 12 1 1.418280333004784 0 1.418280333004784 0 1.418280333004784 0 0
19 0 33 0 19 33 14 13 1 -0.68782111261705625 0 -0.68782111261705625 0 -0.68782111261705625 0 0
19 0 34 0 19 34 15 14 1 1.4167274407073669 0 1.4167274407073669 0 1.4167274407073669 0 0
19 0 35 0 19 35 16 15 1 -0.68914919296560939 0 -0.68914919296560939 0 -0.68914919296560939 0 0
19 0 36 0 19 36 17 16 1 1.415584401425233 0 1.415584401425233 0 1.415584401425233 0 0
19 0 37 0 19 37 18 17 1 -0.6901377561362213 0 -0.6901377561362213 0 -0.6901377561362213 0 0
19 0 38 0 19 38 19 18 1 1.4147264780329518 0 1.4147264780329518 0 1.4147264780329518 0 0
19 0 39 0 19 39 20 19 1 -0.69088386103115262 0 -0.69088386103115262 0 -0.69088386103115262 0 0
19 0 40 0 19 40 21 20 1 1.4140771750058097 0 1.4140771750058097 0 1.4140771750058097 0 0
19 0 41 0 19 41 22 21 1 -0.69144844497275415 0 -0.69144844497275415 0 -0.69144844497275415 0 0
19 0 42 0 19 42 23 22 1 1.4135875246411542 0 1.4135875246411542 0 1.4135875246411542 0 0
19 0 43 0 19 43 24 23 1 -0.69187112178069776 0 -0.69187112178069776 0 -0.69187112178069776 0 0
19 0 44 0 19 44 25 24 1 1.4132253331583424 0 1.4132253331583424 0 1.4132253331583424 0 0
19 0 45 0 19 45 26 25 1 -0.69217811196996715 0 -0.69217811196996715 0 -0.69217811196996715 0 0
19 0 46 0 19 46 27 26 1 1.412969260722523 0 1.412969260722523 0 1.412969260722523 0 0
19 0 47 0 19 47 28 27 1 -0.69238670518368572 0 -0.69238670518368572 0 -0.69238670518368572 0 0
19 0 48 0 19 48 29 28 1 1.412805434823321 0 1.412805434823321 0 1.412805434823321 0 0
19 0 49 0 19 49 30 29 1 -0.6925078382886708 0 -0.6925078382886708 0 -0.6925078382886708 0 0
19 0 50 0 19 50 31 30 1 1.4127254916248142 0 1.4127254916248142 0 1.4127254916248142 0 0
19 0 51 0 19 51 32 31 1 -0.69254756909215287 0 -0.69254756909215287 0 -0.69254756909215287 0 0
19 0 52 0 19 52 31 30 1 1.4127254916248142 0 1.4127254916248169 0 1.4127254916248142 0 2.6645352591003757e-15
19 0 53 0 19 53 30 29 1 -0.6925078382886708 0 -0.69250783828867302 0 -0.6925078382886708 0 2.2204460492503131e-15
19 0 54 0 19 54 29 28 1 1.412805434823321 0 1.4128054348233245 0 1.412805434823321 0 3.5527136788005009e-15
19 0 55 0 19 55 28 27 1 -0.69238670518368572 0 -0.69238670518369061 0 -0.69238670518368572 0 4.8849813083506888e-15
19 0 56 0 19 56 27 26 1 1.412969260722523 0 1.4129692607225253 0 1.412969260722523 0 2.2204460492503131e-15
19 0 57 0 19 57 26 25 1 -0.69217811196996715 0 -0.69217811196997048 0 -0.69217811196996715 0 3.3306690738754696e-15
19 0 58 0 19 58 25 24 1 1.4132253331583424 0 1.4132253331583415 0 1.4132253331583424 0 8.8817841970012523e-16
19 0 59 0 19 59 24 23 1 -0.69187112178069776 0 -0.69187112178070287 0 -0.69187112178069776 0 5.1070259132757201e-15
19 0 60 0 19 60 23 22 1 1.4135875246411542 0 1.4135875246411573 0 1.4135875246411542 0 3.1086244689504383e-15
19 0 61 0 19 61 22 21 1 -0.69144844497275415 0 -0.69144844497276392 0 -0.69144844497275415 0 9.7699626167013776e-15
19 0 62 0 19 62 21 20 1 1.4140771750058097 0 1.4140771750058145 0 1.4140771750058097 0 4.8849813083506888e-15
19 0 63 0 19 63 20 19 1 -0.69088386103115262 0 -0.69088386103115063 0 -0.69088386103115262 0 1.9984014443252818e-15
19 0 0 1 19 64 19 51 -1 0.20703724960773262 0 -0.20703724960773262 0 -0.20703724960773262 0 0
19 0 1 1 19 65 18 50 -1 0.20703724960773262 0 -0.20703724960773262 0 -0.20703724960773262 0 0
19 0 2 1 19 66 17 49 -1 0.20703724960773262 0 -0.20703724960773262 0 -0.20703724960773262 0 0
19 0 3 1 19 67 16 48 -1 0.20703724960773262 0 -0.20703724960773262 0 -0.20703724960773262 0 0
19 0 4 1 19 68 15 47 -1 0.20703724960773262 0 -0.20703724960773262 0 -0.20703724960773262 0 0
19 0 5 1 19 69 14 46 -1 0.20703724960773262 0 -0.20703724960773262 0 -0.20703724960773262 0 0
19 0 6 1 19 70 13 45 -1 0.20703724960773262 0 -0.20703724960773262 0 -0.20703724960773262 0 0
19 0 7 1 19 71 12 44 -1 0.20703724960773262 0 -0.20703724960773262 0 -0.20703724960773262 0 0
19 0 8 1 19 72 11 43 -1 0.20703724960773262 0 -0.20703724960773262 0 -0.20703724960773262 0 0
19 0 9 1 19 73 10 42 -1 0.20703724960773262 0 -0.20703724960773262 0 -0.20703724960773262 0 0
19 0 10 1 19 74 9 41 -1 0.20703724960773262 0 -0.20703724960773262 0 -0.20703724960773262 0 0
19 0 11 1 19 75 8 40 -1 0.20703724960773262 0 -0.20703724960773262 0 -0.20703724960773262 0 0
19 0 12 1 19 76 7 39 -1 0.20703724960773262 0 -0.20703724960773262 0 -0.20703724960773262 0 0
19 0 13 1 19 77 6 38 -1 0.20703724960773262 0 -0.20703724960773262 0 -0.20703724960773262 0 0
19 0 14 1 19 78 5 37 -1 0.20703724960773262 0 -0.20703724960773262 0 -0.20703724960773262 0 0
19 0 15 1 19 79 4 36 -1 0.20703724960773262 0 -0.20703724960773262 0 -0.20703724960773262 0 0
19 0 16 1 19 80 3 35 -1 0.20703724960773262 0 -0.20703724960773262 0 -0.20703724960773262 0 0
19 0 17 1 19 81 2 34 -1 0.20703724960773262 0 -0.20703724960773262 0 -0.20703724960773262 0 0
19 0 18 1 19 82 1 33 -1 0.20703724960773262 0 -0.20703724960773262 0 -0.20703724960773262 0 0
19 0 19 1 19 83 0 32 1 0 0 0 0 0 0 0
19 0 20 1 19 84 1 33 1 0.20703724960773262 0 0.20703724960773262 0 0.20703724960773262 0 0
19 0 21 1 19 85 2 34 1 0.20703724960773262 0 0.20703724960773262 0 0.20703724960773262 0 0
19 0 22 1 19 86 3 35 1 0.20703724960773262 0 0.20703724960773262 0 0.20703724960773262 0 0
19 0 23 1 19 87 4 36 1 0.20703724960773262 0 0.20703724960773262 0 0.20703724960773262 0 0
19 0 24 1 19 88 5 37 1 0.20703724960773262 0 0.20703724960773262 0 0.20703724960773262 0 0
19 0 25 1 19 89 6 38 1 0.20703724960773262 0 0.20703724960773262 0 0.20703724960773262 0 0
19 0 26 1 19 90 7 39 1 0.20703724960773262 0 0.20703724960773262 0 0.20703724960773262 0 0
19 0 27 1 19 91 8 40 1 0.20703724960773262 0 0.20703724960773262 0 0.20703724960773262 0 0
19 0 28 1 19 92 9 41 1 0.20703724960773262 0 0.20703724960773262 0 0.20703724960773262 0 0
19 0 29 1 19 93 10 42 1 0.20703724960773262 0 0.20703724960773262 0 0.20703724960773262 0 0
19 0 30 1 19 94 11 43 1 0.20703724960773262 0 0.20703724960773262 0 0.20703724960773262 0 0
19 0 31 1 19 95 12 44 1 0.20703724960773262 0 0.20703724960773262 0 0.20703724960773262 0 0
19 0 32 1 19 96 13 45 1 0.20703724960773262 0 0.20703724960773262 0 0.20703724960773262 0 0
19 0 33 1 19 97 14 46 1 0.20703724960773262 0 0.20703724960773262 0 0.20703724960773262 0 0
19 0 34 1 19 98 15 47 1 0.20703724960773262 0 0.20703724960773262 0 0.20703724960773262 0 0
19 0 35 1 19 99 16 48 1 0.20703724960773262 0 0.20703724960773262 0 0.20703724960773262 0 0
19 0 36 1 19 100 17 49 1 0.20703724960773262 0 0.20703724960773262 0 0.20703724960773262 0 0
19 0 37 1 19 101 18 50 1 0.20703724960773262 0 0.20703724960773262 0 0.20703724960773262 0 0
19 0 38 1 19 102 19 51 1 0.20703724960773262 0 0.20703724960773262 0 0.20703724960773262 0 0
19 0 39 1 19 103 20 52 1 0.20703724960773262 0 0.20703724960773262 0 0.20703724960773262 0 0
19 0 40 1 19 104 21 53 1 0.20703724960773262 0 0.20703724960773262 0 0.20703724960773262 0 0
19 0 41 1 19 105 22 54 1 0.20703724960773262 0 0.20703724960773262 0 0.20703724960773262 0 0
19 0 42 1 19 106 23 55 1 0.20703724960773262 0 0.20703724960773262 0 0.20703724960773262 0 0
19 0 43 1 19 107 24 56 1 0.20703724960773262 0 0.20703724960773262 0 0.20703724960773262 0 0
19 0 44 1 19 108 25 57 1 0.20703724960773262 0 0.20703724960773262 0 0.20703724960773262 0 0
19 0 45 1 19 109 26 58 1 0.20703724960773262 0 0.20703724960773262 0 0.20703724960773262 0 0
19 0 46 1 19 110 27 59 1 0.20703724960773262 0 0.20703724960773262 0 0.20703724960773262 0 0
19 0 47 1 19 111 28 60 1 0.20703724960773262 0 0.20703724960773262 0 0.20703724960773262 0 0
19 0 48 1 19 112 29 61 1 0.20703724960773262 0 0.20703724960773262 0 0.20703724960773262 0 0
19 0 49 1 19 113 30 62 1 0.20703724960773262 0 0.20703724960773262 0 0.20703724960773262 0 0
19 0 50 1 19 114 31 63 1 0.20703724960773262 0 0.20703724960773262 0 0.20703724960773262 0 0
19 0 51 1 19 115 32 64 1 0.20703724960773262 0 0.20703724960773262 0 0.20703724960773262 0 0
19 0 52 1 19 116 31 63 1 0.20703724960773262 0 0.20703724960773262 0 0.20703724960773262 0 0
19 0 53 1 19 117 30 62 1 0.20703724960773262 0 0.20703724960773262 0 0.20703724960773262 0 0
19 0 54 1 19 118 29 61 1 0.20703724960773262 0 0.20703724960773262 0 0.20703724960773262 0 0
19 0 55 1 19 119 28 60 1 0.20703724960773262 0 0.20703724960773262 0 0.20703724960773262 0 0
19 0 56 1 19 120 27 59 1 0.20703724960773262 0 0.20703724960773262 0 0.20703724960773262 0 0
19 0 57 1 19 121 26 58 1 0.20703724960773262 0 0.20703724960773262 0 0.20703724960773262 0 0
19 0 58 1 19 122 25 57 1 0.20703724960773262 0 0.20703724960773262 0 0.20703724960773262 0 0
19 0 59 1 19 123 24 56 1 0.20703724960773262 0 0.20703724960773262 0 0.20703724960773262 0 0
19 0 60 1 19 124 23 55 1 0.20703724960773262 0 0.20703724960773262 0 0.20703724960773262 0 0
19 0 61 1 19 125 22 54 1 0.20703724960773262 0 0.20703724960773262 0 0.20703724960773262 0 0
19 0 62 1 19 126 21 53 1 0.20703724960773262 0 0.20703724960773262 0 0.20703724960773262 0 0
19 0 63 1 19 127 20 52 1 0.20703724960773262 0 0.20703724960773262 0 0.20703724960773262 0 0
20 0 21 0 20 21 1 0 1 1.5483719497275521 0 1.5483719497275521 0 1.5483719497275521 0 0
20 0 22 0 20 22 2 1 1 -0.62106902470630421 0 -0.62106902470630421 0 -0.62106902470630421 0 0
20 0 23 0 20 23 3 2 1 1.4591568302030655 0 1.4591568302030655 0 1.4591568302030655 0 0
20 0 24 0 20 24 4 3 1 -0.65922634871850916 0 -0.65922634871850916 0 -0.65922634871850916 0 0
20 0 25 0 20 25 5 4 1 1.4380193841453996 0 1.4380193841453996 0 1.4380193841453996 0 0
20 0 26 0 20 26 6 5 1 -0.67262681213945552 0 -0.67262681213945552 0 -0.67262681213945552 0 0
20 0 27 0 20 27 7 6 1 1.4287857099143846 0 1.4287857099143846 0 1.4287857099143846 0 0
20 0 28 0 20 28 8 7 1 -0.67935965176948165 0 -0.67935965176948165 0 -0.67935965176948165 0 0
20 0 29 0 20 29 9 8 1 1.423671853971749 0 1.423671853971749 0 1.423671853971749 0 0
20 0 30 0 20 30 10 9 1 -0.68336495168385192 0 -0.68336495168385192 0 -0.68336495168385192 0 0
20 0 31 0 20 31 11 10 1 1.4204592435907357 0 1.4204592435907357 0 1.4204592435907357 0 0
20 0 32 0 20 32 12 11 1 -0.68599076312992613 0 -0.68599076312992613 0 -0.68599076312992613 0 0
20 0 33 0 20 33 13 12 1 1.418280333004784 0 1.418280333004784 0 1.418280333004784 0 0
20 0 34 0 20 34 14 13 1 -0.68782111261705625 0 -0.68782111261705625 0 -0.68782111261705625 0 0
20 0 35 0 20 35 15 14 1 1.4167274407073669 0 1.4167274407073669 0 1.4167274407073669 0 0
20 0 36 0 20 36 16 15 1 -0.68914919296560939 0 -0.68914919296560939 0 -0.68914919296560939 0 0
20 0 37 0 20 37 17 16 1 1.415584401425233 0 1.415584401425233 0 1.415584401425233 0 0
20 0 38 0 20 38 18 17 1 -0.6901377561362213 0 -0.6901377561362213 0 -0.6901377561362213 0 0
20 0 39 0 20 39 19 18 1 1.4147264780329518 0 1.4147264780329518 0 1.4147264780329518 0 0
20 0 40 0 20 40 20 19 1 -0.69088386103115262 0 -0.69088386103115262 0 -0.69088386103115262 0 0
20 0 41 0 20 41 21 20 1 1.4140771750058097 0 1.4140771750058097 0 1.4140771750058097 0 0
20 0 42 0 20 42 22 21 1 -0.69144844497275415 0 -0.69144844497275415 0 -0.69144844497275415 0 0
20 0 43 0 20 43 23 22 1 1.4135875246411542 0 1.4135875246411542 0 1.4135875246411542 0 0
20 0 44 0 20 44 24 23 1 -0.69187112178069776 0 -0.69187112178069776 0 -0.69187112178069776 0 0
20 0 45 0 20 45 25 24 1 1.4132253331583424 0 1.4132253331583424 0 1.4132253331583424 0 0
20 0 46 0 20 46 26 25 1 -0.69217811196996715 0 -0.69217811196996715 0 -0.69217811196996715 0 0
20 0 47 0 20 47 27 26 1 1.412969260722523 0 1.412969260722523 0 1.412969260722523 0 0
20 0 48 0 20 48 28 27 1 -0.69238670518368572 0 -0.69238670518368572 0 -0.69238670518368572 0 0
20 0 49 0 20 49 29 28 1 1.412805434823321 0 1.412805434823321 0 1.412805434823321 0 0
20 0 50 0 20 50 30 29 1 -0.6925078382886708 0 -0.6925078382886708 0 -0.6925078382886708 0 0
20 0 51 0 20 51 31 30 1 1.4127254916248142 0 1.4127254916248142 0 1.4127254916248142 0 0
20 0 52 0 20 52 32 31 1 -0.69254756909215287 0 -0.69254756909215287 0 -0.69254756909215287 0 0
20 0 53 0 20 53 31 30 1 1.4127254916248142 0 1.4127254916248169 0 1.4127254916248142 0 2.6645352591003757e-15
20 0 54 0 20 54 30 29 1 -0.6925078382886708 0 -0.69250783828867302 0 -0.6925078382886708 0 2.2204460492503131e-15
20 0 55 0 20 55 29 28 1 1.412805434823321 0 1.4128054348233245 0 1.412805434823321 0 3.5527136788005009e-15
20 0 56 0 20 56 28 27 1 -0.69238670518368572 0 -0.69238670518369061 0 -0.69238670518368572 0 4.8849813083506888e-15
20 0 57 0 20 57 27 26 1 1.412969260722523 0 1.4129692607225253 0 1.412969260722523 0 2.2204460492503131e-15
20 0 58 0 20 58 26 25 1 -0.69217811196996715 0 -0.69217811196997048 0 -0.69217811196996715 0 3.3306690738754696e-15
20 0 59 0 20 59 25 24 1 1.4132253331583424 0 1.4132253331583415 0 1.4132253331583424 0 8.8817841970012523e-16
20 0 60 0 20 60 24 23 1 -0.69187112178069776 0 -0.69187112178070287 0 -0.69187112178069776 0 5.1070259132757201e-15
20 0 61 0 20 61 23 22 1 1.4135875246411542 0 1.4135875246411573 0 1.4135875246411542 0 3.1086244689504383e-15
20 0 62 0 20 62 22 21 1 -0.69144844497275415 0 -0.69144844497276392 0 -0.69144844497275415 0 9.7699626167013776e-15
20 0 63 0 20 63 21 20 1 1.4140771750058097 0 1.4140771750058145 0 1.4140771750058097 0 4.8849813083506888e-15
20 0 0 1 20 64 20 52 -1 0.20703724960773262 0 -0.20703724960773262 0 -0.20703724960773262 0 0
20 0 1 1 20 65 19 51 -1 0.20703724960773262 0 -0.20703724960773262 0 -0.20703724960773262 0 0
20 0 2 1 20 66 18 50 -1 0.20703724960773262 0 -0.20703724960773262 0 -0.20703724960773262 0 0
20 0 3 1 20 67 17 49 -1 0.20703724960773262 0 -0.20703724960773262 0 -0.20703724960773262 0 0
20 0 4 1 20 68 16 48 -1 0.20703724960773262 0 -0.20703724960773262 0 -0.20703724960773262 0 0
20 0 5 1 20 69 15 47 -1 0.20703724960773262 0 -0.20703724960773262 0 -0.20703724960773262 0 0
20 0 6 1 20 70 14 46 -1 0.20703724960773262 0 -0.20703724960773262 0 -0.20703724960773262 0 0
20 0 7 1 20 71 13 45 -1 0.20703724960773262 0 -0.20703724960773262 0 -0.20703724960773262 0 0
20 0 8 1 20 72 12 44 -1 0.20703724960773262 0 -0.20703724960773262 0 -0.20703724960773262 0 0
20 0 9 1 20 73 11 43 -1 0.20703724960773262 0 -0.20703724960773262 0 -0.20703724960773262 0 0
20 0 10 1 20 74 10 42 -1 0.20703724960773262 0 -0.20703724960773262 0 -0.20703724960773262 0 0
20 0 11 1 20 75 9 41 -1 0.20703724960773262 0 -0.20703724960773262 0 -0.20703724960773262 0 0
20 0 12 1 20 76 8 40 -1 0.20703724960773262 0 -0.20703724960773262 0 -0.20703724960773262 0 0
20 0 13 1 20 77 7 39 -1 0.20703724960773262 0 -0.20703724960773262 0 -0.20703724960773262 0 0
20 0 14 1 20 78 6 38 -1 0.20703724960773262 0 -0.20703724960773262 0 -0.20703724960773262 0 0
20 0 15 1 20 79 5 37 -1 0.20703724960773262 0 -0.20703724960773262 0 -0.20703724960773262 0 0
20 0 16 1 20 80 4 36 -1 0.20703724960773262 0 -0.20703724960773262 0 -0.20703724960773262 0 0
20 0 17 1 20 81 3 35 -1 0.20703724960773262 0 -0.20703724960773262 0 -0.20703724960773262 0 0
20 0 18 1 20 82 2 34 -1 0.20703724960773262 0 -0.20703724960773262 0 -0.20703724960773262 0 0
20 0 19 1 20 83 1 33 -1 0.20703724960773262 0 -0.20703724960773262 0 -0.20703724960773262 0 0
20 0 20 1 20 84 0 32 1 0 0 0 0 0 0 0
20 0 21 1 20 85 1 33 1 0.20703724960773262 0 0.20703724960773262 0 0.20703724960773262 0 0
20 0 22 1 20 86 2 34 1 0.20703724960773262 0 0.20703724960773262 0 0.20703724960773262 0 0
20 0 23 1 20 87 3 35 1 0.20703724960773262 0 0.20703724960773262 0 0.20703724960773262 0 0
20 0 24 1 20 88 4 36 1 0.20703724960773262 0 0.20703724960773262 0 0.20703724960773262 0 0
20 0 25 1 20 89 5 37 1 0.20703724960773262 0 0.20703724960773262 0 0.20703724960773262 0 0
20 0 26 1 20 90 6 38 1 0.20703724960773262 0 0.20703724960773262 0 0.20703724960773262 0 0
20 0 27 1 20 91 7 39 1 0.20703724960773262 0 0.20703724960773262 0 0.20703724960773262 0 0
20 0 28 1 20 92 8 40 1 0.20703724960773262 0 0.20703724960773262 0 0.20703724960773262 0 0
20 0 29 1 20 93 9 41 1 0.20703724960773262 0 0.20703724960773262 0 0.20703724960773262 0 0
20 0 30 1 20 94 10 42 1 0.20703724960773262 0 0.20703724960773262 0 0.20703724960773262 0 0
20 0 31 1 20 95 11 43 1 0.20703724960773262 0 0.20703724960773262 0 0.20703724960773262 0 0
20 0 32 1 20 96 12 44 1 0.20703724960773262 0 0.20703724960773262 0 0.20703724960773262 0 0
20 0 33 1 20 97 13 45 1 0.20703724960773262 0 0.20703724960773262 0 0.20703724960773262 0 0
20 0 34 1 20 98 14 46 1 0.20703724960773262 0 0.20703724960773262 0 0.20703724960773262 0 0
20 0 35 1 20 99 15 47 1 0.20703724960773262 0 0.20703724960773262 0 0.20703724960773262 0 0
20 0 36 1 20 100 16 48 1 0.20703724960773262 0 0.20703724960773262 0 0.20703724960773262 0 0
20 0 37 1 20 101 17 49 1 0.20703724960773262 0 0.20703724960773262 0 0.20703724960773262 0 0
20 0 38 1 20 102 18 50 1 0.20703724960773262 0 0.20703724960773262 0 0.20703724960773262 0 0
20 0 39 1 20 103 19 51 1 0.20703724960773262 0 0.20703724960773262 0 0.20703724960773262 0 0
20 0 40 1 20 104 20 52 1 0.20703724960773262 0 0.20703724960773262 0 0.20703724960773262 0 0
20 0 41 1 20 105 21 53 1 0.20703724960773262 0 0.20703724960773262 0 0.20703724960773262 0 0
20 0 42 1 20 106 22 54 1 0.20703724960773262 0 0.20703724960773262 0 0.20703724960773262 0 0
20 0 43 1 20 107 23 55 1 0.20703724960773262 0 0.20703724960773262 0 0.20703724960773262 0 0
20 0 44 1 20 108 24 56 1 0.20703724960773262 0 0.20703724960773262 0 0.20703724960773262 0 0
20 0 45 1 20 109 25 57 1 0.20703724960773262 0 0.20703724960773262 0 0.20703724960773262 0 0
20 0 46 1 20 110 26 58 1 0.20703724960773262 0 0.20703724960773262 0 0.20703724960773262 0 0
20 0 47 1 20 111 27 59 1 0.20703724960773262 0 0.20703724960773262 0 0.20703724960773262 0 0
20 0 48 1 20 112 28 60 1 0.20703724960773262 0 0.20703724960773262 0 0.20703724960773262 0 0
20 0 49 1 20 113 29 61 1 0.20703724960773262 0 0.20703724960773262 0 0.20703724960773262 0 0
20 0 50 1 20 114 30 62 1 0.20703724960773262 0 0.20703724960773262 0 0.20703724960773262 0 0
20 0 51 1 20 115 31 63 1 0.20703724960773262 0 0.20703724960773262 0 0.20703724960773262 0 0
20 0 52 1 20 116 32 64 1 0.20703724960773262 0 0.20703724960773262 0 0.20703724960773262 0 0
20 0 53 1 20 117 31 63 1 0.20703724960773262 0 0.20703724960773262 0 0.20703724960773262 0 0
20 0 54 1 20 118 30 62 1 0.20703724960773262 0 0.20703724960773262 0 0.20703724960773262 0 0
20 0 55 1 20 119 29 61 1 0.20703724960773262 0 0.20703724960773262 0 0.20703724960773262 0 0
20 0 56 1 20 120 28 60 1 0.20703724960773262 0 0.20703724960773262 0 0.20703724960773262 0 0
20 0 57 1 20 121 27 59 1 0.20703724960773262 0 0.20703724960773262 0 0.20703724960773262 0 0
20 0 58 1 20 122 26 58 1 0.20703724960773262 0 0.20703724960773262 0 0.20703724960773262 0 0
20 0 59 1 20 123 25 57 1 0.20703724960773262 0 0.20703724960773262 0 0.20703724960773262 0 0
20 0 60 1 20 124 24 56 1 0.20703724960773262 0 0.20703724960773262 0 0.20703724960773262 0 0
20 0 61 1 20 125 23 55 1 0.20703724960773262 0 0.20703724960773262 0 0.20703724960773262 0 0
20 0 62 1 20 126 22 54 1 0.20703724960773262 0 0.20703724960773262 0 0.20703724960773262 0 0
20 0 63 1 20 127 21 53 1 0.20703724960773262 0 0.20703724960773262 0 0.20703724960773262 0 0
21 0 22 0 21 22 1 0 1 1.5483719497275521 0 1.5483719497275521 0 1.5483719497275521 0 0
21 0 23 0 21 23 2 1 1 -0.62106902470630421 0 -0.62106902470630421 0 -0.62106902470630421 0 0
21 0 24 0 21 24 3 2 1 1.4591568302030655 0 1.4591568302030655 0 1.4591568302030655 0 0
21 0 25 0 21 25 4 3 1 -0.65922634871850916 0 -0.65922634871850916 0 -0.65922634871850916 0 0
21 0 26 0 21 26 5 4 1 1.4380193841453996 0 1.4380193841453996 0 1.4380193841453996 0 0
21 0 27 0 21 27 6 5 1 -0.67262681213945552 0 -0.67262681213945552 0 -0.67262681213945552 0 0
21 0 28 0 21 28 7 6 1 1.4287857099143846 0 1.4287857099143846 0 1.4287857099143846 0 0
21 0 29 0 21 29 8 7 1 -0.67935965176948165 0 -0.67935965176948165 0 -0.67935965176948165 0 0
21 0 30 0 21 30 9 8 1 1.423671853971749 0 1.423671853971749 0 1.423671853971749 0 0
21 0 31 0 21 31 10 9 1 -0.68336495168385192 0 -0.68336495168385192 0 -0.68336495168385192 0 0
21 0 32 0 21 32 11 10 1 1.4204592435907357 0 1.4204592435907357 0 1.4204592435907357 0 0
21 0 33 0 21 33 12 11 1 -0.68599076312992613 0 -0.68599076312992613 0 -0.68599076312992613 0 0
21 0 34 0 21 34 13 12 1 1.418280333004784 0 1.418280333004784 0 1.418280333004784 0 0
21 0 35 0 21 35 14 13 1 -0.68782111261705625 0 -0.68782111261705625 0 -0.68782111261705625 0 0
21 0 36 0 21 36 15 14 1 1.4167274407073669 0 1.4167274407073669 0 1.4167274407073669 0 0
21 0 37 0 21 37 16 15 1 -0.68914919296560939 0 -0.68914919296560939 0 -0.68914919296560939 0 0
21 0 38 0 21 38 17 16 1 1.415584401425233 0 1.415584401425233 0 1.415584401425233 0 0
21 0 39 0 21 39 18 17 1 -0.6901377561362213 0 -0.6901377561362213 0 -0.6901377561362213 0 0
21 0 40 0 21 40 19 18 1 1.4147264780329518 0 1.4147264780329518 0 1.4147264780329518 0 0
21 0 41 0 21 41 20 19 1 -0.69088386103115262 0 -0.69088386103115262 0 -0.69088386103115262 0 0
21 0 42 0 21 42 21 20 1 1.4140771750058097 0 1.4140771750058097 0 1.4140771750058097 0 0
21 0 43 0 21 43 22 21 1 -0.69144844497275415 0 -0.69144844497275415 0 -0.69144844497275415 0 0
21 0 44 0 21 44 23 22 1 1.4135875246411542 0 1.4135875246411542 0 1.4135875246411542 0 0
21 0 45 0 21 45 24 23 1 -0.69187112178069776 0 -0.69187112178069776 0 -0.69187112178069776 0 0
21 0 46 0 21 46 25 24 1 1.4132253331583424 0 1.4132253331583424 0 1.4132253331583424 0 0
21 0 47 0 21 47 26 25 1 -0.69217811196996715 0 -0.69217811196996715 0 -0.69217811196996715 0 0
21 0 48 0 21 48 27 26 1 1.412969260722523 0 1.412969260722523 0 1.412969260722523 0 0
21 0 49 0 21 49 28 27 1 -0.69238670518368572 0 -0.69238670518368572 0 -0.69238670518368572 0 0
21 0 50 0 21 50 29 28 1 1.412805434823321 0 1.412805434823321 0 1.412805434823321 0 0
21 0 51 0 21 51 30 29 1 -0.6925078382886708 0 -0.6925078382886708 0 -0.6925078382886708 0 0
21 0 52 0 21 52 31 30 1 1.4127254916248142 0 1.4127254916248142 0 1.4127254916248142 0 0
21 0 53 0 21 53 32 31 1 -0.69254756909215287 0 -0.69254756909215287 0 -0.69254756909215287 0 0
21 0 54 0 21 54 31 30 1 1.4127254916248142 0 1.4127254916248169 0 1.4127254916248142 0 2.6645352591003757e-15
21 0 55 0 21 55 30 29 1 -0.6925078382886708 0 -0.69250783828867302 0 -0.6925078382886708 0 2.2204460492503131e-15
21 0 56 0 21 56 29 28 1 1.412805434823321 0 1.4128054348233245 0 1.412805434823321 0 3.5527136788005009e-15
21 0 57 0 21 57 28 27 1 -0.69238670518368572 0 -0.69238670518369061 0 -0.69238670518368572 0 4.8849813083506888e-15
21 0 58 0 21 58 27 26 1 1.412969260722523 0 1.4129692607225253 0 1.412969260722523 0 2.2204460492503131e-15
21 0 59 0 21 59 26 25 1 -0.69217811196996715 0 -0.69217811196997048 0 -0.69217811196996715 0 3.3306690738754696e-15
21 0 60 0 21 60 25 24 1 1.4132253331583424 0 1.4132253331583415 0 1.4132253331583424 0 8.8817841970012523e-16
21 0 61 0 21 61 24 23 1 -0.69187112178069776 0 -0.69187112178070287 0 -0.69187112178069776 0 5.1070259132757201e-15
21 0 62 0 21 62 23 22 1 1.4135875246411542 0 1.4135875246411573 0 1.4135875246411542 0 3.1086244689504383e-15
21 0 63 0 21 63 22 21 1 -0.69144844497275415 0 -0.69144844497276392 0 -0.69144844497275415 0 9.7699626167013776e-15
21 0 0 1 21 64 21 53 -1 0.20703724960773262 0 -0.20703724960773262 0 -0.20703724960773262 0 0
21 0 1 1 21 65 20 52 -1 0.20703724960773262 0 -0.20703724960773262 0 -0.20703724960773262 0 0
21 0 2 1 21 66 19 51 -1 0.20703724960773262 0 -0.20703724960773262 0 -0.20703724960773262 0 0
21 0 3 1 21 67 18 50 -1 0.20703724960773262 0 -0.20703724960773262 0 -0.20703724960773262 0 0
21 0 4 1 21 68 17 49 -1 0.20703724960773262 0 -0.20703724960773262 0 -0.20703724960773262 0 0
21 0 5 1 21 69 16 48 -1 0.20703724960773262 0 -0.20703724960773262 0 -0.20703724960773262 0 0
21 0 6 1 21 70 15 47 -1 0.20703724960773262 0 -0.20703724960773262 0 -0.20703724960773262 0 0
21 0 7 1 21 71 14 46 -1 0.20703724960773262 0 -0.20703724960773262 0 -0.20703724960773262 0 0
21 0 8 1 21 72 13 45 -1 0.20703724960773262 0 -0.20703724960773262 0 -0.20703724960773262 0 0
21 0 9 1 21 73 12 44 -1 0.20703724960773262 0 -0.20703724960773262 0 -0.20703724960773262 0 0
21 0 10 1 21 74 11 43 -1 0.20703724960773262 0 -0.20703724960773262 0 -0.20703724960773262 0 0
21 0 11 1 21 75 10 42 -1 0.20703724960773262 0 -0.20703724960773262 0 -0.20703724960773262 0 0
21 0 12 1 21 76 9 41 -1 0.20703724960773262 0 -0.20703724960773262 0 -0.20703724960773262 0 0
21 0 13 1 21 77 8 40 -1 0.20703724960773262 0 -0.20703724960773262 0 -0.20703724960773262 0 0
21 0 14 1 21 78 7 39 -1 0.20703724960773262 0 -0.20703724960773262 0 -0.20703724960773262 0 0
21 0 15 1 21 79 6 38 -1 0.20703724960773262 0 -0.20703724960773262 0 -0.20703724960773262 0 0
21 0 16 1 21 80 5 37 -1 0.20703724960773262 0 -0.20703724960773262 0 -0.20703724960773262 0 0
21 0 17 1 21 81 4 36 -1 0.20703724960773262 0 -0.20703724960773262 0 -0.20703724960773262 0 0
21 0 18 1 21 82 3 35 -1 0.20703724960773262 0 -0.20703724960773262 0 -0.20703724960773262 0 0
21 0 19 1 21 83 2 34 -1 0.20703724960773262 0 -0.20703724960773262 0 -0.20703724960773262 0 0
21 0 20 1 21 84 1 33 -1 0.20703724960773262 0 -0.20703724960773262 0 -0.20703724960773262 0 0
21 0 21 1 21 85 0 32 1 0 0 0 0 0 0 0
21 0 22 1 21 86 1 33 1 0.20703724960773262 0 0.20703724960773262 0 0.20703724960773262 0 0
21 0 23 1 21 87 2 34 1 0.20703724960773262 0 0.20703724960773262 0 0.20703724960773262 0 0
21 0 24 1 21 88 3 35 1 0.20703724960773262 0 0.20703724960773262 0 0.20703724960773262 0 0
21 0 25 1 21 89 4 36 1 0.20703724960773262 0 0.20703724960773262 0 0.20703724960773262 0 0
21 0 26 1 21 90 5 37 1 0.20703724960773262 0 0.20703724960773262 0 0.20703724960773262 0 0
21 0 27 1 21 91 6 38 1 0.20703724960773262 0 0.20703724960773262 0 0.20703724960773262 0 0
21 0 28 1 21 92 7 39 1 0.20703724960773262 0 0.20703724960773262 0 0.20703724960773262 0 0
21 0 29 1 21 93 8 40 1 0.20703724960773262 0 0.20703724960773262 0 0.20703724960773262 0 0
21 0 30 1 21 94 9 41 1 0.20703724960773262 0 0.20703724960773262 0 0.20703724960773262 0 0
21 0 31 1 21 95 10 42 1 0.20703724960773262 0 0.20703724960773262 0 0.20703724960773262 0 0
21 0 32 1 21 96 11 43 1 0.20703724960773262 0 0.20703724960773262 0 0.20703724960773262 0 0
21 0 33 1 21 97 12 44 1 0.20703724960773262 0 0.20703724960773262 0 0.20703724960773262 0 0
21 0 34 1 21 98 13 45 1 0.20703724960773262 0 0.20703724960773262 0 0.20703724960773262 0 0
21 0 35 1 21 99 14 46 1 0.20703724960773262 0 0.20703724960773262 0 0.20703724960773262 0 0
21 0 36 1 21 100 15 47 1 0.20703724960773262 0 0.20703724960773262 0 0.20703724960773262 0 0
21 0 37 1 21 101 16 48 1 0.20703724960773262 0 0.20703724960773262 0 0.20703724960773262 0 0
21 0 38 1 21 102 17 49 1 0.20703724960773262 0 0.20703724960773262 0 0.20703724960773262 0 0
21 0 39 1 21 103 18 50 1 0.20703724960773262 0 0.20703724960773262 0 0.20703724960773262 0 0
21 0 40 1 21 104 19 51 1 0.20703724960773262 0 0.20703724960773262 0 0.20703724960773262 0 0
21 0 41 1 21 105 20 52 1 0.20703724960773262 0 0.20703724960773262 0 0.20703724960773262 0 0
21 0 42 1 21 106 21 53 1 0.20703724960773262 0 0.20703724960773262 0 0.20703724960773262 0 0
21 0 43 1 21 107 22 54 1 0.20703724960773262 0 0.20703724960773262 0 0.20703724960773262 0 0
21 0 44 1 21 108 23 55 1 0.20703724960773262 0 0.20703724960773262 0 0.20703724960773262 0 0
21 0 45 1 21 109 24 56 1 0.20703724960773262 0 0.20703724960773262 0 0.20703724960773262 0 0
21 0 46 1 21 110 25 57 1 0.20703724960773262 0 0.20703724960773262 0 0.20703724960773262 0 0
21 0 47 1 21 111 26 58 1 0.20703724960773262 0 0.20703724960773262 0 0.20703724960773262 0 0
21 0 48 1 21 112 27 59 1 0.20703724960773262 0 0.20703724960773262 0 0.20703724960773262 0 0
21 0 49 1 21 113 28 60 1 0.20703724960773262 0 0.20703724960773262 0 0.20703724960773262 0 0
21 0 50 1 21 114 29 61 1 0.20703724960773262 0 0.20703724960773262 0 0.20703724960773262 0 0
21 0 51 1 21 115 30 62 1 0.20703724960773262 0 0.20703724960773262 0 0.20703724960773262 0 0
21 0 52 1 21 116 31 63 1 0.20703724960773262 0 0.20703724960773262 0 0.20703724960773262 0 0
21 0 53 1 21 117 32 64 1 0.20703724960773262 0 0.20703724960773262 0 0.20703724960773262 0 0
21 0 54 1 21 118 31 63 1 0.20703724960773262 0 0.20703724960773262 0 0.20703724960773262 0 0
21 0 55 1 21 119 30 62 1 0.20703724960773262 0 0.20703724960773262 0 0.20703724960773262 0 0
21 0 56 1 21 120 29 61 1 0.20703724960773262 0 0.20703724960773262 0 0.20703724960773262 0 0
21 0 57 1 21 121 28 60 1 0.20703724960773262 0 0.20703724960773262 0 0.20703724960773262 0 0
21 0 58 1 21 122 27 59 1 0.20703724960773262 0 0.20703724960773262 0 0.20703724960773262 0 0
21 0 59 1 21 123 26 58 1 0.20703724960773262 0 0.20703724960773262 0 0.20703724960773262 0 0
21 0 60 1 21 124 25 57 1 0.20703724960773262 0 0.20703724960773262 0 0.20703724960773262 0 0
21 0 61 1 21 125 24 56 1 0.20703724960773262 0 0.20703724960773262 0 0.20703724960773262 0 0
21 0 62 1 21 126 23 55 1 0.20703724960773262 0 0.20703724960773262 0 0.20703724960773262 0 0
21 0 63 1 21 127 22 54 1 0.20703724960773262 0 0.20703724960773262 0 0.20703724960773262 0 0
22 0 23 0 22 23 1 0 1 1.5483719497275521 0 1.5483719497275521 0 1.5483719497275521 0 0
22 0 24 0 22 24 2 1 1 -0.62106902470630421 0 -0.62106902470630421 0 -0.62106902470630421 0 0
22 0 25 0 22 25 3 2 1 1.4591568302030655 0 1.4591568302030655 0 1.4591568302030655 0 0
22 0 26 0 22 26 4 3 1 -0.65922634871850916 0 -0.65922634871850916 0 -0.65922634871850916 0 0
22 0 27 0 22 27 5 4 1 1.4380193841453996 0 1.4380193841453996 0 1.4380193841453996 0 0
22 0 28 0 22 28 6 5 1 -0.67262681213945552 0 -0.67262681213945552 0 -0.67262681213945552 0 0
22 0 29 0 22 29 7 6 1 1.4287857099143846 0 1.4287857099143846 0 1.4287857099143846 0 0
22 0 30 0 22 30 8 7 1 -0.67935965176948165 0 -0.67935965176948165 0 -0.67935965176948165 0 0
22 0 31 0 22 31 9 8 1 1.423671853971749 0 1.423671853971749 0 1.423671853971749 0 0
22 0 32 0 22 32 10 9 1 -0.68336495168385192 0 -0.68336495168385192 0 -0.68336495168385192 0 0
22 0 33 0 22 33 11 10 1 1.4204592435907357 0 1.4204592435907357 0 1.4204592435907357 0 0
22 0 34 0 22 34 12 11 1 -0.68599076312992613 0 -0.68599076312992613 0 -0.68599076312992613 0 0
22 0 35 0 22 35 13 12 1 1.418280333004784 0 1.418280333004784 0 1.418280333004784 0 0
22 0 36 0 22 36 14 13 1 -0.68782111261705625 0 -0.68782111261705625 0 -0.68782111261705625 0 0
22 0 37 0 22 37 15 14 1 1.4167274407073669 0 1.4167274407073669 0 1.4167274407073669 0 0
22 0 38 0 22 38 16 15 1 -0.68914919296560939 0 -0.68914919296560939 0 -0.68914919296560939 0 0
22 0 39 0 22 39 17 16 1 1.415584401425233 0 1.415584401425233 0 1.415584401425233 0 0
22 0 40 0 22 40 18 17 1 -0.6901377561362213 0 -0.6901377561362213 0 -0.6901377561362213 0 0
22 0 41 0 22 41 19 18 1 1.4147264780329518 0 1.4147264780329518 0 1.4147264780329518 0 0
22 0 42 0 22 42 20 19 1 -0.69088386103115262 0 -0.69088386103115262 0 -0.69088386103115262 0 0
22 0 43 0 22 43 21 20 1 1.4140771750058097 0 1.4140771750058097 0 1.4140771750058097 0 0
22 0 44 0 22 44 22 21 1 -0.69144844497275415 0 -0.69144844497275415 0 -0.69144844497275415 0 0
22 0 45 0 22 45 23 22 1 1.4135875246411542 0 1.4135875246411542 0 1.4135875246411542 0 0
22 0 46 0 22 46 24 23 1 -0.69187112178069776 0 -0.69187112178069776 0 -0.69187112178069776 0 0
22 0 47 0 22 47 25 24 1 1.4132253331583424 0 1.4132253331583424 0 1.4132253331583424 0 0
22 0 48 0 22 48 26 25 1 -0.69217811196996715 0 -0.69217811196996715 0 -0.69217811196996715 0 0
22 0 49 0 22 49 27 26 1 1.412969260722523 0 1.412969260722523 0 1.412969260722523 0 0
22 0 50 0 22 50 28 27 1 -0.69238670518368572 0 -0.69238670518368572 0 -0.69238670518368572 0 0
22 0 51 0 22 51 29 28 1 1.412805434823321 0 1.412805434823321 0 1.412805434823321 0 0
22 0 52 0 22 52 30 29 1 -0.6925078382886708 0 -0.6925078382886708 0 -0.6925078382886708 0 0
22 0 53 0 22 53 31 30 1 1.4127254916248142 0 1.4127254916248142 0 1.4127254916248142 0 0
22 0 54 0 22 54 32 31 1 -0.69254756909215287 0 -0.69254756909215287 0 -0.69254756909215287 0 0
22 0 55 0 22 55 31 30 1 1.4127254916248142 0 1.4127254916248169 0 1.4127254916248142 0 2.6645352591003757e-15
22 0 56 0 22 56 30 29 1 -0.6925078382886708 0 -0.69250783828867302 0 -0.6925078382886708 0 2.2204460492503131e-15
22 0 57 0 22 57 29 28 1 1.412805434823321 0 1.4128054348233245 0 1.412805434823321 0 3.5527136788005009e-15
22 0 58 0 22 58 28 27 1 -0.69238670518368572 0 -0.69238670518369061 0 -0.69238670518368572 0 4.8849813083506888e-15
22 0 59 0 22 59 27 26 1 1.412969260722523 0 1.4129692607225253 0 1.412969260722523 0 2.2204460492503131e-15
22 0 60 0 22 60 26 25 1 -0.69217811196996715 0 -0.69217811196997048 0 -0.69217811196996715 0 3.3306690738754696e-15
22 0 61 0 22 61 25 24 1 1.4132253331583424 0 1.4132253331583415 0 1.4132253331583424 0 8.8817841970012523e-16
22 0 62 0 22 62 24 23 1 -0.69187112178069776 0 -0.69187112178070287 0 -0.69187112178069776 0 5.1070259132757201e-15
22 0 63 0 22 63 23 22 1 1.4135875246411542 0 1.4135875246411573 0 1.4135875246411542 0 3.1086244689504383e-15
22 0 0 1 22 64 22 54 -1 0.20703724960773262 0 -0.20703724960773262 0 -0.20703724960773262 0 0
22 0 1 1 22 65 21 53 -1 0.20703724960773262 0 -0.20703724960773262 0 -0.20703724960773262 0 0
22 0 2 1 22 66 20 52 -1 0.20703724960773262 0 -0.20703724960773262 0 -0.20703724960773262 0 0
22 0 3 1 22 67 19 51 -1 0.20703724960773262 0 -0.20703724960773262 0 -0.20703724960773262 0 0
22 0 4 1 22 68 18 50 -1 0.20703724960773262 0 -0.20703724960773262 0 -0.20703724960773262 0 0
22 0 5 1 22 69 17 49 -1 0.20703724960773262 0 -0.20703724960773262 0 -0.20703724960773262 0 0
22 0 6 1 22 70 16 48 -1 0.20703724960773262 0 -0.20703724960773262 0 -0.20703724960773262 0 0
22 0 7 1 22 71 15 47 -1 0.20703724960773262 0 -0.20703724960773262 0 -0.20703724960773262 0 0
22 0 8 1 22 72 14 46 -1 0.20703724960773262 0 -0.20703724960773262 0 -0.20703724960773262 0 0
22 0 9 1 22 73 13 45 -1 0.20703724960773262 0 -0.20703724960773262 0 -0.20703724960773262 0 0
22 0 10 1 22 74 12 44 -1 0.20703724960773262 0 -0.20703724960773262 0 -0.20703724960773262 0 0
22 0 11 1 22 75 11 43 -1 0.20703724960773262 0 -0.20703724960773262 0 -0.20703724960773262 0 0
22 0 12 1 22 76 10 42 -1 0.20703724960773262 0 -0.20703724960773262 0 -0.20703724960773262 0 0
22 0 13 1 22 77 9 41 -1 0.20703724960773262 0 -0.20703724960773262 0 -0.20703724960773262 0 0
22 0 14 1 22 78 8 40 -1 0.20703724960773262 0 -0.20703724960773262 0 -0.20703724960773262 0 0
22 0 15 1 22 79 7 39 -1 0.20703724960773262 0 -0.20703724960773262 0 -0.20703724960773262 0 0
22 0 16 1 22 80 6 38 -1 0.20703724960773262 0 -0.20703724960773262 0 -0.20703724960773262 0 0
22 0 17 1 22 81 5 37 -1 0.20703724960773262 0 -0.20703724960773262 0 -0.20703724960773262 0 0
22 0 18 1 22 82 4 36 -1 0.20703724960773262 0 -0.20703724960773262 0 -0.20703724960773262 0 0
22 0 19 1 22 83 3 35 -1 0.20703724960773262 0 -0.20703724960773262 0 -0.20703724960773262 0 0
22 0 20 1 22 84 2 34 -1 0.20703724960773262 0 -0.20703724960773262 0 -0.20703724960773262 0 0
22 0 21 1 22 85 1 33 -1 0.20703724960773262 0 -0.20703724960773262 0 -0.20703724960773262 0 0
22 0 22 1 22 86 0 32 1 0 0 0 0 0 0 0
22 0 23 1 22 87 1 33 1 0.20703724960773262 0 0.20703724960773262 0 0.20703724960773262 0 0
22 0 24 1 22 88 2 34 1 0.20703724960773262 0 0.20703724960773262 0 0.20703724960773262 0 0
22 0 25 1 22 89 3 35 1 0.20703724960773262 0 0.20703724960773262 0 0.20703724960773262 0 0
22 0 26 1 22 90 4 36 1 0.20703724960773262 0 0.20703724960773262 0 0.20703724960773262 0 0
22 0 27 1 22 91 5 37 1 0.20703724960773262 0 0.20703724960773262 0 0.20703724960773262 0 0
22 0 28 1 22 92 6 38 1 0.20703724960773262 0 0.20703724960773262 0 0.20703724960773262 0 0
22 0 29 1 22 93 7 39 1 0.20703724960773262 0 0.20703724960773262 0 0.20703724960773262 0 0
22 0 30 1 22 94 8 40 1 0.20703724960773262 0 0.20703724960773262 0 0.20703724960773262 0 0
22 0 31 1 22 95 9 41 1 0.20703724960773262 0 0.20703724960773262 0 0.20703724960773262 0 0
22 0 32 1 22 96 10 42 1 0.20703724960773262 0 0.20703724960773262 0 0.20703724960773262 0 0
22 0 33 1 22 97 11 43 1 0.20703724960773262 0 0.20703724960773262 0 0.20703724960773262 0 0
22 0 34 1 22 98 12 44 1 0.20703724960773262 0 0.20703724960773262 0 0.20703724960773262 0 0
22 0 35 1 22 99 13 45 1 0.20703724960773262 0 0.20703724960773262 0 0.20703724960773262 0 0
22 0 36 1 22 100 14 46 1 0.20703724960773262 0 0.20703724960773262 0 0.20703724960773262 0 0
22 0 37 1 22 101 15 47 1 0.20703724960773262 0 0.20703724960773262 0 0.20703724960773262 0 0
22 0 38 1 22 102 16 48 1 0.20703724960773262 0 0.20703724960773262 0 0.20703724960773262 0 0
22 0 39 1 22 103 17 49 1 0.20703724960773262 0 0.20703724960773262 0 0.20703724960773262 0 0
22 0 40 1 22 104 18 50 1 0.20703724960773262 0 0.20703724960773262 0 0.20703724960773262 0 0
22 0 41 1 22 105 19 51 1 0.20703724960773262 0 0.20703724960773262 0 0.20703724960773262 0 0
22 0 42 1 22 106 20 52 1 0.20703724960773262 0 0.20703724960773262 0 0.20703724960773262 0 0
22 0 43 1 22 107 21 53 1 0.20703724960773262 0 0.20703724960773262 0 0.20703724960773262 0 0
22 0 44 1 22 108 22 54 1 0.20703724960773262 0 0.20703724960773262 0 0.20703724960773262 0 0
22 0 45 1 22 109 23 55 1 0.20703724960773262 0 0.20703724960773262 0 0.20703724960773262 0 0
22 0 46 1 22 110 24 56 1 0.20703724960773262 0 0.20703724960773262 0 0.20703724960773262 0 0
22 0 47 1 22 111 25 57 1 0.20703724960773262 0 0.20703724960773262 0 0.20703724960773262 0 0
22 0 48 1 22 112 26 58 1 0.20703724960773262 0 0.20703724960773262 0 0.20703724960773262 0 0
22 0 49 1 22 113 27 59 1 0.20703724960773262 0 0.20703724960773262 0 0.20703724960773262 0 0
22 0 50 1 22 114 28 60 1 0.20703724960773262 0 0.20703724960773262 0 0.20703724960773262 0 0
22 0 51 1 22 115 29 61 1 0.20703724960773262 0 0.20703724960773262 0 0.20703724960773262 0 0
22 0 52 1 22 116 30 62 1 0.20703724960773262 0 0.20703724960773262 0 0.20703724960773262 0 0
22 0 53 1 22 117 31 63 1 0.20703724960773262 0 0.20703724960773262 0 0.20703724960773262 0 0
22 0 54 1 22 118 32 64 1 0.20703724960773262 0 0.20703724960773262 0 0.20703724960773262 0 0
22 0 55 1 22 119 31 63 1 0.20703724960773262 0 0.20703724960773262 0 0.20703724960773262 0 0
22 0 56 1 22 120 30 62 1 0.20703724960773262 0 0.20703724960773262 0 0.20703724960773262 0 0
22 0 57 1 22 121 29 61 1 0.20703724960773262 0 0.20703724960773262 0 0.20703724960773262 0 0
22 0 58 1 22 122 28 60 1 0.20703724960773262 0 0.20703724960773262 0 0.20703724960773262 0 0
22 0 59 1 22 123 27 59 1 0.20703724960773262 0 0.20703724960773262 0 0.20703724960773262 0 0
22 0 60 1 22 124 26 58 1 0.20703724960773262 0 0.20703724960773262 0 0.20703724960773262 0 0
22 0 61 1 22 125 25 57 1 0.20703724960773262 0 0.20703724960773262 0 0.20703724960773262 0 0
22 0 62 1 22 126 24 56 1 0.20703724960773262 0 0.20703724960773262 0 0.20703724960773262 0 0
22 0 63 1 22 127 23 55 1 0.20703724960773262 0 0.20703724960773262 0 0.20703724960773262 0 0
23 0 24 0 23 24 1 0 1 1.5483719497275521 0 1.5483719497275521 0 1.5483719497275521 0 0
23 0 25 0 23 25 2 1 1 -0.62106902470630421 0 -0.62106902470630421 0 -0.62106902470630421 0 0
23 0 26 0 23 26 3 2 1 1.4591568302030655 0 1.4591568302030655 0 1.4591568302030655 0 0
23 0 27 0 23 27 4 3 1 -0.65922634871850916 0 -0.65922634871850916 0 -0.65922634871850916 0 0
23 0 28 0 23 28 5 4 1 1.4380193841453996 0 1.4380193841453996 0 1.4380193841453996 0 0
23 0 29 0 23 29 6 5 1 -0.67262681213945552 0 -0.67262681213945552 0 -0.67262681213945552 0 0
23 0 30 0 23 30 7 6 1 1.4287857099143846 0 1.4287857099143846 0 1.4287857099143846 0 0
23 0 31 0 23 31 8 7 1 -0.67935965176948165 0 -0.67935965176948165 0 -0.67935965176948165 0 0
23 0 32 0 23 32 9 8 1 1.423671853971749 0 1.423671853971749 0 1.423671853971749 0 0
23 0 33 0 23 33 10 9 1 -0.68336495168385192 0 -0.68336495168385192 0 -0.68336495168385192 0 0
23 0 34 0 23 34 11 10 1 1.4204592435907357 0 1.4204592435907357 0 1.4204592435907357 0 0
23 0 35 0 23 35 12 11 1 -0.68599076312992613 0 -0.68599076312992613 0 -0.68599076312992613 0 0
23 0 36 0 23 36 13 12 1 1.418280333004784 0 1.418280333004784 0 1.418280333004784 0 0
23 0 37 0 23 37 14 13 1 -0.68782111261705625 0 -0.68782111261705625 0 -0.68782111261705625 0 0
23 0 38 0 23 38 15 14 1 1.4167274407073669 0 1.4167274407073669 0 1.4167274407073669 0 0
23 0 39 0 23 39 16 15 1 -0.68914919296560939 0 -0.68914919296560939 0 -0.68914919296560939 0 0
23 0 40 0 23 40 17 16 1 1.415584401425233 0 1.415584401425233 0 1.415584401425233 0 0
23 0 41 0 23 41 18 17 1 -0.6901377561362213 0 -0.6901377561362213 0 -0.6901377561362213 0 0
23 0 42 0 23 42 19 18 1 1.4147264780329518 0 1.4147264780329518 0 1.4147264780329518 0 0
23 0 43 0 23 43 20 19 1 -0.69088386103115262 0 -0.69088386103115262 0 -0.69088386103115262 0 0
23 0 44 0 23 44 21 20 1 1.4140771750058097 0 1.4140771750058097 0 1.4140771750058097 0 0
23 0 45 0 23 45 22 21 1 -0.69144844497275415 0 -0.69144844497275415 0 -0.69144844497275415 0 0
23 0 46 0 23 46 23 22 1 1.4135875246411542 0 1.4135875246411542 0 1.4135875246411542 0 0
23 0 47 0 23 47 24 23 1 -0.69187112178069776 0 -0.69187112178069776 0 -0.69187112178069776 0 0
23 0 48 0 23 48 25 24 1 1.4132253331583424 0 1.4132253331583424 0 1.4132253331583424 0 0
23 0 49 0 23 49 26 25 1 -0.69217811196996715 0 -0.69217811196996715 0 -0.69217811196996715 0 0
23 0 50 0 23 50 27 26 1 1.412969260722523 0 1.412969260722523 0 1.412969260722523 0 0
23 0 51 0 23 51 28 27 1 -0.69238670518368572 0 -0.69238670518368572 0 -0.69238670518368572 0 0
23 0 52 0 23 52 29 28 1 1.412805434823321 0 1.412805434823321 0 1.412805434823321 0 0
23 0 53 0 23 53 30 29 1 -0.6925078382886708 0 -0.6925078382886708 0 -0.6925078382886708 0 0
23 0 54 0 23 54 31 30 1 1.4127254916248142 0 1.4127254916248142 0 1.4127254916248142 0 0
23 0 55 0 23 55 32 31 1 -0.69254756909215287 0 -0.69254756909215287 0 -0.69254756909215287 0 0
23 0 56 0 23 56 31 30 1 1.4127254916248142 0 1.4127254916248169 0 1.4127254916248142 0 2.6645352591003757e-15
23 0 57 0 23 57 30 29 1 -0.6925078382886708 0 -0.69250783828867302 0 -0.6925078382886708 0 2.2204460492503131e-15
23 0 58 0 23 58 29 28 1 1.412805434823321 0 1.4128054348233245 0 1.412805434823321 0 3.5527136788005009e-15
23 0 59 0 23 59 28 27 1 -0.69238670518368572 0 -0.69238670518369061 0 -0.69238670518368572 0 4.8849813083506888e-15
23 0 60 0 23 60 27 26 1 1.412969260722523 0 1.4129692607225253 0 1.412969260722523 0 2.2204460492503131e-15
23 0 61 0 23 61 26 25 1 -0.69217811196996715 0 -0.69217811196997048 0 -0.69217811196996715 0 3.3306690738754696e-15
23 0 62 0 23 62 25 24 1 1.4132253331583424 0 1.4132253331583415 0 1.4132253331583424 0 8.8817841970012523e-16
23 0 63 0 23 63 24 23 1 -0.69187112178069776 0 -0.69187112178070287 0 -0.69187112178069776 0 5.1070259132757201e-15
23 0 0 1 23 64 23 55 -1 0.20703724960773262 0 -0.20703724960773262 0 -0.20703724960773262 0 0
23 0 1 1 23 65 22 54 -1 0.20703724960773262 0 -0.20703724960773262 0 -0.20703724960773262 0 0
23 0 2 1 23 66 21 53 -1 0.20703724960773262 0 -0.20703724960773262 0 -0.20703724960773262 0 0
23 0 3 1 23 67 20 52 -1 0.20703724960773262 0 -0.20703724960773262 0 -0.20703724960773262 0 0
23 0 4 1 23 68 19 51 -1 0.20703724960773262 0 -0.20703724960773262 0 -0.20703724960773262 0 0
23 0 5 1 23 69 18 50 -1 0.20703724960773262 0 -0.20703724960773262 0 -0.20703724960773262 0 0
23 0 6 1 23 70 17 49 -1 0.20703724960773262 0 -0.20703724960773262 0 -0.20703724960773262 0 0
23 0 7 1 23 71 16 48 -1 0.20703724960773262 0 -0.20703724960773262 0 -0.20703724960773262 0 0
23 0 8 1 23 72 15 47 -1 0.20703724960773262 0 -0.20703724960773262 0 -0.20703724960773262 0 0
23 0 9 1 23 73 14 46 -1 0.20703724960773262 0 -0.20703724960773262 0 -0.20703724960773262 0 0
23 0 10 1 23 74 13 45 -1 0.20703724960773262 0 -0.20703724960773262 0 -0.20703724960773262 0 0
23 0 11 1 23 75 12 44 -1 0.20703724960773262 0 -0.20703724960773262 0 -0.20703724960773262 0 0
23 0 12 1 23 76 11 43 -1 0.20703724960773262 0 -0.20703724960773262 0 -0.20703724960773262 0 0
23 0 13 1 23 77 10 42 -1 0.20703724960773262 0 -0.20703724960773262 0 -0.20703724960773262 0 0
23 0 14 1 23 78 9 41 -1 0.20703724960773262 0 -0.20703724960773262 0 -0.20703724960773262 0 0
23 0 15 1 23 79 8 40 -1 0.20703724960773262 0 -0.20703724960773262 0 -0.20703724960773262 0 0
23 0 16 1 23 80 7 39 -1 0.20703724960773262 0 -0.20703724960773262 0 -0.20703724960773262 0 0
23 0 17 1 23 81 6 38 -1 0.20703724960773262 0 -0.20703724960773262 0 -0.20703724960773262 0 0
23 0 18 1 23 82 5 37 -1 0.20703724960773262 0 -0.20703724960773262 0 -0.20703724960773262 0 0
23 0 19 1 23 83 4 36 -1 0.20703724960773262 0 -0.20703724960773262 0 -0.20703724960773262 0 0
23 0 20 1 23 84 3 35 -1 0.20703724960773262 0 -0.20703724960773262 0 -0.20703724960773262 0 0
23 0 21 1 23 85 2 34 -1 0.20703724960773262 0 -0.20703724960773262 0 -0.20703724960773262 0 0
23 0 22 1 23 86 1 33 -1 0.20703724960773262 0 -0.20703724960773262 0 -0.20703724960773262 0 0
23 0 23 1 23 87 0 32 1 0 0 0 0 0 0 0
23 0 24 1 23 88 1 33 1 0.20703724960773262 0 0.20703724960773262 0 0.20703724960773262 0 0
23 0 25 1 23 89 2 34 1 0.20703724960773262 0 0.20703724960773262 0 0.20703724960773262 0 0
23 0 26 1 23 90 3 35 1 0.20703724960773262 0 0.20703724960773262 0 0.20703724960773262 0 0
23 0 27 1 23 91 4 36 1 0.20703724960773262 0 0.20703724960773262 0 0.20703724960773262 0 0
23 0 28 1 23 92 5 37 1 0.20703724960773262 0 0.20703724960773262 0 0.20703724960773262 0 0
23 0 29 1 23 93 6 38 1 0.20703724960773262 0 0.20703724960773262 0 0.20703724960773262 0 0
23 0 30 1 23 94 7 39 1 0.20703724960773262 0 0.20703724960773262 0 0.20703724960773262 0 0
23 0 31 1 23 95 8 40 1 0.20703724960773262 0 0.20703724960773262 0 0.20703724960773262 0 0
23 0 32 1 23 96 9 41 1 0.20703724960773262 0 0.20703724960773262 0 0.20703724960773262 0 0
23 0 33 1 23 97 10 42 1 0.20703724960773262 0 0.20703724960773262 0 0.20703724960773262 0 0
23 0 34 1 23 98 11 43 1 0.20703724960773262 0 0.20703724960773262 0 0.20703724960773262 0 0
23 0 35 1 23 99 12 44 1 0.20703724960773262 0 0.20703724960773262 0 0.20703724960773262 0 0
23 0 36 1 23 100 13 45 1 0.20703724960773262 0 0.20703724960773262 0 0.20703724960773262 0 0
23 0 37 1 23 101 14 46 1 0.20703724960773262 0 0.20703724960773262 0 0.20703724960773262 0 0
23 0 38 1 23 102 15 47 1 0.20703724960773262 0 0.20703724960773262 0 0.20703724960773262 0 0
23 0 39 1 23 103 16 48 1 0.20703724960773262 0 0.20703724960773262 0 0.20703724960773262 0 0
23 0 40 1 23 104 17 49 1 0.20703724960773262 0 0.20703724960773262 0 0.20703724960773262 0 0
23 0 41 1 23 105 18 50 1 0.20703724960773262 0 0.20703724960773262 0 0.20703724960773262 0 0
23 0 42 1 23 106 19 51 1 0.20703724960773262 0 0.20703724960773262 0 0.20703724960773262 0 0
23 0 43 1 23 107 20 52 1 0.20703724960773262 0 0.20703724960773262 0 0.20703724960773262 0 0
23 0 44 1 23 108 21 53 1 0.20703724960773262 0 0.20703724960773262 0 0.20703724960773262 0 0
23 0 45 1 23 109 22 54 1 0.20703724960773262 0 0.20703724960773262 0 0.20703724960773262 0 0
23 0 46 1 23 110 23 55 1 0.20703724960773262 0 0.20703724960773262 0 0.20703724960773262 0 0
23 0 47 1 23 111 24 56 1 0.20703724960773262 0 0.20703724960773262 0 0.20703724960773262 0 0
23 0 48 1 23 112 25 57 1 0.20703724960773262 0 0.20703724960773262 0 0.20703724960773262 0 0
23 0 49 1 23 113 26 58 1 0.20703724960773262 0 0.20703724960773262 0 0.20703724960773262 0 0
23 0 50 1 23 114 27 59 1 0.20703724960773262 0 0.20703724960773262 0 0.20703724960773262 0 0
23 0 51 1 23 115 28 60 1 0.20703724960773262 0 0.20703724960773262 0 0.20703724960773262 0 0
23 0 52 1 23 116 29 61 1 0.20703724960773262 0 0.20703724960773262 0 0.20703724960773262 0 0
23 0 53 1 23 117 30 62 1 0.20703724960773262 0 0.20703724960773262 0 0.20703724960773262 0 0
23 0 54 1 23 118 31 63 1 0.20703724960773262 0 0.20703724960773262 0 0.20703724960773262 0 0
23 0 55 1 23 119 32 64 1 0.20703724960773262 0 0.20703724960773262 0 0.20703724960773262 0 0
23 0 56 1 23 120 31 63 1 0.20703724960773262 0 0.20703724960773262 0 0.20703724960773262 0 0
23 0 57 1 23 121 30 62 1 0.20703724960773262 0 0.20703724960773262 0 0.20703724960773262 0 0
23 0 58 1 23 122 29 61 1 0.20703724960773262 0 0.20703724960773262 0 0.20703724960773262 0 0
23 0 59 1 23 123 28 60 1 0.20703724960773262 0 0.20703724960773262 0 0.20703724960773262 0 0
23 0 60 1 23 124 27 59 1 0.20703724960773262 0 0.20703724960773262 0 0.20703724960773262 0 0
23 0 61 1 23 125 26 58 1 0.20703724960773262 0 0.20703724960773262 0 0.20703724960773262 0 0
23 0 62 1 23 126 25 57 1 0.20703724960773262 0 0.20703724960773262 0 0.20703724960773262 0 0
23 0 63 1 23 127 24 56 1 0.20703724960773262 0 0.20703724960773262 0 0.20703724960773262 0 0
24 0 25 0 24 25 1 0 1 1.5483719497275521 0 1.5483719497275521 0 1.5483719497275521 0 0
24 0 26 0 24 26 2 1 1 -0.62106902470630421 0 -0.62106902470630421 0 -0.62106902470630421 0 0
24 0 27 0 24 27 3 2 1 1.4591568302030655 0 1.4591568302030655 0 1.4591568302030655 0 0
24 0 28 0 24 28 4 3 1 -0.65922634871850916 0 -0.65922634871850916 0 -0.65922634871850916 0 0
24 0 29 0 24 29 5 4 1 1.4380193841453996 0 1.4380193841453996 0 1.4380193841453996 0 0
24 0 30 0 24 30 6 5 1 -0.67262681213945552 0 -0.67262681213945552 0 -0.67262681213945552 0 0
24 0 31 0 24 31 7 6 1 1.4287857099143846 0 1.4287857099143846 0 1.4287857099143846 0 0
24 0 32 0 24 32 8 7 1 -0.67935965176948165 0 -0.67935965176948165 0 -0.67935965176948165 0 0
24 0 33 0 24 33 9 8 1 1.423671853971749 0 1.423671853971749 0 1.423671853971749 0 0
24 0 34 0 24 34 10 9 1 -0.68336495168385192 0 -0.68336495168385192 0 -0.68336495168385192 0 0
24 0 35 0 24 35 11 10 1 1.4204592435907357 0 1.4204592435907357 0 1.4204592435907357 0 0
24 0 36 0 24 36 12 11 1 -0.68599076312992613 0 -0.68599076312992613 0 -0.68599076312992613 0 0
24 0 37 0 24 37 13 12 1 1.418280333004784 0 1.418280333004784 0 1.418280333004784 0 0
24 0 38 0 24 38 14 13 1 -0.68782111261705625 0 -0.68782111261705625 0 -0.68782111261705625 0 0
24 0 39 0 24 39 15 14 1 1.4167274407073669 0 1.4167274407073669 0 1.4167274407073669 0 0
24 0 40 0 24 40 16 15 1 -0.68914919296560939 0 -0.68914919296560939 0 -0.68914919296560939 0 0
24 0 41 0 24 41 17 16 1 1.415584401425233 0 1.415584401425233 0 1.415584401425233 0 0
24 0 42 0 24 42 18 17 1 -0.6901377561362213 0 -0.6901377561362213 0 -0.6901377561362213 0 0
24 0 43 0 24 43 19 18 1 1.4147264780329518 0 1.4147264780329518 0 1.4147264780329518 0 0
24 0 44 0 24 44 20 19 1 -0.69088386103115262 0 -0.69088386103115262 0 -0.69088386103115262 0 0
24 0 45 0 24 45 21 20 1 1.4140771750058097 0 1.4140771750058097 0 1.4140771750058097 0 0
24 0 46 0 24 46 22 21 1 -0.69144844497275415 0 -0.69144844497275415 0 -0.69144844497275415 0 0
24 0 47 0 24 47 23 22 1 1.4135875246411542 0 1.4135875246411542 0 1.4135875246411542 0 0
24 0 48 0 24 48 24 23 1 -0.69187112178069776 0 -0.69187112178069776 0 -0.69187112178069776 0 0
24 0 49 0 24 49 25 24 1 1.4132253331583424 0 1.4132253331583424 0 1.4132253331583424 0 0
24 0 50 0 24 50 26 25 1 -0.69217811196996715 0 -0.69217811196996715 0 -0.69217811196996715 0 0
24 0 51 0 24 51 27 26 1 1.412969260722523 0 1.412969260722523 0 1.412969260722523 0 0
24 0 52 0 24 52 28 27 1 -0.69238670518368572 0 -0.69238670518368572 0 -0.69238670518368572 0 0
24 0 53 0 24 53 29 28 1 1.412805434823321 0 1.412805434823321 0 1.412805434823321 0 0
24 0 54 0 24 54 30 29 1 -0.6925078382886708 0 -0.6925078382886708 0 -0.6925078382886708 0 0
24 0 55 0 24 55 31 30 1 1.4127254916248142 0 1.4127254916248142 0 1.4127254916248142 0 0
24 0 56 0 24 56 32 31 1 -0.69254756909215287 0 -0.69254756909215287 0 -0.69254756909215287 0 0
24 0 57 0 24 57 31 30 1 1.4127254916248142 0 1.4127254916248169 0 1.4127254916248142 0 2.6645352591003757e-15
24 0 58 0 24 58 30 29 1 -0.6925078382886708 0 -0.69250783828867302 0 -0.6925078382886708 0 2.2204460492503131e-15
24 0 59 0 24 59 29 28 1 1.412805434823321 0 1.4128054348233245 0 1.412805434823321 0 3.5527136788005009e-15
24 0 60 0 24 60 28 27 1 -0.69238670518368572 0 -0.69238670518369061 0 -0.69238670518368572 0 4.8849813083506888e-15
24 0 61 0 24 61 27 26 1 1.412969260722523 0 1.4129692607225253 0 1.412969260722523 0 2.2204460492503131e-15
24 0 62 0 24 62 26 25 1 -0.69217811196996715 0 -0.69217811196997048 0 -0.69217811196996715 0 3.3306690738754696e-15
24 0 63 0 24 63 25 24 1 1.4132253331583424 0 1.4132253331583415 0 1.4132253331583424 0 8.8817841970012523e-16
24 0 0 1 24 64 24 56 -1 0.20703724960773262 0 -0.20703724960773262 0 -0.20703724960773262 0 0
24 0 1 1 24 65 23 55 -1 0.20703724960773262 0 -0.20703724960773262 0 -0.20703724960773262 0 0
24 0 2 1 24 66 22 54 -1 0.20703724960773262 0 -0.20703724960773262 0 -0.20703724960773262 0 0
24 0 3 1 24 67 21 53 -1 0.20703724960773262 0 -0.20703724960773262 0 -0.20703724960773262 0 0
24 0 4 1 24 68 20 52 -1 0.20703724960773262 0 -0.20703724960773262 0 -0.20703724960773262 0 0
24 0 5 1 24 69 19 51 -1 0.20703724960773262 0 -0.20703724960773262 0 -0.20703724960773262 0 0
24 0 6 1 24 70 18 50 -1 0.20703724960773262 0 -0.20703724960773262 0 -0.20703724960773262 0 0
24 0 7 1 24 71 17 49 -1 0.20703724960773262 0 -0.20703724960773262 0 -0.20703724960773262 0 0
24 0 8 1 24 72 16 48 -1 0.20703724960773262 0 -0.20703724960773262 0 -0.20703724960773262 0 0
24 0 9 1 24 73 15 47 -1 0.20703724960773262 0 -0.20703724960773262 0 -0.20703724960773262 0 0
24 0 10 1 24 74 14 46 -1 0.20703724960773262 0 -0.20703724960773262 0 -0.20703724960773262 0 0
24 0 11 1 24 75 13 45 -1 0.20703724960773262 0 -0.20703724960773262 0 -0.20703724960773262 0 0
24 0 12 1 24 76 12 44 -1 0.20703724960773262 0 -0.20703724960773262 0 -0.20703724960773262 0 0
24 0 13 1 24 77 11 43 -1 0.20703724960773262 0 -0.20703724960773262 0 -0.20703724960773262 0 0
24 0 14 1 24 78 10 42 -1 0.20703724960773262 0 -0.20703724960773262 0 -0.20703724960773262 0 0
24 0 15 1 24 79 9 41 -1 0.20703724960773262 0 -0.20703724960773262 0 -0.20703724960773262 0 0
24 0 16 1 24 80 8 40 -1 0.20703724960773262 0 -0.20703724960773262 0 -0.20703724960773262 0 0
24 0 17 1 24 81 7 39 -1 0.20703724960773262 0 -0.20703724960773262 0 -0.20703724960773262 0 0
24 0 18 1 24 82 6 38 -1 0.20703724960773262 0 -0.20703724960773262 0 -0.20703724960773262 0 0
24 0 19 1 24 83 5 37 -1 0.20703724960773262 0 -0.20703724960773262 0 -0.20703724960773262 0 0
24 0 20 1 24 84 4 36 -1 0.20703724960773262 0 -0.20703724960773262 0 -0.20703724960773262 0 0
24 0 21 1 24 85 3 35 -1 0.20703724960773262 0 -0.20703724960773262 0 -0.20703724960773262 0 0
24 0 22 1 24 86 2 34 -1 0.20703724960773262 0 -0.20703724960773262 0 -0.20703724960773262 0 0
24 0 23 1 24 87 1 33 -1 0.20703724960773262 0 -0.20703724960773262 0 -0.20703724960773262 0 0
24 0 24 1 24 88 0 32 1 0 0 0 0 0 0 0
24 0 25 1 24 89 1 33 1 0.20703724960773262 0 0.20703724960773262 0 0.20703724960773262 0 0
24 0 26 1 24 90 2 34 1 0.20703724960773262 0 0.20703724960773262 0 0.20703724960773262 0 0
24 0 27 1 24 91 3 35 1 0.20703724960773262 0 0.20703724960773262 0 0.20703724960773262 0 0
24 0 28 1 24 92 4 36 1 0.20703724960773262 0 0.20703724960773262 0 0.20703724960773262 0 0
24 0 29 1 24 93 5 37 1 0.20703724960773262 0 0.20703724960773262 0 0.20703724960773262 0 0
24 0 30 1 24 94 6 38 1 0.20703724960773262 0 0.20703724960773262 0 0.20703724960773262 0 0
24 0 31 1 24 95 7 39 1 0.20703724960773262 0 0.20703724960773262 0 0.20703724960773262 0 0
24 0 32 1 24 96 8 40 1 0.20703724960773262 0 0.20703724960773262 0 0.20703724960773262 0 0
24 0 33 1 24 97 9 41 1 0.20703724960773262 0 0.20703724960773262 0 0.20703724960773262 0 0
24 0 34 1 24 98 10 42 1 0.20703724960773262 0 0.20703724960773262 0 0.20703724960773262 0 0
24 0 35 1 24 99 11 43 1 0.20703724960773262 0 0.20703724960773262 0 0.20703724960773262 0 0
24 0 36 1 24 100 12 44 1 0.20703724960773262 0 0.20703724960773262 0 0.20703724960773262 0 0
24 0 37 1 24 101 13 45 1 0.20703724960773262 0 0.20703724960773262 0 0.20703724960773262 0 0
24 0 38 1 24 102 14 46 1 0.20703724960773262 0 0.20703724960773262 0 0.20703724960773262 0 0
24 0 39 1 24 103 15 47 1 0.20703724960773262 0 0.20703724960773262 0 0.20703724960773262 0 0
24 0 40 1 24 104 16 48 1 0.20703724960773262 0 0.20703724960773262 0 0.20703724960773262 0 0
24 0 41 1 24 105 17 49 1 0.20703724960773262 0 0.20703724960773262 0 0.20703724960773262 0 0
24 0 42 1 24 106 18 50 1 0.20703724960773262 0 0.20703724960773262 0 0.20703724960773262 0 0
24 0 43 1 24 107 19 51 1 0.20703724960773262 0 0.20703724960773262 0 0.20703724960773262 0 0
24 0 44 1 24 108 20 52 1 0.20703724960773262 0 0.20703724960773262 0 0.20703724960773262 0 0
24 0 45 1 24 109 21 53 1 0.20703724960773262 0 0.20703724960773262 0 0.20703724960773262 0 0
24 0 46 1 24 110 22 54 1 0.20703724960773262 0 0.20703724960773262 0 0.20703724960773262 0 0
24 0 47 1 24 111 23 55 1 0.20703724960773262 0 0.20703724960773262 0 0.20703724960773262 0 0
24 0 48 1 24 112 24 56 1 0.20703724960773262 0 0.20703724960773262 0 0.20703724960773262 0 0
24 0 49 1 24 113 25 57 1 0.20703724960773262 0 0.20703724960773262 0 0.20703724960773262 0 0
24 0 50 1 24 114 26 58 1 0.20703724960773262 0 0.20703724960773262 0 0.20703724960773262 0 0
24 0 51 1 24 115 27 59 1 0.20703724960773262 0 0.20703724960773262 0 0.20703724960773262 0 0
24 0 52 1 24 116 28 60 1 0.20703724960773262 0 0.20703724960773262 0 0.20703724960773262 0 0
24 0 53 1 24 117 29 61 1 0.20703724960773262 0 0.20703724960773262 0 0.20703724960773262 0 0
24 0 54 1 24 118 30 62 1 0.20703724960773262 0 0.20703724960773262 0 0.20703724960773262 0 0
24 0 55 1 24 119 31 63 1 0.20703724960773262 0 0.20703724960773262 0 0.20703724960773262 0 0
24 0 56 1 24 120 32 64 1 0.20703724960773262 0 0.20703724960773262 0 0.20703724960773262 0 0
24 0 57 1 24 121 31 63 1 0.20703724960773262 0 0.20703724960773262 0 0.20703724960773262 0 0
24 0 58 1 24 122 30 62 1 0.20703724960773262 0 0.20703724960773262 0 0.20703724960773262 0 0
24 0 59 1 24 123 29 61 1 0.20703724960773262 0 0.20703724960773262 0 0.20703724960773262 0 0
24 0 60 1 24 124 28 60 1 0.20703724960773262 0 0.20703724960773262 0 0.20703724960773262 0 0
24 0 61 1 24 125 27 59 1 0.20703724960773262 0 0.20703724960773262 0 0.20703724960773262 0 0
24 0 62 1 24 126 26 58 1 0.20703724960773262 0 0.20703724960773262 0 0.20703724960773262 0 0
24 0 63 1 24 127 25 57 1 0.20703724960773262 0 0.20703724960773262 0 0.20703724960773262 0 0
25 0 26 0 25 26 1 0 1 1.5483719497275521 0 1.5483719497275521 0 1.5483719497275521 0 0
25 0 27 0 25 27 2 1 1 -0.62106902470630421 0 -0.62106902470630421 0 -0.62106902470630421 0 0
25 0 28 0 25 28 3 2 1 1.4591568302030655 0 1.4591568302030655 0 1.4591568302030655 0 0
25 0 29 0 25 29 4 3 1 -0.65922634871850916 0 -0.65922634871850916 0 -0.65922634871850916 0 0
25 0 30 0 25 30 5 4 1 1.4380193841453996 0 1.4380193841453996 0 1.4380193841453996 0 0
25 0 31 0 25 31 6 5 1 -0.67262681213945552 0 -0.67262681213945552 0 -0.67262681213945552 0 0
25 0 32 0 25 32 7 6 1 1.4287857099143846 0 1.4287857099143846 0 1.4287857099143846 0 0
25 0 33 0 25 33 8 7 1 -0.67935965176948165 0 -0.67935965176948165 0 -0.67935965176948165 0 0
25 0 34 0 25 34 9 8 1 1.423671853971749 0 1.423671853971749 0 1.423671853971749 0 0
25 0 35 0 25 35 10 9 1 -0.68336495168385192 0 -0.68336495168385192 0 -0.68336495168385192 0 0
25 0 36 0 25 36 11 10 1 1.4204592435907357 0 1.4204592435907357 0 1.4204592435907357 0 0
25 0 37 0 25 37 12 11 1 -0.68599076312992613 0 -0.68599076312992613 0 -0.68599076312992613 0 0
25 0 38 0 25 38 13 12 1 1.418280333004784 0 1.418280333004784 0 1.418280333004784 0 0
25 0 39 0 25 39 14 13 1 -0.68782111261705625 0 -0.68782111261705625 0 -0.68782111261705625 0 0
25 0 40 0 25 40 15 14 1 1.4167274407073669 0 1.4167274407073669 0 1.4167274407073669 0 0
25 0 41 0 25 41 16 15 1 -0.68914919296560939 0 -0.68914919296560939 0 -0.68914919296560939 0 0
25 0 42 0 25 42 17 16 1 1.415584401425233 0 1.415584401425233 0 1.415584401425233 0 0
25 0 43 0 25 43 18 17 1 -0.6901377561362213 0 -0.6901377561362213 0 -0.6901377561362213 0 0
25 0 44 0 25 44 19 18 1 1.4147264780329518 0 1.4147264780329518 0 1.4147264780329518 0 0
25 0 45 0 25 45 20 19 1 -0.69088386103115262 0 -0.69088386103115262 0 -0.69088386103115262 0 0
25 0 46 0 25 46 21 20 1 1.4140771750058097 0 1.4140771750058097 0 1.4140771750058097 0 0
25 0 47 0 25 47 22 21 1 -0.69144844497275415 0 -0.69144844497275415 0 -0.69144844497275415 0 0
25 0 48 0 25 48 23 22 1 1.4135875246411542 0 1.4135875246411542 0 1.4135875246411542 0 0
25 0 49 0 25 49 24 23 1 -0.69187112178069776 0 -0.69187112178069776 0 -0.69187112178069776 0 0
25 0 50 0 25 50 25 24 1 1.4132253331583424 0 1.4132253331583424 0 1.4132253331583424 0 0
25 0 51 0 25 51 26 25 1 -0.69217811196996715 0 -0.69217811196996715 0 -0.69217811196996715 0 0
25 0 52 0 25 52 27 26 1 1.412969260722523 0 1.412969260722523 0 1.412969260722523 0 0
25 0 53 0 25 53 28 27 1 -0.69238670518368572 0 -0.69238670518368572 0 -0.69238670518368572 0 0
25 0 54 0 25 54 29 28 1 1.412805434823321 0 1.412805434823321 0 1.412805434823321 0 0
25 0 55 0 25 55 30 29 1 -0.6925078382886708 0 -0.6925078382886708 0 -0.6925078382886708 0 0
25 0 56 0 25 56 31 30 1 1.4127254916248142 0 1.4127254916248142 0 1.4127254916248142 0 0
25 0 57 0 25 57 32 31 1 -0.69254756909215287 0 -0.69254756909215287 0 -0.69254756909215287 0 0
25 0 58 0 25 58 31 30 1 1.4127254916248142 0 1.4127254916248169 0 1.4127254916248142 0 2.6645352591003757e-15
25 0 59 0 25 59 30 29 1 -0.6925078382886708 0 -0.69250783828867302 0 -0.6925078382886708 0 2.2204460492503131e-15
25 0 60 0 25 60 29 28 1 1.412805434823321 0 1.4128054348233245 0 1.412805434823321 0 3.5527136788005009e-15
25 0 61 0 25 61 28 27 1 -0.69238670518368572 0 -0.69238670518369061 0 -0.69238670518368572 0 4.8849813083506888e-15
25 0 62 0 25 62 27 26 1 1.412969260722523 0 1.4129692607225253 0 1.412969260722523 0 2.2204460492503131e-15
25 0 63 0 25 63 26 25 1 -0.69217811196996715 0 -0.69217811196997048 0 -0.69217811196996715 0 3.3306690738754696e-15
25 0 0 1 25 64 25 57 -1 0.20703724960773262 0 -0.20703724960773262 0 -0.20703724960773262 0 0
25 0 1 1 25 65 24 56 -1 0.20703724960773262 0 -0.20703724960773262 0 -0.20703724960773262 0 0
25 0 2 1 25 66 23 55 -1 0.20703724960773262 0 -0.20703724960773262 0 -0.20703724960773262 0 0
25 0 3 1 25 67 22 54 -1 0.20703724960773262 0 -0.20703724960773262 0 -0.20703724960773262 0 0
25 0 4 1 25 68 21 53 -1 0.20703724960773262 0 -0.20703724960773262 0 -0.20703724960773262 0 0
25 0 5 1 25 69 20 52 -1 0.20703724960773262 0 -0.20703724960773262 0 -0.20703724960773262 0 0
25 0 6 1 25 70 19 51 -1 0.20703724960773262 0 -0.20703724960773262 0 -0.20703724960773262 0 0
25 0 7 1 25 71 18 50 -1 0.20703724960773262 0 -0.20703724960773262 0 -0.20703724960773262 0 0
25 0 8 1 25 72 17 49 -1 0.20703724960773262 0 -0.20703724960773262 0 -0.20703724960773262 0 0
25 0 9 1 25 73 16 48 -1 0.20703724960773262 0 -0.20703724960773262 0 -0.20703724960773262 0 0
25 0 10 1 25 74 15 47 -1 0.20703724960773262 0 -0.20703724960773262 0 -0.20703724960773262 0 0
25 0 11 1 25 75 14 46 -1 0.20703724960773262 0 -0.20703724960773262 0 -0.20703724960773262 0 0
25 0 12 1 25 76 13 45 -1 0.20703724960773262 0 -0.20703724960773262 0 -0.20703724960773262 0 0
25 0 13 1 25 77 12 44 -1 0.20703724960773262 0 -0.20703724960773262 0 -0.20703724960773262 0 0
25 0 14 1 25 78 11 43 -1 0.20703724960773262 0 -0.20703724960773262 0 -0.20703724960773262 0 0
25 0 15 1 25 79 10 42 -1 0.20703724960773262 0 -0.20703724960773262 0 -0.20703724960773262 0 0
25 0 16 1 25 80 9 41 -1 0.20703724960773262 0 -0.20703724960773262 0 -0.20703724960773262 0 0
25 0 17 1 25 81 8 40 -1 0.20703724960773262 0 -0.20703724960773262 0 -0.20703724960773262 0 0
25 0 18 1 25 82 7 39 -1 0.20703724960773262 0 -0.20703724960773262 0 -0.20703724960773262 0 0
25 0 19 1 25 83 6 38 -1 0.20703724960773262 0 -0.20703724960773262 0 -0.20703724960773262 0 0
25 0 20 1 25 84 5 37 -1 0.20703724960773262 0 -0.20703724960773262 0 -0.20703724960773262 0 0
25 0 21 1 25 85 4 36 -1 0.20703724960773262 0 -0.20703724960773262 0 -0.20703724960773262 0 0
25 0 22 1 25 86 3 35 -1 0.20703724960773262 0 -0.20703724960773262 0 -0.20703724960773262 0 0
25 0 23 1 25 87 2 34 -1 0.20703724960773262 0 -0.20703724960773262 0 -0.20703724960773262 0 0
25 0 24 1 25 88 1 33 -1 0.20703724960773262 0 -0.20703724960773262 0 -0.20703724960773262 0 0
25 0 25 1 25 89 0 32 1 0 0 0 0 0 0 0
25 0 26 1 25 90 1 33 1 0.20703724960773262 0 0.20703724960773262 0 0.20703724960773262 0 0
25 0 27 1 25 91 2 34 1 0.20703724960773262 0 0.20703724960773262 0 0.20703724960773262 0 0
25 0 28 1 25 92 3 35 1 0.20703724960773262 0 0.20703724960773262 0 0.20703724960773262 0 0
25 0 29 1 25 93 4 36 1 0.20703724960773262 0 0.20703724960773262 0 0.20703724960773262 0 0
25 0 30 1 25 94 5 37 1 0.20703724960773262 0 0.20703724960773262 0 0.20703724960773262 0 0
25 0 31 1 25 95 6 38 1 0.20703724960773262 0 0.20703724960773262 0 0.20703724960773262 0 0
25 0 32 1 25 96 7 39 1 0.20703724960773262 0 0.20703724960773262 0 0.20703724960773262 0 0
25 0 33 1 25 97 8 40 1 0.20703724960773262 0 0.20703724960773262 0 0.20703724960773262 0 0
25 0 34 1 25 98 9 41 1 0.20703724960773262 0 0.20703724960773262 0 0.20703724960773262 0 0
25 0 35 1 25 99 10 42 1 0.20703724960773262 0 0.20703724960773262 0 0.20703724960773262 0 0
25 0 36 1 25 100 11 43 1 0.20703724960773262 0 0.20703724960773262 0 0.20703724960773262 0 0
25 0 37 1 25 101 12 44 1 0.20703724960773262 0 0.20703724960773262 0 0.20703724960773262 0 0
25 0 38 1 25 102 13 45 1 0.20703724960773262 0 0.20703724960773262 0 0.20703724960773262 0 0
25 0 39 1 25 103 14 46 1 0.20703724960773262 0 0.20703724960773262 0 0.20703724960773262 0 0
25 0 40 1 25 104 15 47 1 0.20703724960773262 0 0.20703724960773262 0 0.20703724960773262 0 0
25 0 41 1 25 105 16 48 1 0.20703724960773262 0 0.20703724960773262 0 0.20703724960773262 0 0
25 0 42 1 25 106 17 49 1 0.20703724960773262 0 0.20703724960773262 0 0.20703724960773262 0 0
25 0 43 1 25 107 18 50 1 0.20703724960773262 0 0.20703724960773262 0 0.20703724960773262 0 0
25 0 44 1 25 108 19 51 1 0.20703724960773262 0 0.20703724960773262 0 0.20703724960773262 0 0
25 0 45 1 25 109 20 52 1 0.20703724960773262 0 0.20703724960773262 0 0.20703724960773262 0 0
25 0 46 1 25 110 21 53 1 0.20703724960773262 0 0.20703724960773262 0 0.20703724960773262 0 0
25 0 47 1 25 111 22 54 1 0.20703724960773262 0 0.20703724960773262 0 0.20703724960773262 0 0
25 0 48 1 25 112 23 55 1 0.20703724960773262 0 0.20703724960773262 0 0.20703724960773262 0 0
25 0 49 1 25 113 24 56 1 0.20703724960773262 0 0.20703724960773262 0 0.20703724960773262 0 0
25 0 50 1 25 114 25 57 1 0.20703724960773262 0 0.20703724960773262 0 0.20703724960773262 0 0
25 0 51 1 25 115 26 58 1 0.20703724960773262 0 0.20703724960773262 0 0.20703724960773262 0 0
25 0 52 1 25 116 27 59 1 0.20703724960773262 0 0.20703724960773262 0 0.20703724960773262 0 0
25 0 53 1 25 117 28 60 1 0.20703724960773262 0 0.20703724960773262 0 0.20703724960773262 0 0
25 0 54 1 25 118 29 61 1 0.20703724960773262 0 0.20703724960773262 0 0.20703724960773262 0 0
25 0 55 1 25 119 30 62 1 0.20703724960773262 0 0.20703724960773262 0 0.20703724960773262 0 0
25 0 56 1 25 120 31 63 1 0.20703724960773262 0 0.20703724960773262 0 0.20703724960773262 0 0
25 0 57 1 25 121 32 64 1 0.20703724960773262 0 0.20703724960773262 0 0.20703724960773262 0 0
25 0 58 1 25 122 31 63 1 0.20703724960773262 0 0.20703724960773262 0 0.20703724960773262 0 0
25 0 59 1 25 123 30 62 1 0.20703724960773262 0 0.20703724960773262 0 0.20703724960773262 0 0
25 0 60 1 25 124 29 61 1 0.20703724960773262 0 0.20703724960773262 0 0.20703724960773262 0 0
25 0 61 1 25 125 28 60 1 0.20703724960773262 0 0.20703724960773262 0 0.20703724960773262 0 0
25 0 62 1 25 126 27 59 1 0.20703724960773262 0 0.20703724960773262 0 0.20703724960773262 0 0
25 0 63 1 25 127 26 58 1 0.20703724960773262 0 0.20703724960773262 0 0.20703724960773262 0 0
26 0 27 0 26 27 1 0 1 1.5483719497275521 0 1.5483719497275521 0 1.5483719497275521 0 0
26 0 28 0 26 28 2 1 1 -0.62106902470630421 0 -0.62106902470630421 0 -0.62106902470630421 0 0
26 0 29 0 26 29 3 2 1 1.4591568302030655 0 1.4591568302030655 0 1.4591568302030655 0 0
26 0 30 0 26 30 4 3 1 -0.65922634871850916 0 -0.65922634871850916 0 -0.65922634871850916 0 0
26 0 31 0 26 31 5 4 1 1.4380193841453996 0 1.4380193841453996 0 1.4380193841453996 0 0
26 0 32 0 26 32 6 5 1 -0.67262681213945552 0 -0.67262681213945552 0 -0.67262681213945552 0 0
26 0 33 0 26 33 7 6 1 1.4287857099143846 0 1.4287857099143846 0 1.4287857099143846 0 0
26 0 34 0 26 34 8 7 1 -0.67935965176948165 0 -0.67935965176948165 0 -0.67935965176948165 0 0
26 0 35 0 26 35 9 8 1 1.423671853971749 0 1.423671853971749 0 1.423671853971749 0 0
26 0 36 0 26 36 10 9 1 -0.68336495168385192 0 -0.68336495168385192 0 -0.68336495168385192 0 0
26 0 37 0 26 37 11 10 1 1.4204592435907357 0 1.4204592435907357 0 1.4204592435907357 0 0
26 0 38 0 26 38 12 11 1 -0.68599076312992613 0 -0.68599076312992613 0 -0.68599076312992613 0 0
26 0 39 0 26 39 13 12 1 1.418280333004784 0 1.418280333004784 0 1.418280333004784 0 0
26 0 40 0 26 40 14 13 1 -0.68782111261705625 0 -0.68782111261705625 0 -0.68782111261705625 0 0
26 0 41 0 26 41 15 14 1 1.4167274407073669 0 1.4167274407073669 0 1.4167274407073669 0 0
26 0 42 0 26 42 16 15 1 -0.68914919296560939 0 -0.68914919296560939 0 -0.68914919296560939 0 0
26 0 43 0 26 43 17 16 1 1.415584401425233 0 1.415584401425233 0 1.415584401425233 0 0
26 0 44 0 26 44 18 17 1 -0.6901377561362213 0 -0.6901377561362213 0 -0.6901377561362213 0 0
26 0 45 0 26 45 19 18 1 1.4147264780329518 0 1.4147264780329518 0 1.4147264780329518 0 0
26 0 46 0 26 46 20 19 1 -0.69088386103115262 0 -0.69088386103115262 0 -0.69088386103115262 0 0
26 0 47 0 26 47 21 20 1 1.4140771750058097 0 1.4140771750058097 0 1.4140771750058097 0 0
26 0 48 0 26 48 22 21 1 -0.69144844497275415 0 -0.69144844497275415 0 -0.69144844497275415 0 0
26 0 49 0 26 49 23 22 1 1.4135875246411542 0 1.4135875246411542 0 1.4135875246411542 0 0
26 0 50 0 26 50 24 23 1 -0.69187112178069776 0 -0.69187112178069776 0 -0.69187112178069776 0 0
26 0 51 0 26 51 25 24 1 1.4132253331583424 0 1.4132253331583424 0 1.4132253331583424 0 0
26 0 52 0 26 52 26 25 1 -0.69217811196996715 0 -0.69217811196996715 0 -0.69217811196996715 0 0
26 0 53 0 26 53 27 26 1 1.412969260722523 0 1.412969260722523 0 1.412969260722523 0 0
26 0 54 0 26 54 28 27 1 -0.69238670518368572 0 -0.69238670518368572 0 -0.69238670518368572 0 0
26 0 55 0 26 55 29 28 1 1.412805434823321 0 1.412805434823321 0 1.412805434823321 0 0
26 0 56 0 26 56 30 29 1 -0.6925078382886708 0 -0.6925078382886708 0 -0.6925078382886708 0 0
26 0 57 0 26 57 31 30 1 1.4127254916248142 0 1.4127254916248142 0 1.4127254916248142 0 0
26 0 58 0 26 58 32 31 1 -0.69254756909215287 0 -0.69254756909215287 0 -0.69254756909215287 0 0
26 0 59 0 26 59 31 30 1 1.4127254916248142 0 1.4127254916248169 0 1.4127254916248142 0 2.6645352591003757e-15
26 0 60 0 26 60 30 29 1 -0.6925078382886708 0 -0.69250783828867302 0 -0.6925078382886708 0 2.2204460492503131e-15
26 0 61 0 26 61 29 28 1 1.412805434823321 0 1.4128054348233245 0 1.412805434823321 0 3.5527136788005009e-15
26 0 62 0 26 62 28 27 1 -0.69238670518368572 0 -0.69238670518369061 0 -0.69238670518368572 0 4.8849813083506888e-15
26 0 63 0 26 63 27 26 1 1.412969260722523 0 1.4129692607225253 0 1.412969260722523 0 2.2204460492503131e-15
26 0 0 1 26 64 26 58 -1 0.20703724960773262 0 -0.20703724960773262 0 -0.20703724960773262 0 0
26 0 1 1 26 65 25 57 -1 0.20703724960773262 0 -0.20703724960773262 0 -0.20703724960773262 0 0
26 0 2 1 26 66 24 56 -1 0.20703724960773262 0 -0.20703724960773262 0 -0.20703724960773262 0 0
26 0 3 1 26 67 23 55 -1 0.20703724960773262 0 -0.20703724960773262 0 -0.20703724960773262 0 0
26 0 4 1 26 68 22 54 -1 0.20703724960773262 0 -0.20703724960773262 0 -0.20703724960773262 0 0
26 0 5 1 26 69 21 53 -1 0.20703724960773262 0 -0.20703724960773262 0 -0.20703724960773262 0 0
26 0 6 1 26 70 20 52 -1 0.20703724960773262 0 -0.20703724960773262 0 -0.20703724960773262 0 0
26 0 7 1 26 71 19 51 -1 0.20703724960773262 0 -0.20703724960773262 0 -0.20703724960773262 0 0
26 0 8 1 26 72 18 50 -1 0.20703724960773262 0 -0.20703724960773262 0 -0.20703724960773262 0 0
26 0 9 1 26 73 17 49 -1 0.20703724960773262 0 -0.20703724960773262 0 -0.20703724960773262 0 0
26 0 10 1 26 74 16 48 -1 0.20703724960773262 0 -0.20703724960773262 0 -0.20703724960773262 0 0
26 0 11 1 26 75 15 47 -1 0.20703724960773262 0 -0.20703724960773262 0 -0.20703724960773262 0 0
26 0 12 1 26 76 14 46 -1 0.20703724960773262 0 -0.20703724960773262 0 -0.20703724960773262 0 0
26 0 13 1 26 77 13 45 -1 0.20703724960773262 0 -0.20703724960773262 0 -0.20703724960773262 0 0
26 0 14 1 26 78 12 44 -1 0.20703724960773262 0 -0.20703724960773262 0 -0.20703724960773262 0 0
26 0 15 1 26 79 11 43 -1 0.20703724960773262 0 -0.20703724960773262 0 -0.20703724960773262 0 0
26 0 16 1 26 80 10 42 -1 0.20703724960773262 0 -0.20703724960773262 0 -0.20703724960773262 0 0
26 0 17 1 26 81 9 41 -1 0.20703724960773262 0 -0.20703724960773262 0 -0.20703724960773262 0 0
26 0 18 1 26 82 8 40 -1 0.20703724960773262 0 -0.20703724960773262 0 -0.20703724960773262 0 0
26 0 19 1 26 83 7 39 -1 0.20703724960773262 0 -0.20703724960773262 0 -0.20703724960773262 0 0
26 0 20 1 26 84 6 38 -1 0.20703724960773262 0 -0.20703724960773262 0 -0.20703724960773262 0 0
26 0 21 1 26 85 5 37 -1 0.20703724960773262 0 -0.20703724960773262 0 -0.20703724960773262 0 0
26 0 22 1 26 86 4 36 -1 0.20703724960773262 0 -0.20703724960773262 0 -0.20703724960773262 0 0
26 0 23 1 26 87 3 35 -1 0.20703724960773262 0 -0.20703724960773262 0 -0.20703724960773262 0 0
26 0 24 1 26 88 2 34 -1 0.20703724960773262 0 -0.20703724960773262 0 -0.20703724960773262 0 0
26 0 25 1 26 89 1 33 -1 0.20703724960773262 0 -0.20703724960773262 0 -0.20703724960773262 0 0
26 0 26 1 26 90 0 32 1 0 0 0 0 0 0 0
26 0 27 1 26 91 1 33 1 0.20703724960773262 0 0.20703724960773262 0 0.20703724960773262 0 0
26 0 28 1 26 92 2 34 1 0.20703724960773262 0 0.20703724960773262 0 0.20703724960773262 0 0
26 0 29 1 26 93 3 35 1 0.20703724960773262 0 0.20703724960773262 0 0.20703724960773262 0 0
26 0 30 1 26 94 4 36 1 0.20703724960773262 0 0.20703724960773262 0 0.20703724960773262 0 0
26 0 31 1 26 95 5 37 1 0.20703724960773262 0 0.20703724960773262 0 0.20703724960773262 0 0
26 0 32 1 26 96 6 38 1 0.20703724960773262 0 0.20703724960773262 0 0.20703724960773262 0 0
26 0 33 1 26 97 7 39 1 0.20703724960773262 0 0.20703724960773262 0 0.20703724960773262 0 0
26 0 34 1 26 98 8 40 1 0.20703724960773262 0 0.20703724960773262 0 0.20703724960773262 0 0
26 0 35 1 26 99 9 41 1 0.20703724960773262 0 0.20703724960773262 0 0.20703724960773262 0 0
26 0 36 1 26 100 10 42 1 0.20703724960773262 0 0.20703724960773262 0 0.20703724960773262 0 0
26 0 37 1 26 101 11 43 1 0.20703724960773262 0 0.20703724960773262 0 0.20703724960773262 0 0
26 0 38 1 26 102 12 44 1 0.20703724960773262 0 0.20703724960773262 0 0.20703724960773262 0 0
26 0 39 1 26 103 13 45 1 0.20703724960773262 0 0.20703724960773262 0 0.20703724960773262 0 0
26 0 40 1 26 104 14 46 1 0.20703724960773262 0 0.20703724960773262 0 0.20703724960773262 0 0
26 0 41 1 26 105 15 47 1 0.20703724960773262 0 0.20703724960773262 0 0.20703724960773262 0 0
26 0 42 1 26 106 16 48 1 0.20703724960773262 0 0.20703724960773262 0 0.20703724960773262 0 0
26 0 43 1 26 107 17 49 1 0.20703724960773262 0 0.20703724960773262 0 0.20703724960773262 0 0
26 0 44 1 26 108 18 50 1 0.20703724960773262 0 0.20703724960773262 0 0.20703724960773262 0 0
26 0 45 1 26 109 19 51 1 0.20703724960773262 0 0.20703724960773262 0 0.20703724960773262 0 0
26 0 46 1 26 110 20 52 1 0.20703724960773262 0 0.20703724960773262 0 0.20703724960773262 0 0
26 0 47 1 26 111 21 53 1 0.20703724960773262 0 0.20703724960773262 0 0.20703724960773262 0 0
26 0 48 1 26 112 22 54 1 0.20703724960773262 0 0.20703724960773262 0 0.20703724960773262 0 0
26 0 49 1 26 113 23 55 1 0.20703724960773262 0 0.20703724960773262 0 0.20703724960773262 0 0
26 0 50 1 26 114 24 56 1 0.20703724960773262 0 0.20703724960773262 0 0.20703724960773262 0 0
26 0 51 1 26 115 25 57 1 0.20703724960773262 0 0.20703724960773262 0 0.20703724960773262 0 0
26 0 52 1 26 116 26 58 1 0.20703724960773262 0 0.20703724960773262 0 0.20703724960773262 0 0
26 0 53 1 26 117 27 59 1 0.20703724960773262 0 0.20703724960773262 0 0.20703724960773262 0 0
26 0 54 1 26 118 28 60 1 0.20703724960773262 0 0.20703724960773262 0 0.20703724960773262 0 0
26 0 55 1 26 119 29 61 1 0.20703724960773262 0 0.20703724960773262 0 0.20703724960773262 0 0
26 0 56 1 26 120 30 62 1 0.20703724960773262 0 0.20703724960773262 0 0.20703724960773262 0 0
26 0 57 1 26 121 31 63 1 0.20703724960773262 0 0.20703724960773262 0 0.20703724960773262 0 0
26 0 58 1 26 122 32 64 1 0.20703724960773262 0 0.20703724960773262 0 0.20703724960773262 0 0
26 0 59 1 26 123 31 63 1 0.20703724960773262 0 0.20703724960773262 0 0.20703724960773262 0 0
26 0 60 1 26 124 30 62 1 0.20703724960773262 0 0.20703724960773262 0 0.20703724960773262 0 0
26 0 61 1 26 125 29 61 1 0.20703724960773262 0 0.20703724960773262 0 0.20703724960773262 0 0
26 0 62 1 26 126 28 60 1 0.20703724960773262 0 0.20703724960773262 0 0.20703724960773262 0 0
26 0 63 1 26 127 27 59 1 0.20703724960773262 0 0.20703724960773262 0 0.20703724960773262 0 0
27 0 28 0 27 28 1 0 1 1.5483719497275521 0 1.5483719497275521 0 1.5483719497275521 0 0
27 0 29 0 27 29 2 1 1 -0.62106902470630421 0 -0.62106902470630421 0 -0.62106902470630421 0 0
27 0 30 0 27 30 3 2 1 1.4591568302030655 0 1.4591568302030655 0 1.4591568302030655 0 0
27 0 31 0 27 31 4 3 1 -0.65922634871850916 0 -0.65922634871850916 0 -0.65922634871850916 0 0
27 0 32 0 27 32 5 4 1 1.4380193841453996 0 1.4380193841453996 0 1.4380193841453996 0 0
27 0 33 0 27 33 6 5 1 -0.67262681213945552 0 -0.67262681213945552 0 -0.67262681213945552 0 0
27 0 34 0 27 34 7 6 1 1.4287857099143846 0 1.4287857099143846 0 1.4287857099143846 0 0
27 0 35 0 27 35 8 7 1 -0.67935965176948165 0 -0.67935965176948165 0 -0.67935965176948165 0 0
27 0 36 0 27 36 9 8 1 1.423671853971749 0 1.423671853971749 0 1.423671853971749 0 0
27 0 37 0 27 37 10 9 1 -0.68336495168385192 0 -0.68336495168385192 0 -0.68336495168385192 0 0
27 0 38 0 27 38 11 10 1 1.4204592435907357 0 1.4204592435907357 0 1.4204592435907357 0 0
27 0 39 0 27 39 12 11 1 -0.68599076312992613 0 -0.68599076312992613 0 -0.68599076312992613 0 0
27 0 40 0 27 40 13 12 1 1.418280333004784 0 1.418280333004784 0 1.418280333004784 0 0
27 0 41 0 27 41 14 13 1 -0.68782111261705625 0 -0.68782111261705625 0 -0.68782111261705625 0 0
27 0 42 0 27 42 15 14 1 1.4167274407073669 0 1.4167274407073669 0 1.4167274407073669 0 0
27 0 43 0 27 43 16 15 1 -0.68914919296560939 0 -0.68914919296560939 0 -0.68914919296560939 0 0
27 0 44 0 27 44 17 16 1 1.415584401425233 0 1.415584401425233 0 1.415584401425233 0 0
27 0 45 0 27 45 18 17 1 -0.6901377561362213 0 -0.6901377561362213 0 -0.6901377561362213 0 0
27 0 46 0 27 46 19 18 1 1.4147264780329518 0 1.4147264780329518 0 1.4147264780329518 0 0
27 0 47 0 27 47 20 19 1 -0.69088386103115262 0 -0.69088386103115262 0 -0.69088386103115262 0 0
27 0 48 0 27 48 21 20 1 1.4140771750058097 0 1.4140771750058097 0 1.4140771750058097 0 0
27 0 49 0 27 49 22 21 1 -0.69144844497275415 0 -0.69144844497275415 0 -0.69144844497275415 0 0
27 0 50 0 27 50 23 22 1 1.4135875246411542 0 1.4135875246411542 0 1.4135875246411542 0 0
27 0 51 0 27 51 24 23 1 -0.69187112178069776 0 -0.69187112178069776 0 -0.69187112178069776 0 0
27 0 52 0 27 52 25 24 1 1.4132253331583424 0 1.4132253331583424 0 1.4132253331583424 0 0
27 0 53 0 27 53 26 25 1 -0.69217811196996715 0 -0.69217811196996715 0 -0.69217811196996715 0 0
27 0 54 0 27 54 27 26 1 1.412969260722523 0 1.412969260722523 0 1.412969260722523 0 0
27 0 55 0 27 55 28 27 1 -0.69238670518368572 0 -0.69238670518368572 0 -0.69238670518368572 0 0
27 0 56 0 27 56 29 28 1 1.412805434823321 0 1.412805434823321 0 1.412805434823321 0 0
27 0 57 0 27 57 30 29 1 -0.6925078382886708 0 -0.6925078382886708 0 -0.6925078382886708 0 0
27 0 58 0 27 58 31 30 1 1.4127254916248142 0 1.4127254916248142 0 1.4127254916248142 0 0
27 0 59 0 27 59 32 31 1 -0.69254756909215287 0 -0.69254756909215287 0 -0.69254756909215287 0 0
27 0 60 0 27 60 31 30 1 1.4127254916248142 0 1.4127254916248169 0 1.4127254916248142 0 2.6645352591003757e-15
27 0 61 0 27 61 30 29 1 -0.6925078382886708 0 -0.69250783828867302 0 -0.6925078382886708 0 2.2204460492503131e-15
27 0 62 0 27 62 29 28 1 1.412805434823321 0 1.4128054348233245 0 1.412805434823321 0 3.5527136788005009e-15
27 0 63 0 27 63 28 27 1 -0.69238670518368572 0 -0.69238670518369061 0 -0.69238670518368572 0 4.8849813083506888e-15
27 0 0 1 27 64 27 59 -1 0.20703724960773262 0 -0.20703724960773262 0 -0.20703724960773262 0 0
27 0 1 1 27 65 26 58 -1 0.20703724960773262 0 -0.20703724960773262 0 -0.20703724960773262 0 0
27 0 2 1 27 66 25 57 -1 0.20703724960773262 0 -0.20703724960773262 0 -0.20703724960773262 0 0
27 0 3 1 27 67 24 56 -1 0.20703724960773262 0 -0.20703724960773262 0 -0.20703724960773262 0 0
27 0 4 1 27 68 23 55 -1 0.20703724960773262 0 -0.20703724960773262 0 -0.20703724960773262 0 0
27 0 5 1 27 69 22 54 -1 0.20703724960773262 0 -0.20703724960773262 0 -0.20703724960773262 0 0
27 0 6 1 27 70 21 53 -1 0.20703724960773262 0 -0.20703724960773262 0 -0.20703724960773262 0 0
27 0 7 1 27 71 20 52 -1 0.20703724960773262 0 -0.20703724960773262 0 -0.20703724960773262 0 0
27 0 8 1 27 72 19 51 -1 0.20703724960773262 0 -0.20703724960773262 0 -0.20703724960773262 0 0
27 0 9 1 27 73 18 50 -1 0.20703724960773262 0 -0.20703724960773262 0 -0.20703724960773262 0 0
27 0 10 1 27 74 17 49 -1 0.20703724960773262 0 -0.20703724960773262 0 -0.20703724960773262 0 0
27 0 11 1 27 75 16 48 -1 0.20703724960773262 0 -0.20703724960773262 0 -0.20703724960773262 0 0
27 0 12 1 27 76 15 47 -1 0.20703724960773262 0 -0.20703724960773262 0 -0.20703724960773262 0 0
27 0 13 1 27 77 14 46 -1 0.20703724960773262 0 -0.20703724960773262 0 -0.20703724960773262 0 0
27 0 14 1 27 78 13 45 -1 0.20703724960773262 0 -0.20703724960773262 0 -0.20703724960773262 0 0
27 0 15 1 27 79 12 44 -1 0.20703724960773262 0 -0.20703724960773262 0 -0.20703724960773262 0 0
27 0 16 1 27 80 11 43 -1 0.20703724960773262 0 -0.20703724960773262 0 -0.20703724960773262 0 0
27 0 17 1 27 81 10 42 -1 0.20703724960773262 0 -0.20703724960773262 0 -0.20703724960773262 0 0
27 0 18 1 27 82 9 41 -1 0.20703724960773262 0 -0.20703724960773262 0 -0.20703724960773262 0 0
27 0 19 1 27 83 8 40 -1 0.20703724960773262 0 -0.20703724960773262 0 -0.20703724960773262 0 0
27 0 20 1 27 84 7 39 -1 0.20703724960773262 0 -0.20703724960773262 0 -0.20703724960773262 0 0
27 0 21 1 27 85 6 38 -1 0.20703724960773262 0 -0.20703724960773262 0 -0.20703724960773262 0 0
27 0 22 1 27 86 5 37 -1 0.20703724960773262 0 -0.20703724960773262 0 -0.20703724960773262 0 0
27 0 23 1 27 87 4 36 -1 0.20703724960773262 0 -0.20703724960773262 0 -0.20703724960773262 0 0
27 0 24 1 27 88 3 35 -1 0.20703724960773262 0 -0.20703724960773262 0 -0.20703724960773262 0 0
27 0 25 1 27 89 2 34 -1 0.20703724960773262 0 -0.20703724960773262 0 -0.20703724960773262 0 0
27 0 26 1 27 90 1 33 -1 0.20703724960773262 0 -0.20703724960773262 0 -0.20703724960773262 0 0
27 0 27 1 27 91 0 32 1 0 0 0 0 0 0 0
27 0 28 1 27 92 1 33 1 0.20703724960773262 0 0.20703724960773262 0 0.20703724960773262 0 0
27 0 29 1 27 93 2 34 1 0.20703724960773262 0 0.20703724960773262 0 0.20703724960773262 0 0
27 0 30 1 27 94 3 35 1 0.20703724960773262 0 0.20703724960773262 0 0.20703724960773262 0 0
27 0 31 1 27 95 4 36 1 0.20703724960773262 0 0.20703724960773262 0 0.20703724960773262 0 0
27 0 32 1 27 96 5 37 1 0.20703724960773262 0 0.20703724960773262 0 0.20703724960773262 0 0
27 0 33 1 27 97 6 38 1 0.20703724960773262 0 0.20703724960773262 0 0.20703724960773262 0 0
27 0 34 1 27 98 7 39 1 0.20703724960773262 0 0.20703724960773262 0 0.20703724960773262 0 0
27 0 35 1 27 99 8 40 1 0.20703724960773262 0 0.20703724960773262 0 0.20703724960773262 0 0
27 0 36 1 27 100 9 41 1 0.20703724960773262 0 0.20703724960773262 0 0.20703724960773262 0 0
27 0 37 1 27 101 10 42 1 0.20703724960773262 0 0.20703724960773262 0 0.20703724960773262 0 0
27 0 38 1 27 102 11 43 1 0.20703724960773262 0 0.20703724960773262 0 0.20703724960773262 0 0
27 0 39 1 27 103 12 44 1 0.20703724960773262 0 0.20703724960773262 0 0.20703724960773262 0 0
27 0 40 1 27 104 13 45 1 0.20703724960773262 0 0.20703724960773262 0 0.20703724960773262 0 0
27 0 41 1 27 105 14 46 1 0.20703724960773262 0 0.20703724960773262 0 0.20703724960773262 0 0
27 0 42 1 27 106 15 47 1 0.20703724960773262 0 0.20703724960773262 0 0.20703724960773262 0 0
27 0 43 1 27 107 16 48 1 0.20703724960773262 0 0.20703724960773262 0 0.20703724960773262 0 0
27 0 44 1 27 108 17 49 1 0.20703724960773262 0 0.20703724960773262 0 0.20703724960773262 0 0
27 0 45 1 27 109 18 50 1 0.20703724960773262 0 0.20703724960773262 0 0.20703724960773262 0 0
27 0 46 1 27 110 19 51 1 0.20703724960773262 0 0.20703724960773262 0 0.20703724960773262 0 0
27 0 47 1 27 111 20 52 1 0.20703724960773262 0 0.20703724960773262 0 0.20703724960773262 0 0
27 0 48 1 27 112 21 53 1 0.20703724960773262 0 0.20703724960773262 0 0.20703724960773262 0 0
27 0 49 1 27 113 22 54 1 0.20703724960773262 0 0.20703724960773262 0 0.20703724960773262 0 0
27 0 50 1 27 114 23 55 1 0.20703724960773262 0 0.20703724960773262 0 0.20703724960773262 0 0
27 0 51 1 27 115 24 56 1 0.20703724960773262 0 0.20703724960773262 0 0.20703724960773262 0 0
27 0 52 1 27 116 25 57 1 0.20703724960773262 0 0.20703724960773262 0 0.20703724960773262 0 0
27 0 53 1 27 117 26 58 1 0.20703724960773262 0 0.20703724960773262 0 0.20703724960773262 0 0
27 0 54 1 27 118 27 59 1 0.20703724960773262 0 0.20703724960773262 0 0.20703724960773262 0 0
27 0 55 1 27 119 28 60 1 0.20703724960773262 0 0.20703724960773262 0 0.20703724960773262 0 0
27 0 56 1 27 120 29 61 1 0.20703724960773262 0 0.20703724960773262 0 0.20703724960773262 0 0
27 0 57 1 27 121 30 62 1 0.20703724960773262 0 0.20703724960773262 0 0.20703724960773262 0 0
27 0 58 1 27 122 31 63 1 0.20703724960773262 0 0.20703724960773262 0 0.20703724960773262 0 0
27 0 59 1 27 123 32 64 1 0.20703724960773262 0 0.20703724960773262 0 0.20703724960773262 0 0
27 0 60 1 27 124 31 63 1 0.20703724960773262 0 0.20703724960773262 0 0.20703724960773262 0 0
27 0 61 1 27 125 30 62 1 0.20703724960773262 0 0.20703724960773262 0 0.20703724960773262 0 0
27 0 62 1 27 126 29 61 1 0.20703724960773262 0 0.20703724960773262 0 0.20703724960773262 0 0
27 0 63 1 27 127 28 60 1 0.20703724960773262 0 0.20703724960773262 0 0.20703724960773262 0 0
28 0 29 0 28 29 1 0 1 1.5483719497275521 0 1.5483719497275521 0 1.5483719497275521 0 0
28 0 30 0 28 30 2 1 1 -0.62106902470630421 0 -0.62106902470630421 0 -0.62106902470630421 0 0
28 0 31 0 28 31 3 2 1 1.4591568302030655 0 1.4591568302030655 0 1.4591568302030655 0 0
28 0 32 0 28 32 4 3 1 -0.65922634871850916 0 -0.65922634871850916 0 -0.65922634871850916 0 0
28 0 33 0 28 33 5 4 1 1.4380193841453996 0 1.4380193841453996 0 1.4380193841453996 0 0
28 0 34 0 28 34 6 5 1 -0.67262681213945552 0 -0.67262681213945552 0 -0.67262681213945552 0 0
28 0 35 0 28 35 7 6 1 1.4287857099143846 0 1.4287857099143846 0 1.4287857099143846 0 0
28 0 36 0 28 36 8 7 1 -0.67935965176948165 0 -0.67935965176948165 0 -0.67935965176948165 0 0
28 0 37 0 28 37 9 8 1 1.423671853971749 0 1.423671853971749 0 1.423671853971749 0 0
28 0 38 0 28 38 10 9 1 -0.68336495168385192 0 -0.68336495168385192 0 -0.68336495168385192 0 0
28 0 39 0 28 39 11 10 1 1.4204592435907357 0 1.4204592435907357 0 1.4204592435907357 0 0
28 0 40 0 28 40 12 11 1 -0.68599076312992613 0 -0.68599076312992613 0 -0.68599076312992613 0 0
28 0 41 0 28 41 13 12 1 1.418280333004784 0 1.418280333004784 0 1.418280333004784 0 0
28 0 42 0 28 42 14 13 1 -0.68782111261705625 0 -0.68782111261705625 0 -0.68782111261705625 0 0
28 0 43 0 28 43 15 14 1 1.4167274407073669 0 1.4167274407073669 0 1.4167274407073669 0 0
28 0 44 0 28 44 16 15 1 -0.68914919296560939 0 -0.68914919296560939 0 -0.68914919296560939 0 0
28 0 45 0 28 45 17 16 1 1.415584401425233 0 1.415584401425233 0 1.415584401425233 0 0
28 0 46 0 28 46 18 17 1 -0.6901377561362213 0 -0.6901377561362213 0 -0.6901377561362213 0 0
28 0 47 0 28 47 19 18 1 1.4147264780329518 0 1.4147264780329518 0 1.4147264780329518 0 0
28 0 48 0 28 48 20 19 1 -0.69088386103115262 0 -0.69088386103115262 0 -0.69088386103115262 0 0
28 0 49 0 28 49 21 20 1 1.4140771750058097 0 1.4140771750058097 0 1.4140771750058097 0 0
28 0 50 0 28 50 22 21 1 -0.69144844497275415 0 -0.69144844497275415 0 -0.69144844497275415 0 0
28 0 51 0 28 51 23 22 1 1.4135875246411542 0 1.4135875246411542 0 1.4135875246411542 0 0
28 0 52 0 28 52 24 23 1 -0.69187112178069776 0 -0.69187112178069776 0 -0.69187112178069776 0 0
28 0 53 0 28 53 25 24 1 1.4132253331583424 0 1.4132253331583424 0 1.4132253331583424 0 0
28 0 54 0 28 54 26 25 1 -0.69217811196996715 0 -0.69217811196996715 0 -0.69217811196996715 0 0
28 0 55 0 28 55 27 26 1 1.412969260722523 0 1.412969260722523 0 1.412969260722523 0 0
28 0 56 0 28 56 28 27 1 -0.69238670518368572 0 -0.69238670518368572 0 -0.69238670518368572 0 0
28 0 57 0 28 57 29 28 1 1.412805434823321 0 1.412805434823321 0 1.412805434823321 0 0
28 0 58 0 28 58 30 29 1 -0.6925078382886708 0 -0.6925078382886708 0 -0.6925078382886708 0 0
28 0 59 0 28 59 31 30 1 1.4127254916248142 0 1.4127254916248142 0 1.4127254916248142 0 0
28 0 60 0 28 60 32 31 1 -0.69254756909215287 0 -0.69254756909215287 0 -0.69254756909215287 0 0
28 0 61 0 28 61 31 30 1 1.4127254916248142 0 1.4127254916248169 0 1.4127254916248142 0 2.6645352591003757e-15
28 0 62 0 28 62 30 29 1 -0.6925078382886708 0 -0.69250783828867302 0 -0.6925078382886708 0 2.2204460492503131e-15
28 0 63 0 28 63 29 28 1 1.412805434823321 0 1.4128054348233245 0 1.412805434823321 0 3.5527136788005009e-15
28 0 0 1 28 64 28 60 -1 0.20703724960773262 0 -0.20703724960773262 0 -0.20703724960773262 0 0
28 0 1 1 28 65 27 59 -1 0.20703724960773262 0 -0.20703724960773262 0 -0.20703724960773262 0 0
28 0 2 1 28 66 26 58 -1 0.20703724960773262 0 -0.20703724960773262 0 -0.20703724960773262 0 0
28 0 3 1 28 67 25 57 -1 0.20703724960773262 0 -0.20703724960773262 0 -0.20703724960773262 0 0
28 0 4 1 28 68 24 56 -1 0.20703724960773262 0 -0.20703724960773262 0 -0.20703724960773262 0 0
28 0 5 1 28 69 23 55 -1 0.20703724960773262 0 -0.20703724960773262 0 -0.20703724960773262 0 0
28 0 6 1 28 70 22 54 -1 0.20703724960773262 0 -0.20703724960773262 0 -0.20703724960773262 0 0
28 0 7 1 28 71 21 53 -1 0.20703724960773262 0 -0.20703724960773262 0 -0.20703724960773262 0 0
28 0 8 1 28 72 20 52 -1 0.20703724960773262 0 -0.20703724960773262 0 -0.20703724960773262 0 0
28 0 9 1 28 73 19 51 -1 0.20703724960773262 0 -0.20703724960773262 0 -0.20703724960773262 0 0
28 0 10 1 28 74 18 50 -1 0.20703724960773262 0 -0.20703724960773262 0 -0.20703724960773262 0 0
28 0 11 1 28 75 17 49 -1 0.20703724960773262 0 -0.20703724960773262 0 -0.20703724960773262 0 0
28 0 12 1 28 76 16 48 -1 0.20703724960773262 0 -0.20703724960773262 0 -0.20703724960773262 0 0
28 0 13 1 28 77 15 47 -1 0.20703724960773262 0 -0.20703724960773262 0 -0.20703724960773262 0 0
28 0 14 1 28 78 14 46 -1 0.20703724960773262 0 -0.20703724960773262 0 -0.20703724960773262 0 0
28 0 15 1 28 79 13 45 -1 0.20703724960773262 0 -0.20703724960773262 0 -0.20703724960773262 0 0
28 0 16 1 28 80 12 44 -1 0.20703724960773262 0 -0.20703724960773262 0 -0.20703724960773262 0 0
28 0 17 1 28 81 11 43 -1 0.20703724960773262 0 -0.20703724960773262 0 -0.20703724960773262 0 0
28 0 18 1 28 82 10 42 -1 0.20703724960773262 0 -0.20703724960773262 0 -0.20703724960773262 0 0
28 0 19 1 28 83 9 41 -1 0.20703724960773262 0 -0.20703724960773262 0 -0.20703724960773262 0 0
28 0 20 1 28 84 8 40 -1 0.20703724960773262 0 -0.20703724960773262 0 -0.20703724960773262 0 0
28 0 21 1 28 85 7 39 -1 0.20703724960773262 0 -0.20703724960773262 0 -0.20703724960773262 0 0
28 0 22 1 28 86 6 38 -1 0.20703724960773262 0 -0.20703724960773262 0 -0.20703724960773262 0 0
28 0 23 1 28 87 5 37 -1 0.20703724960773262 0 -0.20703724960773262 0 -0.20703724960773262 0 0
28 0 24 1 28 88 4 36 -1 0.20703724960773262 0 -0.20703724960773262 0 -0.20703724960773262 0 0
28 0 25 1 28 89 3 35 -1 0.20703724960773262 0 -0.20703724960773262 0 -0.20703724960773262 0 0
28 0 26 1 28 90 2 34 -1 0.20703724960773262 0 -0.20703724960773262 0 -0.20703724960773262 0 0
28 0 27 1 28 91 1 33 -1 0.20703724960773262 0 -0.20703724960773262 0 -0.20703724960773262 0 0
28 0 28 1 28 92 0 32 1 0 0 0 0 0 0 0
28 0 29 1 28 93 1 33 1 0.20703724960773262 0 0.20703724960773262 0 0.20703724960773262 0 0
28 0 30 1 28 94 2 34 1 0.20703724960773262 0 0.20703724960773262 0 0.20703724960773262 0 0
28 0 31 1 28 95 3 35 1 0.20703724960773262 0 0.20703724960773262 0 0.20703724960773262 0 0
28 0 32 1 28 96 4 36 1 0.20703724960773262 0 0.20703724960773262 0 0.20703724960773262 0 0
28 0 33 1 28 97 5 37 1 0.20703724960773262 0 0.20703724960773262 0 0.20703724960773262 0 0
28 0 34 1 28 98 6 38 1 0.20703724960773262 0 0.20703724960773262 0 0.20703724960773262 0 0
28 0 35 1 28 99 7 39 1 0.20703724960773262 0 0.20703724960773262 0 0.20703724960773262 0 0
28 0 36 1 28 100 8 40 1 0.20703724960773262 0 0.20703724960773262 0 0.20703724960773262 0 0
28 0 37 1 28 101 9 41 1 0.20703724960773262 0 0.20703724960773262 0 0.20703724960773262 0 0
28 0 38 1 28 102 10 42 1 0.20703724960773262 0 0.20703724960773262 0 0.20703724960773262 0 0
28 0 39 1 28 103 11 43 1 0.20703724960773262 0 0.20703724960773262 0 0.20703724960773262 0 0
28 0 40 1 28 104 12 44 1 0.20703724960773262 0 0.20703724960773262 0 0.20703724960773262 0 0
28 0 41 1 28 105 13 45 1 0.20703724960773262 0 0.20703724960773262 0 0.20703724960773262 0 0
28 0 42 1 28 106 14 46 1 0.20703724960773262 0 0.20703724960773262 0 0.20703724960773262 0 0
28 0 43 1 28 107 15 47 1 0.20703724960773262 0 0.20703724960773262 0 0.20703724960773262 0 0
28 0 44 1 28 108 16 48 1 0.20703724960773262 0 0.20703724960773262 0 0.20703724960773262 0 0
28 0 45 1 28 109 17 49 1 0.20703724960773262 0 0.20703724960773262 0 0.20703724960773262 0 0
28 0 46 1 28 110 18 50 1 0.20703724960773262 0 0.20703724960773262 0 0.20703724960773262 0 0
28 0 47 1 28 111 19 51 1 0.20703724960773262 0 0.20703724960773262 0 0.20703724960773262 0 0
28 0 48 1 28 112 20 52 1 0.20703724960773262 0 0.20703724960773262 0 0.20703724960773262 0 0
28 0 49 1 28 113 21 53 1 0.20703724960773262 0 0.20703724960773262 0 0.20703724960773262 0 0
28 0 50 1 28 114 22 54 1 0.20703724960773262 0 0.20703724960773262 0 0.20703724960773262 0 0
28 0 51 1 28 115 23 55 1 0.20703724960773262 0 0.20703724960773262 0 0.20703724960773262 0 0
28 0 52 1 28 116 24 56 1 0.20703724960773262 0 0.20703724960773262 0 0.20703724960773262 0 0
28 0 53 1 28 117 25 57 1 0.20703724960773262 0 0.20703724960773262 0 0.20703724960773262 0 0
28 0 54 1 28 118 26 58 1 0.20703724960773262 0 0.20703724960773262 0 0.20703724960773262 0 0
28 0 55 1 28 119 27 59 1 0.20703724960773262 0 0.20703724960773262 0 0.20703724960773262 0 0
28 0 56 1 28 120 28 60 1 0.20703724960773262 0 0.20703724960773262 0 0.20703724960773262 0 0
28 0 57 1 28 121 29 61 1 0.20703724960773262 0 0.20703724960773262 0 0.20703724960773262 0 0
28 0 58 1 28 122 30 62 1 0.20703724960773262 0 0.20703724960773262 0 0.20703724960773262 0 0
28 0 59 1 28 123 31 63 1 0.20703724960773262 0 0.20703724960773262 0 0.20703724960773262 0 0
28 0 60 1 28 124 32 64 1 0.20703724960773262 0 0.20703724960773262 0 0.20703724960773262 0 0
28 0 61 1 28 125 31 63 1 0.20703724960773262 0 0.20703724960773262 0 0.20703724960773262 0 0
28 0 62 1 28 126 30 62 1 0.20703724960773262 0 0.20703724960773262 0 0.20703724960773262 0 0
28 0 63 1 28 127 29 61 1 0.20703724960773262 0 0.20703724960773262 0 0.20703724960773262 0 0
29 0 30 0 29 30 1 0 1 1.5483719497275521 0 1.5483719497275521 0 1.5483719497275521 0 0
29 0 31 0 29 31 2 1 1 -0.62106902470630421 0 -0.62106902470630421 0 -0.62106902470630421 0 0
29 0 32 0 29 32 3 2 1 1.4591568302030655 0 1.4591568302030655 0 1.4591568302030655 0 0
29 0 33 0 29 33 4 3 1 -0.65922634871850916 0 -0.65922634871850916 0 -0.65922634871850916 0 0
29 0 34 0 29 34 5 4 1 1.4380193841453996 0 1.4380193841453996 0 1.4380193841453996 0 0
29 0 35 0 29 35 6 5 1 -0.67262681213945552 0 -0.67262681213945552 0 -0.67262681213945552 0 0
29 0 36 0 29 36 7 6 1 1.4287857099143846 0 1.4287857099143846 0 1.4287857099143846 0 0
29 0 37 0 29 37 8 7 1 -0.67935965176948165 0 -0.67935965176948165 0 -0.67935965176948165 0 0
29 0 38 0 29 38 9 8 1 1.423671853971749 0 1.423671853971749 0 1.423671853971749 0 0
29 0 39 0 29 39 10 9 1 -0.68336495168385192 0 -0.68336495168385192 0 -0.68336495168385192 0 0
29 0 40 0 29 40 11 10 1 1.4204592435907357 0 1.4204592435907357 0 1.4204592435907357 0 0
29 0 41 0 29 41 12 11 1 -0.68599076312992613 0 -0.68599076312992613 0 -0.68599076312992613 0 0
29 0 42 0 29 42 13 12 1 1.418280333004784 0 1.418280333004784 0 1.418280333004784 0 0
29 0 43 0 29 43 14 13 1 -0.68782111261705625 0 -0.68782111261705625 0 -0.68782111261705625 0 0
29 0 44 0 29 44 15 14 1 1.4167274407073669 0 1.4167274407073669 0 1.4167274407073669 0 0
29 0 45 0 29 45 16 15 1 -0.68914919296560939 0 -0.68914919296560939 0 -0.68914919296560939 0 0
29 0 46 0 29 46 17 16 1 1.415584401425233 0 1.415584401425233 0 1.415584401425233 0 0
29 0 47 0 29 47 18 17 1 -0.6901377561362213 0 -0.6901377561362213 0 -0.6901377561362213 0 0
29 0 48 0 29 48 19 18 1 1.4147264780329518 0 1.4147264780329518 0 1.4147264780329518 0 0
29 0 49 0 29 49 20 19 1 -0.69088386103115262 0 -0.69088386103115262 0 -0.69088386103115262 0 0
29 0 50 0 29 50 21 20 1 1.4140771750058097 0 1.4140771750058097 0 1.4140771750058097 0 0
29 0 51 0 29 51 22 21 1 -0.69144844497275415 0 -0.69144844497275415 0 -0.69144844497275415 0 0
29 0 52 0 29 52 23 22 1 1.4135875246411542 0 1.4135875246411542 0 1.4135875246411542 0 0
29 0 53 0 29 53 24 23 1 -0.69187112178069776 0 -0.69187112178069776 0 -0.69187112178069776 0 0
29 0 54 0 29 54 25 24 1 1.4132253331583424 0 1.4132253331583424 0 1.4132253331583424 0 0
29 0 55 0 29 55 26 25 1 -0.69217811196996715 0 -0.69217811196996715 0 -0.69217811196996715 0 0
29 0 56 0 29 56 27 26 1 1.412969260722523 0 1.412969260722523 0 1.412969260722523 0 0
29 0 57 0 29 57 28 27 1 -0.69238670518368572 0 -0.69238670518368572 0 -0.69238670518368572 0 0
29 0 58 0 29 58 29 28 1 1.412805434823321 0 1.412805434823321 0 1.412805434823321 0 0
29 0 59 0 29 59 30 29 1 -0.6925078382886708 0 -0.6925078382886708 0 -0.6925078382886708 0 0
29 0 60 0 29 60 31 30 1 1.4127254916248142 0 1.4127254916248142 0 1.4127254916248142 0 0
29 0 61 0 29 61 32 31 1 -0.69254756909215287 0 -0.69254756909215287 0 -0.69254756909215287 0 0
29 0 62 0 29 62 31 30 1 1.4127254916248142 0 1.4127254916248169 0 1.4127254916248142 0 2.6645352591003757e-15
29 0 63 0 29 63 30 29 1 -0.6925078382886708 0 -0.69250783828867302 0 -0.6925078382886708 0 2.2204460492503131e-15
29 0 0 1 29 64 29 61 -1 0.20703724960773262 0 -0.20703724960773262 0 -0.20703724960773262 0 0
29 0 1 1 29 65 28 60 -1 0.20703724960773262 0 -0.20703724960773262 0 -0.20703724960773262 0 0
29 0 2 1 29 66 27 59 -1 0.20703724960773262 0 -0.20703724960773262 0 -0.20703724960773262 0 0
29 0 3 1 29 67 26 58 -1 0.20703724960773262 0 -0.20703724960773262 0 -0.20703724960773262 0 0
29 0 4 1 29 68 25 57 -1 0.20703724960773262 0 -0.20703724960773262 0 -0.20703724960773262 0 0
29 0 5 1 29 69 24 56 -1 0.20703724960773262 0 -0.20703724960773262 0 -0.20703724960773262 0 0
29 0 6 1 29 70 23 55 -1 0.20703724960773262 0 -0.20703724960773262 0 -0.20703724960773262 0 0
29 0 7 1 29 71 22 54 -1 0.20703724960773262 0 -0.20703724960773262 0 -0.20703724960773262 0 0
29 0 8 1 29 72 21 53 -1 0.20703724960773262 0 -0.20703724960773262 0 -0.20703724960773262 0 0
29 0 9 1 29 73 20 52 -1 0.20703724960773262 0 -0.20703724960773262 0 -0.20703724960773262 0 0
29 0 10 1 29 74 19 51 -1 0.20703724960773262 0 -0.20703724960773262 0 -0.20703724960773262 0 0
29 0 11 1 29 75 18 50 -1 0.20703724960773262 0 -0.20703724960773262 0 -0.20703724960773262 0 0
29 0 12 1 29 76 17 49 -1 0.20703724960773262 0 -0.20703724960773262 0 -0.20703724960773262 0 0
29 0 13 1 29 77 16 48 -1 0.20703724960773262 0 -0.20703724960773262 0 -0.20703724960773262 0 0
29 0 14 1 29 78 15 47 -1 0.20703724960773262 0 -0.20703724960773262 0 -0.20703724960773262 0 0
29 0 15 1 29 79 14 46 -1 0.20703724960773262 0 -0.20703724960773262 0 -0.20703724960773262 0 0
29 0 16 1 29 80 13 45 -1 0.20703724960773262 0 -0.20703724960773262 0 -0.20703724960773262 0 0
29 0 17 1 29 81 12 44 -1 0.20703724960773262 0 -0.20703724960773262 0 -0.20703724960773262 0 0
29 0 18 1 29 82 11 43 -1 0.20703724960773262 0 -0.20703724960773262 0 -0.20703724960773262 0 0
29 0 19 1 29 83 10 42 -1 0.20703724960773262 0 -0.20703724960773262 0 -0.20703724960773262 0 0
29 0 20 1 29 84 9 41 -1 0.20703724960773262 0 -0.20703724960773262 0 -0.20703724960773262 0 0
29 0 21 1 29 85 8 40 -1 0.20703724960773262 0 -0.20703724960773262 0 -0.20703724960773262 0 0
29 0 22 1 29 86 7 39 -1 0.20703724960773262 0 -0.20703724960773262 0 -0.20703724960773262 0 0
29 0 23 1 29 87 6 38 -1 0.20703724960773262 0 -0.20703724960773262 0 -0.20703724960773262 0 0
29 0 24 1 29 88 5 37 -1 0.20703724960773262 0 -0.20703724960773262 0 -0.20703724960773262 0 0
29 0 25 1 29 89 4 36 -1 0.20703724960773262 0 -0.20703724960773262 0 -0.20703724960773262 0 0
29 0 26 1 29 90 3 35 -1 0.20703724960773262 0 -0.20703724960773262 0 -0.20703724960773262 0 0
29 0 27 1 29 91 2 34 -1 0.20703724960773262 0 -0.20703724960773262 0 -0.20703724960773262 0 0
29 0 28 1 29 92 1 33 -1 0.20703724960773262 0 -0.20703724960773262 0 -0.20703724960773262 0 0
29 0 29 1 29 93 0 32 1 0 0 0 0 0 0 0
29 0 30 1 29 94 1 33 1 0.20703724960773262 0 0.20703724960773262 0 0.20703724960773262 0 0
29 0 31 1 29 95 2 34 1 0.20703724960773262 0 0.20703724960773262 0 0.20703724960773262 0 0
29 0 32 1 29 96 3 35 1 0.20703724960773262 0 0.20703724960773262 0 0.20703724960773262 0 0
29 0 33 1 29 97 4 36 1 0.20703724960773262 0 0.20703724960773262 0 0.20703724960773262 0 0
29 0 34 1 29 98 5 37 1 0.20703724960773262 0 0.20703724960773262 0 0.20703724960773262 0 0
29 0 35 1 29 99 6 38 1 0.20703724960773262 0 0.20703724960773262 0 0.20703724960773262 0 0
29 0 36 1 29 100 7 39 1 0.20703724960773262 0 0.20703724960773262 0 0.20703724960773262 0 0
29 0 37 1 29 101 8 40 1 0.20703724960773262 0 0.20703724960773262 0 0.20703724960773262 0 0
29 0 38 1 29 102 9 41 1 0.20703724960773262 0 0.20703724960773262 0 0.20703724960773262 0 0
29 0 39 1 29 103 10 42 1 0.20703724960773262 0 0.20703724960773262 0 0.20703724960773262 0 0
29 0 40 1 29 104 11 43 1 0.20703724960773262 0 0.20703724960773262 0 0.20703724960773262 0 0
29 0 41 1 29 105 12 44 1 0.20703724960773262 0 0.20703724960773262 0 0.20703724960773262 0 0
29 0 42 1 29 106 13 45 1 0.20703724960773262 0 0.20703724960773262 0 0.20703724960773262 0 0
29 0 43 1 29 107 14 46 1 0.20703724960773262 0 0.20703724960773262 0 0.20703724960773262 0 0
29 0 44 1 29 108 15 47 1 0.20703724960773262 0 0.20703724960773262 0 0.20703724960773262 0 0
29 0 45 1 29 109 16 48 1 0.20703724960773262 0 0.20703724960773262 0 0.20703724960773262 0 0
29 0 46 1 29 110 17 49 1 0.20703724960773262 0 0.20703724960773262 0 0.20703724960773262 0 0
29 0 47 1 29 111 18 50 1 0.20703724960773262 0 0.20703724960773262 0 0.20703724960773262 0 0
29 0 48 1 29 112 19 51 1 0.20703724960773262 0 0.20703724960773262 0 0.20703724960773262 0 0
29 0 49 1 29 113 20 52 1 0.20703724960773262 0 0.20703724960773262 0 0.20703724960773262 0 0
29 0 50 1 29 114 21 53 1 0.20703724960773262 0 0.20703724960773262 0 0.20703724960773262 0 0
29 0 51 1 29 115 22 54 1 0.20703724960773262 0 0.20703724960773262 0 0.20703724960773262 0 0
29 0 52 1 29 116 23 55 1 0.20703724960773262 0 0.20703724960773262 0 0.20703724960773262 0 0
29 0 53 1 29 117 24 56 1 0.20703724960773262 0 0.20703724960773262 0 0.20703724960773262 0 0
29 0 54 1 29 118 25 57 1 0.20703724960773262 0 0.20703724960773262 0 0.20703724960773262 0 0
29 0 55 1 29 119 26 58 1 0.20703724960773262 0 0.20703724960773262 0 0.20703724960773262 0 0
29 0 56 1 29 120 27 59 1 0.20703724960773262 0 0.20703724960773262 0 0.20703724960773262 0 0
29 0 57 1 29 121 28 60 1 0.20703724960773262 0 0.20703724960773262 0 0.20703724960773262 0 0
29 0 58 1 29 122 29 61 1 0.20703724960773262 0 0.20703724960773262 0 0.20703724960773262 0 0
29 0 59 1 29 123 30 62 1 0.20703724960773262 0 0.20703724960773262 0 0.20703724960773262 0 0
29 0 60 1 29 124 31 63 1 0.20703724960773262 0 0.20703724960773262 0 0.20703724960773262 0 0
29 0 61 1 29 125 32 64 1 0.20703724960773262 0 0.20703724960773262 0 0.20703724960773262 0 0
29 0 62 1 29 126 31 63 1 0.20703724960773262 0 0.20703724960773262 0 0.20703724960773262 0 0
29 0 63 1 29 127 30 62 1 0.20703724960773262 0 0.20703724960773262 0 0.20703724960773262 0 0
30 0 31 0 30 31 1 0 1 1.5483719497275521 0 1.5483719497275521 0 1.5483719497275521 0 0
30 0 32 0 30 32 2 1 1 -0.62106902470630421 0 -0.62106902470630421 0 -0.62106902470630421 0 0
30 0 33 0 30 33 3 2 1 1.4591568302030655 0 1.4591568302030655 0 1.4591568302030655 0 0
30 0 34 0 30 34 4 3 1 -0.65922634871850916 0 -0.65922634871850916 0 -0.65922634871850916 0 0
30 0 35 0 30 35 5 4 1 1.4380193841453996 0 1.4380193841453996 0 1.4380193841453996 0 0
30 0 36 0 30 36 6 5 1 -0.67262681213945552 0 -0.67262681213945552 0 -0.67262681213945552 0 0
30 0 37 0 30 37 7 6 1 1.4287857099143846 0 1.4287857099143846 0 1.4287857099143846 0 0
30 0 38 0 30 38 8 7 1 -0.67935965176948165 0 -0.67935965176948165 0 -0.67935965176948165 0 0
30 0 39 0 30 39 9 8 1 1.423671853971749 0 1.423671853971749 0 1.423671853971749 0 0
30 0 40 0 30 40 10 9 1 -0.68336495168385192 0 -0.68336495168385192 0 -0.68336495168385192 0 0
30 0 41 0 30 41 11 10 1 1.4204592435907357 0 1.4204592435907357 0 1.4204592435907357 0 0
30 0 42 0 30 42 12 11 1 -0.68599076312992613 0 -0.68599076312992613 0 -0.68599076312992613 0 0
30 0 43 0 30 43 13 12 1 1.418280333004784 0 1.418280333004784 0 1.418280333004784 0 0
30 0 44 0 30 44 14 13 1 -0.68782111261705625 0 -0.68782111261705625 0 -0.68782111261705625 0 0
30 0 45 0 30 45 15 14 1 1.4167274407073669 0 1.4167274407073669 0 1.4167274407073669 0 0
30 0 46 0 30 46 16 15 1 -0.68914919296560939 0 -0.68914919296560939 0 -0.68914919296560939 0 0
30 0 47 0 30 47 17 16 1 1.415584401425233 0 1.415584401425233 0 1.415584401425233 0 0
30 0 48 0 30 48 18 17 1 -0.6901377561362213 0 -0.6901377561362213 0 -0.6901377561362213 0 0
30 0 49 0 30 49 19 18 1 1.4147264780329518 0 1.4147264780329518 0 1.4147264780329518 0 0
30 0 50 0 30 50 20 19 1 -0.69088386103115262 0 -0.69088386103115262 0 -0.69088386103115262 0 0
30 0 51 0 30 51 21 20 1 1.4140771750058097 0 1.4140771750058097 0 1.4140771750058097 0 0
30 0 52 0 30 52 22 21 1 -0.69144844497275415 0 -0.69144844497275415 0 -0.69144844497275415 0 0
30 0 53 0 30 53 23 22 1 1.4135875246411542 0 1.4135875246411542 0 1.4135875246411542 0 0
30 0 54 0 30 54 24 23 1 -0.69187112178069776 0 -0.69187112178069776 0 -0.69187112178069776 0 0
30 0 55 0 30 55 25 24 1 1.4132253331583424 0 1.4132253331583424 0 1.4132253331583424 0 0
30 0 56 0 30 56 26 25 1 -0.69217811196996715 0 -0.69217811196996715 0 -0.69217811196996715 0 0
30 0 57 0 30 57 27 26 1 1.412969260722523 0 1.412969260722523 0 1.412969260722523 0 0
30 0 58 0 30 58 28 27 1 -0.69238670518368572 0 -0.69238670518368572 0 -0.69238670518368572 0 0
30 0 59 0 30 59 29 28 1 1.412805434823321 0 1.412805434823321 0 1.412805434823321 0 0
30 0 60 0 30 60 30 29 1 -0.6925078382886708 0 -0.6925078382886708 0 -0.6925078382886708 0 0
30 0 61 0 30 61 31 30 1 1.4127254916248142 0 1.4127254916248142 0 1.4127254916248142 0 0
30 0 62 0 30 62 32 31 1 -0.69254756909215287 0 -0.69254756909215287 0 -0.69254756909215287 0 0
30 0 63 0 30 63 31 30 1 1.4127254916248142 0 1.4127254916248169 0 1.4127254916248142 0 2.6645352591003757e-15
30 0 0 1 30 64 30 62 -1 0.20703724960773262 0 -0.20703724960773262 0 -0.20703724960773262 0 0
30 0 1 1 30 65 29 61 -1 0.20703724960773262 0 -0.20703724960773262 0 -0.20703724960773262 0 0
30 0 2 1 30 66 28 60 -1 0.20703724960773262 0 -0.20703724960773262 0 -0.20703724960773262 0 0
30 0 3 1 30 67 27 59 -1 0.20703724960773262 0 -0.20703724960773262 0 -0.20703724960773262 0 0
30 0 4 1 30 68 26 58 -1 0.20703724960773262 0 -0.20703724960773262 0 -0.20703724960773262 0 0
30 0 5 1 30 69 25 57 -1 0.20703724960773262 0 -0.20703724960773262 0 -0.20703724960773262 0 0
30 0 6 1 30 70 24 56 -1 0.20703724960773262 0 -0.20703724960773262 0 -0.20703724960773262 0 0
30 0 7 1 30 71 23 55 -1 0.20703724960773262 0 -0.20703724960773262 0 -0.20703724960773262 0 0
30 0 8 1 30 72 22 54 -1 0.20703724960773262 0 -0.20703724960773262 0 -0.20703724960773262 0 0
30 0 9 1 30 73 21 53 -1 0.20703724960773262 0 -0.20703724960773262 0 -0.20703724960773262 0 0
30 0 10 1 30 74 20 52 -1 0.20703724960773262 0 -0.20703724960773262 0 -0.20703724960773262 0 0
30 0 11 1 30 75 19 51 -1 0.20703724960773262 0 -0.20703724960773262 0 -0.20703724960773262 0 0
30 0 12 1 30 76 18 50 -1 0.20703724960773262 0 -0.20703724960773262 0 -0.20703724960773262 0 0
30 0 13 1 30 77 17 49 -1 0.20703724960773262 0 -0.20703724960773262 0 -0.20703724960773262 0 0
30 0 14 1 30 78 16 48 -1 0.20703724960773262 0 -0.20703724960773262 0 -0.20703724960773262 0 0
30 0 15 1 30 79 15 47 -1 0.20703724960773262 0 -0.20703724960773262 0 -0.20703724960773262 0 0
30 0 16 1 30 80 14 46 -1 0.20703724960773262 0 -0.20703724960773262 0 -0.20703724960773262 0 0
30 0 17 1 30 81 13 45 -1 0.20703724960773262 0 -0.20703724960773262 0 -0.20703724960773262 0 0
30 0 18 1 30 82 12 44 -1 0.20703724960773262 0 -0.20703724960773262 0 -0.20703724960773262 0 0
30 0 19 1 30 83 11 43 -1 0.20703724960773262 0 -0.20703724960773262 0 -0.20703724960773262 0 0
30 0 20 1 30 84 10 42 -1 0.20703724960773262 0 -0.20703724960773262 0 -0.20703724960773262 0 0
30 0 21 1 30 85 9 41 -1 0.20703724960773262 0 -0.20703724960773262 0 -0.20703724960773262 0 0
30 0 22 1 30 86 8 40 -1 0.20703724960773262 0 -0.20703724960773262 0 -0.20703724960773262 0 0
30 0 23 1 30 87 7 39 -1 0.20703724960773262 0 -0.20703724960773262 0 -0.20703724960773262 0 0
30 0 24 1 30 88 6 38 -1 0.20703724960773262 0 -0.20703724960773262 0 -0.20703724960773262 0 0
30 0 25 1 30 89 5 37 -1 0.20703724960773262 0 -0.20703724960773262 0 -0.20703724960773262 0 0
30 0 26 1 30 90 4 36 -1 0.20703724960773262 0 -0.20703724960773262 0 -0.20703724960773262 0 0
30 0 27 1 30 91 3 35 -1 0.20703724960773262 0 -0.20703724960773262 0 -0.20703724960773262 0 0
30 0 28 1 30 92 2 34 -1 0.20703724960773262 0 -0.20703724960773262 0 -0.20703724960773262 0 0
30 0 29 1 30 93 1 33 -1 0.20703724960773262 0 -0.20703724960773262 0 -0.20703724960773262 0 0
30 0 30 1 30 94 0 32 1 0 0 0 0 0 0 0
30 0 31 1 30 95 1 33 1 0.20703724960773262 0 0.20703724960773262 0 0.20703724960773262 0 0
30 0 32 1 30 96 2 34 1 0.20703724960773262 0 0.20703724960773262 0 0.20703724960773262 0 0
30 0 33 1 30 97 3 35 1 0.20703724960773262 0 0.20703724960773262 0 0.20703724960773262 0 0
30 0 34 1 30 98 4 36 1 0.20703724960773262 0 0.20703724960773262 0 0.20703724960773262 0 0
30 0 35 1 30 99 5 37 1 0.20703724960773262 0 0.20703724960773262 0 0.20703724960773262 0 0
30 0 36 1 30 100 6 38 1 0.20703724960773262 0 0.20703724960773262 0 0.20703724960773262 0 0
30 0 37 1 30 101 7 39 1 0.20703724960773262 0 0.20703724960773262 0 0.20703724960773262 0 0
30 0 38 1 30 102 8 40 1 0.20703724960773262 0 0.20703724960773262 0 0.20703724960773262 0 0
30 0 39 1 30 103 9 41 1 0.20703724960773262 0 0.20703724960773262 0 0.20703724960773262 0 0
30 0 40 1 30 104 10 42 1 0.20703724960773262 0 0.20703724960773262 0 0.20703724960773262 0 0
30 0 41 1 30 105 11 43 1 0.20703724960773262 0 0.20703724960773262 0 0.20703724960773262 0 0
30 0 42 1 30 106 12 44 1 0.20703724960773262 0 0.20703724960773262 0 0.20703724960773262 0 0
30 0 43 1 30 107 13 45 1 0.20703724960773262 0 0.20703724960773262 0 0.20703724960773262 0 0
30 0 44 1 30 108 14 46 1 0.20703724960773262 0 0.20703724960773262 0 0.20703724960773262 0 0
30 0 45 1 30 109 15 47 1 0.20703724960773262 0 0.20703724960773262 0 0.20703724960773262 0 0
30 0 46 1 30 110 16 48 1 0.20703724960773262 0 0.20703724960773262 0 0.20703724960773262 0 0
30 0 47 1 30 111 17 49 1 0.20703724960773262 0 0.20703724960773262 0 0.20703724960773262 0 0
30 0 48 1 30 112 18 50 1 0.20703724960773262 0 0.20703724960773262 0 0.20703724960773262 0 0
30 0 49 1 30 113 19 51 1 0.20703724960773262 0 0.20703724960773262 0 0.20703724960773262 0 0
30 0 50 1 30 114 20 52 1 0.20703724960773262 0 0.20703724960773262 0 0.20703724960773262 0 0
30 0 51 1 30 115 21 53 1 0.20703724960773262 0 0.20703724960773262 0 0.20703724960773262 0 0
30 0 52 1 30 116 22 54 1 0.20703724960773262 0 0.20703724960773262 0 0.20703724960773262 0 0
30 0 53 1 30 117 23 55 1 0.20703724960773262 0 0.20703724960773262 0 0.20703724960773262 0 0
30 0 54 1 30 118 24 56 1 0.20703724960773262 0 0.20703724960773262 0 0.20703724960773262 0 0
30 0 55 1 30 119 25 57 1 0.20703724960773262 0 0.20703724960773262 0 0.20703724960773262 0 0
30 0 56 1 30 120 26 58 1 0.20703724960773262 0 0.20703724960773262 0 0.20703724960773262 0 0
30 0 57 1 30 121 27 59 1 0.20703724960773262 0 0.20703724960773262 0 0.20703724960773262 0 0
30 0 58 1 30 122 28 60 1 0.20703724960773262 0 0.20703724960773262 0 0.20703724960773262 0 0
30 0 59 1 30 123 29 61 1 0.20703724960773262 0 0.20703724960773262 0 0.20703724960773262 0 0
30 0 60 1 30 124 30 62 1 0.20703724960773262 0 0.20703724960773262 0 0.20703724960773262 0 0
30 0 61 1 30 125 31 63 1 0.20703724960773262 0 0.20703724960773262 0 0.20703724960773262 0 0
30 0 62 1 30 126 32 64 1 0.20703724960773262 0 0.20703724960773262 0 0.20703724960773262 0 0
30 0 63 1 30 127 31 63 1 0.20703724960773262 0 0.20703724960773262 0 0.20703724960773262 0 0
31 0 32 0 31 32 1 0 1 1.5483719497275521 0 1.5483719497275521 0 1.5483719497275521 0 0
31 0 33 0 31 33 2 1 1 -0.62106902470630421 0 -0.62106902470630421 0 -0.62106902470630421 0 0
31 0 34 0 31 34 3 2 1 1.4591568302030655 0 1.4591568302030655 0 1.4591568302030655 0 0
31 0 35 0 31 35 4 3 1 -0.65922634871850916 0 -0.65922634871850916 0 -0.65922634871850916 0 0
31 0 36 0 31 36 5 4 1 1.4380193841453996 0 1.4380193841453996 0 1.4380193841453996 0 0
31 0 37 0 31 37 6 5 1 -0.67262681213945552 0 -0.67262681213945552 0 -0.67262681213945552 0 0
31 0 38 0 31 38 7 6 1 1.4287857099143846 0 1.4287857099143846 0 1.4287857099143846 0 0
31 0 39 0 31 39 8 7 1 -0.67935965176948165 0 -0.67935965176948165 0 -0.67935965176948165 0 0
31 0 40 0 31 40 9 8 1 1.423671853971749 0 1.423671853971749 0 1.423671853971749 0 0
31 0 41 0 31 41 10 9 1 -0.68336495168385192 0 -0.68336495168385192 0 -0.68336495168385192 0 0
31 0 42 0 31 42 11 10 1 1.4204592435907357 0 1.4204592435907357 0 1.4204592435907357 0 0
31 0 43 0 31 43 12 11 1 -0.68599076312992613 0 -0.68599076312992613 0 -0.68599076312992613 0 0
31 0 44 0 31 44 13 12 1 1.418280333004784 0 1.418280333004784 0 1.418280333004784 0 0
31 0 45 0 31 45 14 13 1 -0.68782111261705625 0 -0.68782111261705625 0 -0.68782111261705625 0 0
31 0 46 0 31 46 15 14 1 1.4167274407073669 0 1.4167274407073669 0 1.4167274407073669 0 0
31 0 47 0 31 47 16 15 1 -0.68914919296560939 0 -0.68914919296560939 0 -0.68914919296560939 0 0
31 0 48 0 31 48 17 16 1 1.415584401425233 0 1.415584401425233 0 1.415584401425233 0 0
31 0 49 0 31 49 18 17 1 -0.6901377561362213 0 -0.6901377561362213 0 -0.6901377561362213 0 0
31 0 50 0 31 50 19 18 1 1.4147264780329518 0 1.4147264780329518 0 1.4147264780329518 0 0
31 0 51 0 31 51 20 19 1 -0.69088386103115262 0 -0.69088386103115262 0 -0.69088386103115262 0 0
31 0 52 0 31 52 21 20 1 1.4140771750058097 0 1.4140771750058097 0 1.4140771750058097 0 0
31 0 53 0 31 53 22 21 1 -0.69144844497275415 0 -0.69144844497275415 0 -0.69144844497275415 0 0
31 0 54 0 31 54 23 22 1 1.4135875246411542 0 1.4135875246411542 0 1.4135875246411542 0 0
31 0 55 0 31 55 24 23 1 -0.69187112178069776 0 -0.69187112178069776 0 -0.69187112178069776 0 0
31 0 56 0 31 56 25 24 1 1.4132253331583424 0 1.4132253331583424 0 1.4132253331583424 0 0
31 0 57 0 31 57 26 25 1 -0.69217811196996715 0 -0.69217811196996715 0 -0.69217811196996715 0 0
31 0 58 0 31 58 27 26 1 1.412969260722523 0 1.412969260722523 0 1.412969260722523 0 0
31 0 59 0 31 59 28 27 1 -0.69238670518368572 0 -0.69238670518368572 0 -0.69238670518368572 0 0
31 0 60 0 31 60 29 28 1 1.412805434823321 0 1.412805434823321 0 1.412805434823321 0 0
31 0 61 0 31 61 30 29 1 -0.6925078382886708 0 -0.6925078382886708 0 -0.6925078382886708 0 0
31 0 62 0 31 62 31 30 1 1.4127254916248142 0 1.4127254916248142 0 1.4127254916248142 0 0
31 0 63 0 31 63 32 31 1 -0.69254756909215287 0 -0.69254756909215287 0 -0.69254756909215287 0 0
31 0 0 1 31 64 31 63 -1 0.20703724960773262 0 -0.20703724960773262 0 -0.20703724960773262 0 0
31 0 1 1 31 65 30 62 -1 0.20703724960773262 0 -0.20703724960773262 0 -0.20703724960773262 0 0
31 0 2 1 31 66 29 61 -1 0.20703724960773262 0 -0.20703724960773262 0 -0.20703724960773262 0 0
31 0 3 1 31 67 28 60 -1 0.20703724960773262 0 -0.20703724960773262 0 -0.20703724960773262 0 0
31 0 4 1 31 68 27 59 -1 0.20703724960773262 0 -0.20703724960773262 0 -0.20703724960773262 0 0
31 0 5 1 31 69 26 58 -1 0.20703724960773262 0 -0.20703724960773262 0 -0.20703724960773262 0 0
31 0 6 1 31 70 25 57 -1 0.20703724960773262 0 -0.20703724960773262 0 -0.20703724960773262 0 0
31 0 7 1 31 71 24 56 -1 0.20703724960773262 0 -0.20703724960773262 0 -0.20703724960773262 0 0
31 0 8 1 31 72 23 55 -1 0.20703724960773262 0 -0.20703724960773262 0 -0.20703724960773262 0 0
31 0 9 1 31 73 22 54 -1 0.20703724960773262 0 -0.20703724960773262 0 -0.20703724960773262 0 0
31 0 10 1 31 74 21 53 -1 0.20703724960773262 0 -0.20703724960773262 0 -0.20703724960773262 0 0
31 0 11 1 31 75 20 52 -1 0.20703724960773262 0 -0.20703724960773262 0 -0.20703724960773262 0 0
31 0 12 1 31 76 19 51 -1 0.20703724960773262 0 -0.20703724960773262 0 -0.20703724960773262 0 0
31 0 13 1 31 77 18 50 -1 0.20703724960773262 0 -0.20703724960773262 0 -0.20703724960773262 0 0
31 0 14 1 31 78 17 49 -1 0.20703724960773262 0 -0.20703724960773262 0 -0.20703724960773262 0 0
31 0 15 1 31 79 16 48 -1 0.20703724960773262 0 -0.20703724960773262 0 -0.20703724960773262 0 0
31 0 16 1 31 80 15 47 -1 0.20703724960773262 0 -0.20703724960773262 0 -0.20703724960773262 0 0
31 0 17 1 31 81 14 46 -1 0.20703724960773262 0 -0.20703724960773262 0 -0.20703724960773262 0 0
31 0 18 1 31 82 13 45 -1 0.20703724960773262 0 -0.20703724960773262 0 -0.20703724960773262 0 0
31 0 19 1 31 83 12 44 -1 0.20703724960773262 0 -0.20703724960773262 0 -0.20703724960773262 0 0
31 0 20 1 31 84 11 43 -1 0.20703724960773262 0 -0.20703724960773262 0 -0.20703724960773262 0 0
31 0 21 1 31 85 10 42 -1 0.20703724960773262 0 -0.20703724960773262 0 -0.20703724960773262 0 0
31 0 22 1 31 86 9 41 -1 0.20703724960773262 0 -0.20703724960773262 0 -0.20703724960773262 0 0
31 0 23 1 31 87 8 40 -1 0.20703724960773262 0 -0.20703724960773262 0 -0.20703724960773262 0 0
31 0 24 1 31 88 7 39 -1 0.20703724960773262 0 -0.20703724960773262 0 -0.20703724960773262 0 0
31 0 25 1 31 89 6 38 -1 0.20703724960773262 0 -0.20703724960773262 0 -0.20703724960773262 0 0
31 0 26 1 31 90 5 37 -1 0.20703724960773262 0 -0.20703724960773262 0 -0.20703724960773262 0 0
31 0 27 1 31 91 4 36 -1 0.20703724960773262 0 -0.20703724960773262 0 -0.20703724960773262 0 0
31 0 28 1 31 92 3 35 -1 0.20703724960773262 0 -0.20703724960773262 0 -0.20703724960773262 0 0
31 0 29 1 31 93 2 34 -1 0.20703724960773262 0 -0.20703724960773262 0 -0.20703724960773262 0 0
31 0 30 1 31 94 1 33 -1 0.20703724960773262 0 -0.20703724960773262 0 -0.20703724960773262 0 0
31 0 31 1 31 95 0 32 1 0 0 0 0 0 0 0
31 0 32 1 31 96 1 33 1 0.20703724960773262 0 0.20703724960773262 0 0.20703724960773262 0 0
31 0 33 1 31 97 2 34 1 0.20703724960773262 0 0.20703724960773262 0 0.20703724960773262 0 0
31 0 34 1 31 98 3 35 1 0.20703724960773262 0 0.20703724960773262 0 0.20703724960773262 0 0
31 0 35 1 31 99 4 36 1 0.20703724960773262 0 0.20703724960773262 0 0.20703724960773262 0 0
31 0 36 1 31 100 5 37 1 0.20703724960773262 0 0.20703724960773262 0 0.20703724960773262 0 0
31 0 37 1 31 101 6 38 1 0.20703724960773262 0 0.20703724960773262 0 0.20703724960773262 0 0
31 0 38 1 31 102 7 39 1 0.20703724960773262 0 0.20703724960773262 0 0.20703724960773262 0 0
31 0 39 1 31 103 8 40 1 0.20703724960773262 0 0.20703724960773262 0 0.20703724960773262 0 0
31 0 40 1 31 104 9 41 1 0.20703724960773262 0 0.20703724960773262 0 0.20703724960773262 0 0
31 0 41 1 31 105 10 42 1 0.20703724960773262 0 0.20703724960773262 0 0.20703724960773262 0 0
31 0 42 1 31 106 11 43 1 0.20703724960773262 0 0.20703724960773262 0 0.20703724960773262 0 0
31 0 43 1 31 107 12 44 1 0.20703724960773262 0 0.20703724960773262 0 0.20703724960773262 0 0
31 0 44 1 31 108 13 45 1 0.20703724960773262 0 0.20703724960773262 0 0.20703724960773262 0 0
31 0 45 1 31 109 14 46 1 0.20703724960773262 0 0.20703724960773262 0 0.20703724960773262 0 0
31 0 46 1 31 110 15 47 1 0.20703724960773262 0 0.20703724960773262 0 0.20703724960773262 0 0
31 0 47 1 31 111 16 48 1 0.20703724960773262 0 0.20703724960773262 0 0.20703724960773262 0 0
31 0 48 1 31 112 17 49 1 0.20703724960773262 0 0.20703724960773262 0 0.20703724960773262 0 0
31 0 49 1 31 113 18 50 1 0.20703724960773262 0 0.20703724960773262 0 0.20703724960773262 0 0
31 0 50 1 31 114 19 51 1 0.20703724960773262 0 0.20703724960773262 0 0.20703724960773262 0 0
31 0 51 1 31 115 20 52 1 0.20703724960773262 0 0.20703724960773262 0 0.20703724960773262 0 0
31 0 52 1 31 116 21 53 1 0.20703724960773262 0 0.20703724960773262 0 0.20703724960773262 0 0
31 0 53 1 31 117 22 54 1 0.20703724960773262 0 0.20703724960773262 0 0.20703724960773262 0 0
31 0 54 1 31 118 23 55 1 0.20703724960773262 0 0.20703724960773262 0 0.20703724960773262 0 0
31 0 55 1 31 119 24 56 1 0.20703724960773262 0 0.20703724960773262 0 0.20703724960773262 0 0
31 0 56 1 31 120 25 57 1 0.20703724960773262 0 0.20703724960773262 0 0.20703724960773262 0 0
31 0 57 1 31 121 26 58 1 0.20703724960773262 0 0.20703724960773262 0 0.20703724960773262 0 0
31 0 58 1 31 122 27 59 1 0.20703724960773262 0 0.20703724960773262 0 0.20703724960773262 0 0
31 0 59 1 31 123 28 60 1 0.20703724960773262 0 0.20703724960773262 0 0.20703724960773262 0 0
31 0 60 1 31 124 29 61 1 0.20703724960773262 0 0.20703724960773262 0 0.20703724960773262 0 0
31 0 61 1 31 125 30 62 1 0.20703724960773262 0 0.20703724960773262 0 0.20703724960773262 0 0
31 0 62 1 31 126 31 63 1 0.20703724960773262 0 0.20703724960773262 0 0.20703724960773262 0 0
31 0 63 1 31 127 32 64 1 0.20703724960773262 0 0.20703724960773262 0 0.20703724960773262 0 0
32 0 33 0 32 33 1 0 1 1.5483719497275521 0 1.5483719497275521 0 1.5483719497275521 0 0
32 0 34 0 32 34 2 1 1 -0.62106902470630421 0 -0.62106902470630421 0 -0.62106902470630421 0 0
32 0 35 0 32 35 3 2 1 1.4591568302030655 0 1.4591568302030655 0 1.4591568302030655 0 0
32 0 36 0 32 36 4 3 1 -0.65922634871850916 0 -0.65922634871850916 0 -0.65922634871850916 0 0
32 0 37 0 32 37 5 4 1 1.4380193841453996 0 1.4380193841453996 0 1.4380193841453996 0 0
32 0 38 0 32 38 6 5 1 -0.67262681213945552 0 -0.67262681213945552 0 -0.67262681213945552 0 0
32 0 39 0 32 39 7 6 1 1.4287857099143846 0 1.4287857099143846 0 1.4287857099143846 0 0
32 0 40 0 32 40 8 7 1 -0.67935965176948165 0 -0.67935965176948165 0 -0.67935965176948165 0 0
32 0 41 0 32 41 9 8 1 1.423671853971749 0 1.423671853971749 0 1.423671853971749 0 0
32 0 42 0 32 42 10 9 1 -0.68336495168385192 0 -0.68336495168385192 0 -0.68336495168385192 0 0
32 0 43 0 32 43 11 10 1 1.4204592435907357 0 1.4204592435907357 0 1.4204592435907357 0 0
32 0 44 0 32 44 12 11 1 -0.68599076312992613 0 -0.68599076312992613 0 -0.68599076312992613 0 0
32 0 45 0 32 45 13 12 1 1.418280333004784 0 1.418280333004784 0 1.418280333004784 0 0
32 0 46 0 32 46 14 13 1 -0.68782111261705625 0 -0.68782111261705625 0 -0.68782111261705625 0 0
32 0 47 0 32 47 15 14 1 1.4167274407073669 0 1.4167274407073669 0 1.4167274407073669 0 0
32 0 48 0 32 48 16 15 1 -0.68914919296560939 0 -0.68914919296560939 0 -0.68914919296560939 0 0
32 0 49 0 32 49 17 16 1 1.415584401425233 0 1.415584401425233 0 1.415584401425233 0 0
32 0 50 0 32 50 18 17 1 -0.6901377561362213 0 -0.6901377561362213 0 -0.6901377561362213 0 0
32 0 51 0 32 51 19 18 1 1.4147264780329518 0 1.4147264780329518 0 1.4147264780329518 0 0
32 0 52 0 32 52 20 19 1 -0.69088386103115262 0 -0.69088386103115262 0 -0.69088386103115262 0 0
32 0 53 0 32 53 21 20 1 1.4140771750058097 0 1.4140771750058097 0 1.4140771750058097 0 0
32 0 54 0 32 54 22 21 1 -0.69144844497275415 0 -0.69144844497275415 0 -0.69144844497275415 0 0
32 0 55 0 32 55 23 22 1 1.4135875246411542 0 1.4135875246411542 0 1.4135875246411542 0 0
32 0 56 0 32 56 24 23 1 -0.69187112178069776 0 -0.69187112178069776 0 -0.69187112178069776 0 0
32 0 57 0 32 57 25 24 1 1.4132253331583424 0 1.4132253331583424 0 1.4132253331583424 0 0
32 0 58 0 32 58 26 25 1 -0.69217811196996715 0 -0.69217811196996715 0 -0.69217811196996715 0 0
32 0 59 0 32 59 27 26 1 1.412969260722523 0 1.412969260722523 0 1.412969260722523 0 0
32 0 60 0 32 60 28 27 1 -0.69238670518368572 0 -0.69238670518368572 0 -0.69238670518368572 0 0
32 0 61 0 32 61 29 28 1 1.412805434823321 0 1.412805434823321 0 1.412805434823321 0 0
32 0 62 0 32 62 30 29 1 -0.6925078382886708 0 -0.6925078382886708 0 -0.6925078382886708 0 0
32 0 63 0 32 63 31 30 1 1.4127254916248142 0 1.4127254916248142 0 1.4127254916248142 0 0
32 0 0 1 32 64 32 64 -1 0.20703724960773262 0 -0.20703724960773262 0 -0.20703724960773262 0 0
32 0 1 1 32 65 31 63 -1 0.20703724960773262 0 -0.20703724960773262 0 -0.20703724960773262 0 0
32 0 2 1 32 66 30 62 -1 0.20703724960773262 0 -0.20703724960773262 0 -0.20703724960773262 0 0
32 0 3 1 32 67 29 61 -1 0.20703724960773262 0 -0.20703724960773262 0 -0.20703724960773262 0 0
32 0 4 1 32 68 28 60 -1 0.20703724960773262 0 -0.20703724960773262 0 -0.20703724960773262 0 0
32 0 5 1 32 69 27 59 -1 0.20703724960773262 0 -0.20703724960773262 0 -0.20703724960773262 0 0
32 0 6 1 32 70 26 58 -1 0.20703724960773262 0 -0.20703724960773262 0 -0.20703724960773262 0 0
32 0 7 1 32 71 25 57 -1 0.20703724960773262 0 -0.20703724960773262 0 -0.20703724960773262 0 0
32 0 8 1 32 72 24 56 -1 0.20703724960773262 0 -0.20703724960773262 0 -0.20703724960773262 0 0
32 0 9 1 32 73 23 55 -1 0.20703724960773262 0 -0.20703724960773262 0 -0.20703724960773262 0 0
32 0 10 1 32 74 22 54 -1 0.20703724960773262 0 -0.20703724960773262 0 -0.20703724960773262 0 0
32 0 11 1 32 75 21 53 -1 0.20703724960773262 0 -0.20703724960773262 0 -0.20703724960773262 0 0
32 0 12 1 32 76 20 52 -1 0.20703724960773262 0 -0.20703724960773262 0 -0.20703724960773262 0 0
32 0 13 1 32 77 19 51 -1 0.20703724960773262 0 -0.20703724960773262 0 -0.20703724960773262 0 0
32 0 14 1 32 78 18 50 -1 0.20703724960773262 0 -0.20703724960773262 0 -0.20703724960773262 0 0
32 0 15 1 32 79 17 49 -1 0.20703724960773262 0 -0.20703724960773262 0 -0.20703724960773262 0 0
32 0 16 1 32 80 16 48 -1 0.20703724960773262 0 -0.20703724960773262 0 -0.20703724960773262 0 0
32 0 17 1 32 81 15 47 -1 0.20703724960773262 0 -0.20703724960773262 0 -0.20703724960773262 0 0
32 0 18 1 32 82 14 46 -1 0.20703724960773262 0 -0.20703724960773262 0 -0.20703724960773262 0 0
32 0 19 1 32 83 13 45 -1 0.20703724960773262 0 -0.20703724960773262 0 -0.20703724960773262 0 0
32 0 20 1 32 84 12 44 -1 0.20703724960773262 0 -0.20703724960773262 0 -0.20703724960773262 0 0
32 0 21 1 32 85 11 43 -1 0.20703724960773262 0 -0.20703724960773262 0 -0.20703724960773262 0 0
32 0 22 1 32 86 10 42 -1 0.20703724960773262 0 -0.20703724960773262 0 -0.20703724960773262 0 0
32 0 23 1 32 87 9 41 -1 0.20703724960773262 0 -0.20703724960773262 0 -0.20703724960773262 0 0
32 0 24 1 32 88 8 40 -1 0.20703724960773262 0 -0.20703724960773262 0 -0.20703724960773262 0 0
32 0 25 1 32 89 7 39 -1 0.20703724960773262 0 -0.20703724960773262 0 -0.20703724960773262 0 0
32 0 26 1 32 90 6 38 -1 0.20703724960773262 0 -0.20703724960773262 0 -0.20703724960773262 0 0
32 0 27 1 32 91 5 37 -1 0.20703724960773262 0 -0.20703724960773262 0 -0.20703724960773262 0 0
32 0 28 1 32 92 4 36 -1 0.20703724960773262 0 -0.20703724960773262 0 -0.20703724960773262 0 0
32 0 29 1 32 93 3 35 -1 0.20703724960773262 0 -0.20703724960773262 0 -0.20703724960773262 0 0
32 0 30 1 32 94 2 34 -1 0.20703724960773262 0 -0.20703724960773262 0 -0.20703724960773262 0 0
32 0 31 1 32 95 1 33 -1 0.20703724960773262 0 -0.20703724960773262 0 -0.20703724960773262 0 0
32 0 32 1 32 96 0 32 1 0 0 0 0 0 0 0
32 0 33 1 32 97 1 33 1 0.20703724960773262 0 0.20703724960773262 0 0.20703724960773262 0 0
32 0 34 1 32 98 2 34 1 0.20703724960773262 0 0.20703724960773262 0 0.20703724960773262 0 0
32 0 35 1 32 99 3 35 1 0.20703724960773262 0 0.20703724960773262 0 0.20703724960773262 0 0
32 0 36 1 32 100 4 36 1 0.20703724960773262 0 0.20703724960773262 0 0.20703724960773262 0 0
32 0 37 1 32 101 5 37 1 0.20703724960773262 0 0.20703724960773262 0 0.20703724960773262 0 0
32 0 38 1 32 102 6 38 1 0.20703724960773262 0 0.20703724960773262 0 0.20703724960773262 0 0
32 0 39 1 32 103 7 39 1 0.20703724960773262 0 0.20703724960773262 0 0.20703724960773262 0 0
32 0 40 1 32 104 8 40 1 0.20703724960773262 0 0.20703724960773262 0 0.20703724960773262 0 0
32 0 41 1 32 105 9 41 1 0.20703724960773262 0 0.20703724960773262 0 0.20703724960773262 0 0
32 0 42 1 32 106 10 42 1 0.20703724960773262 0 0.20703724960773262 0 0.20703724960773262 0 0
32 0 43 1 32 107 11 43 1 0.20703724960773262 0 0.20703724960773262 0 0.20703724960773262 0 0
32 0 44 1 32 108 12 44 1 0.20703724960773262 0 0.20703724960773262 0 0.20703724960773262 0 0
32 0 45 1 32 109 13 45 1 0.20703724960773262 0 0.20703724960773262 0 0.20703724960773262 0 0
32 0 46 1 32 110 14 46 1 0.20703724960773262 0 0.20703724960773262 0 0.20703724960773262 0 0
32 0 47 1 32 111 15 47 1 0.20703724960773262 0 0.20703724960773262 0 0.20703724960773262 0 0
32 0 48 1 32 112 16 48 1 0.20703724960773262 0 0.20703724960773262 0 0.20703724960773262 0 0
32 0 49 1 32 113 17 49 1 0.20703724960773262 0 0.20703724960773262 0 0.20703724960773262 0 0
32 0 50 1 32 114 18 50 1 0.20703724960773262 0 0.20703724960773262 0 0.20703724960773262 0 0
32 0 51 1 32 115 19 51 1 0.20703724960773262 0 0.20703724960773262 0 0.20703724960773262 0 0
32 0 52 1 32 116 20 52 1 0.20703724960773262 0 0.20703724960773262 0 0.20703724960773262 0 0
32 0 53 1 32 117 21 53 1 0.20703724960773262 0 0.20703724960773262 0 0.20703724960773262 0 0
32 0 54 1 32 118 22 54 1 0.20703724960773262 0 0.20703724960773262 0 0.20703724960773262 0 0
32 0 55 1 32 119 23 55 1 0.20703724960773262 0 0.20703724960773262 0 0.20703724960773262 0 0
32 0 56 1 32 120 24 56 1 0.20703724960773262 0 0.20703724960773262 0 0.20703724960773262 0 0
32 0 57 1 32 121 25 57 1 0.20703724960773262 0 0.20703724960773262 0 0.20703724960773262 0 0
32 0 58 1 32 122 26 58 1 0.20703724960773262 0 0.20703724960773262 0 0.20703724960773262 0 0
32 0 59 1 32 123 27 59 1 0.20703724960773262 0 0.20703724960773262 0 0.20703724960773262 0 0
32 0 60 1 32 124 28 60 1 0.20703724960773262 0 0.20703724960773262 0 0.20703724960773262 0 0
32 0 61 1 32 125 29 61 1 0.20703724960773262 0 0.20703724960773262 0 0.20703724960773262 0 0
32 0 62 1 32 126 30 62 1 0.20703724960773262 0 0.20703724960773262 0 0.20703724960773262 0 0
32 0 63 1 32 127 31 63 1 0.20703724960773262 0 0.20703724960773262 0 0.20703724960773262 0 0
33 0 34 0 33 34 1 0 1 1.5483719497275521 0 1.5483719497275521 0 1.5483719497275521 0 0
33 0 35 0 33 35 2 1 1 -0.62106902470630421 0 -0.62106902470630421 0 -0.62106902470630421 0 0
33 0 36 0 33 36 3 2 1 1.4591568302030655 0 1.4591568302030655 0 1.4591568302030655 0 0
33 0 37 0 33 37 4 3 1 -0.65922634871850916 0 -0.65922634871850916 0 -0.65922634871850916 0 0
33 0 38 0 33 38 5 4 1 1.4380193841453996 0 1.4380193841453996 0 1.4380193841453996 0 0
33 0 39 0 33 39 6 5 1 -0.67262681213945552 0 -0.67262681213945552 0 -0.67262681213945552 0 0
33 0 40 0 33 40 7 6 1 1.4287857099143846 0 1.4287857099143846 0 1.4287857099143846 0 0
33 0 41 0 33 41 8 7 1 -0.67935965176948165 0 -0.67935965176948165 0 -0.67935965176948165 0 0
33 0 42 0 33 42 9 8 1 1.423671853971749 0 1.423671853971749 0 1.423671853971749 0 0
33 0 43 0 33 43 10 9 1 -0.68336495168385192 0 -0.68336495168385192 0 -0.68336495168385192 0 0
33 0 44 0 33 44 11 10 1 1.4204592435907357 0 1.4204592435907357 0 1.4204592435907357 0 0
33 0 45 0 33 45 12 11 1 -0.68599076312992613 0 -0.68599076312992613 0 -0.68599076312992613 0 0
33 0 46 0 33 46 13 12 1 1.418280333004784 0 1.418280333004784 0 1.418280333004784 0 0
33 0 47 0 33 47 14 13 1 -0.68782111261705625 0 -0.68782111261705625 0 -0.68782111261705625 0 0
33 0 48 0 33 48 15 14 1 1.4167274407073669 0 1.4167274407073669 0 1.4167274407073669 0 0
33 0 49 0 33 49 16 15 1 -0.68914919296560939 0 -0.68914919296560939 0 -0.68914919296560939 0 0
33 0 50 0 33 50 17 16 1 1.415584401425233 0 1.415584401425233 0 1.415584401425233 0 0
33 0 51 0 33 51 18 17 1 -0.6901377561362213 0 -0.6901377561362213 0 -0.6901377561362213 0 0
33 0 52 0 33 52 19 18 1 1.4147264780329518 0 1.4147264780329518 0 1.4147264780329518 0 0
33 0 53 0 33 53 20 19 1 -0.69088386103115262 0 -0.69088386103115262 0 -0.69088386103115262 0 0
33 0 54 0 33 54 21 20 1 1.4140771750058097 0 1.4140771750058097 0 1.4140771750058097 0 0
33 0 55 0 33 55 22 21 1 -0.69144844497275415 0 -0.69144844497275415 0 -0.69144844497275415 0 0
33 0 56 0 33 56 23 22 1 1.4135875246411542 0 1.4135875246411542 0 1.4135875246411542 0 0
33 0 57 0 33 57 24 23 1 -0.69187112178069776 0 -0.69187112178069776 0 -0.69187112178069776 0 0
33 0 58 0 33 58 25 24 1 1.4132253331583424 0 1.4132253331583424 0 1.4132253331583424 0 0
33 0 59 0 33 59 26 25 1 -0.69217811196996715 0 -0.69217811196996715 0 -0.69217811196996715 0 0
33 0 60 0 33 60 27 26 1 1.412969260722523 0 1.412969260722523 0 1.412969260722523 0 0
33 0 61 0 33 61 28 27 1 -0.69238670518368572 0 -0.69238670518368572 0 -0.69238670518368572 0 0
33 0 62 0 33 62 29 28 1 1.412805434823321 0 1.412805434823321 0 1.412805434823321 0 0
33 0 63 0 33 63 30 29 1 -0.6925078382886708 0 -0.6925078382886708 0 -0.6925078382886708 0 0
33 0 0 1 33 64 31 63 -1 0.20703724960773262 0 -0.20703724960773262 0 -0.20703724960773262 0 0
33 0 1 1 33 65 32 64 -1 0.20703724960773262 0 -0.20703724960773262 0 -0.20703724960773262 0 0
33 0 2 1 33 66 31 63 -1 0.20703724960773262 0 -0.20703724960773262 0 -0.20703724960773262 0 0
33 0 3 1 33 67 30 62 -1 0.20703724960773262 0 -0.20703724960773262 0 -0.20703724960773262 0 0
33 0 4 1 33 68 29 61 -1 0.20703724960773262 0 -0.20703724960773262 0 -0.20703724960773262 0 0
33 0 5 1 33 69 28 60 -1 0.20703724960773262 0 -0.20703724960773262 0 -0.20703724960773262 0 0
33 0 6 1 33 70 27 59 -1 0.20703724960773262 0 -0.20703724960773262 0 -0.20703724960773262 0 0
33 0 7 1 33 71 26 58 -1 0.20703724960773262 0 -0.20703724960773262 0 -0.20703724960773262 0 0
33 0 8 1 33 72 25 57 -1 0.20703724960773262 0 -0.20703724960773262 0 -0.20703724960773262 0 0
33 0 9 1 33 73 24 56 -1 0.20703724960773262 0 -0.20703724960773262 0 -0.20703724960773262 0 0
33 0 10 1 33 74 23 55 -1 0.20703724960773262 0 -0.20703724960773262 0 -0.20703724960773262 0 0
33 0 11 1 33 75 22 54 -1 0.20703724960773262 0 -0.20703724960773262 0 -0.20703724960773262 0 0
33 0 12 1 33 76 21 53 -1 0.20703724960773262 0 -0.20703724960773262 0 -0.20703724960773262 0 0
33 0 13 1 33 77 20 52 -1 0.20703724960773262 0 -0.20703724960773262 0 -0.20703724960773262 0 0
33 0 14 1 33 78 19 51 -1 0.20703724960773262 0 -0.20703724960773262 0 -0.20703724960773262 0 0
33 0 15 1 33 79 18 50 -1 0.20703724960773262 0 -0.20703724960773262 0 -0.20703724960773262 0 0
33 0 16 1 33 80 17 49 -1 0.20703724960773262 0 -0.20703724960773262 0 -0.20703724960773262 0 0
33 0 17 1 33 81 16 48 -1 0.20703724960773262 0 -0.20703724960773262 0 -0.20703724960773262 0 0
33 0 18 1 33 82 15 47 -1 0.20703724960773262 0 -0.20703724960773262 0 -0.20703724960773262 0 0
33 0 19 1 33 83 14 46 -1 0.20703724960773262 0 -0.20703724960773262 0 -0.20703724960773262 0 0
33 0 20 1 33 84 13 45 -1 0.20703724960773262 0 -0.20703724960773262 0 -0.20703724960773262 0 0
33 0 21 1 33 85 12 44 -1 0.20703724960773262 0 -0.20703724960773262 0 -0.20703724960773262 0 0
33 0 22 1 33 86 11 43 -1 0.20703724960773262 0 -0.20703724960773262 0 -0.20703724960773262 0 0
33 0 23 1 33 87 10 42 -1 0.20703724960773262 0 -0.20703724960773262 0 -0.20703724960773262 0 0
33 0 24 1 33 88 9 41 -1 0.20703724960773262 0 -0.20703724960773262 0 -0.20703724960773262 0 0
33 0 25 1 33 89 8 40 -1 0.20703724960773262 0 -0.20703724960773262 0 -0.20703724960773262 0 0
33 0 26 1 33 90 7 39 -1 0.20703724960773262 0 -0.20703724960773262 0 -0.20703724960773262 0 0
33 0 27 1 33 91 6 38 -1 0.20703724960773262 0 -0.20703724960773262 0 -0.20703724960773262 0 0
33 0 28 1 33 92 5 37 -1 0.20703724960773262 0 -0.20703724960773262 0 -0.20703724960773262 0 0
33 0 29 1 33 93 4 36 -1 0.20703724960773262 0 -0.20703724960773262 0 -0.20703724960773262 0 0
33 0 30 1 33 94 3 35 -1 0.20703724960773262 0 -0.20703724960773262 0 -0.20703724960773262 0 0
33 0 31 1 33 95 2 34 -1 0.20703724960773262 0 -0.20703724960773262 0 -0.20703724960773262 0 0
33 0 32 1 33 96 1 33 -1 0.20703724960773262 0 -0.20703724960773262 0 -0.20703724960773262 0 0
33 0 33 1 33 97 0 32 1 0 0 0 0 0 0 0
33 0 34 1 33 98 1 33 1 0.20703724960773262 0 0.20703724960773262 0 0.20703724960773262 0 0
33 0 35 1 33 99 2 34 1 0.20703724960773262 0 0.20703724960773262 0 0.20703724960773262 0 0
33 0 36 1 33 100 3 35 1 0.20703724960773262 0 0.20703724960773262 0 0.20703724960773262 0 0
33 0 37 1 33 101 4 36 1 0.20703724960773262 0 0.20703724960773262 0 0.20703724960773262 0 0
33 0 38 1 33 102 5 37 1 0.20703724960773262 0 0.20703724960773262 0 0.20703724960773262 0 0
33 0 39 1 33 103 6 38 1 0.20703724960773262 0 0.20703724960773262 0 0.20703724960773262 0 0
33 0 40 1 33 104 7 39 1 0.20703724960773262 0 0.20703724960773262 0 0.20703724960773262 0 0
33 0 41 1 33 105 8 40 1 0.20703724960773262 0 0.20703724960773262 0 0.20703724960773262 0 0
33 0 42 1 33 106 9 41 1 0.20703724960773262 0 0.20703724960773262 0 0.20703724960773262 0 0
33 0 43 1 33 107 10 42 1 0.20703724960773262 0 0.20703724960773262 0 0.20703724960773262 0 0
33 0 44 1 33 108 11 43 1 0.20703724960773262 0 0.20703724960773262 0 0.20703724960773262 0 0
33 0 45 1 33 109 12 44 1 0.20703724960773262 0 0.20703724960773262 0 0.20703724960773262 0 0
33 0 46 1 33 110 13 45 1 0.20703724960773262 0 0.20703724960773262 0 0.20703724960773262 0 0
33 0 47 1 33 111 14 46 1 0.20703724960773262 0 0.20703724960773262 0 0.20703724960773262 0 0
33 0 48 1 33 112 15 47 1 0.20703724960773262 0 0.20703724960773262 0 0.20703724960773262 0 0
33 0 49 1 33 113 16 48 1 0.20703724960773262 0 0.20703724960773262 0 0.20703724960773262 0 0
33 0 50 1 33 114 17 49 1 0.20703724960773262 0 0.20703724960773262 0 0.20703724960773262 0 0
33 0 51 1 33 115 18 50 1 0.20703724960773262 0 0.20703724960773262 0 0.20703724960773262 0 0
33 0 52 1 33 116 19 51 1 0.20703724960773262 0 0.20703724960773262 0 0.20703724960773262 0 0
33 0 53 1 33 117 20 52 1 0.20703724960773262 0 0.20703724960773262 0 0.20703724960773262 0 0
33 0 54 1 33 118 21 53 1 0.20703724960773262 0 0.20703724960773262 0 0.20703724960773262 0 0
33 0 55 1 33 119 22 54 1 0.20703724960773262 0 0.20703724960773262 0 0.20703724960773262 0 0
33 0 56 1 33 120 23 55 1 0.20703724960773262 0 0.20703724960773262 0 0.20703724960773262 0 0
33 0 57 1 33 121 24 56 1 0.20703724960773262 0 0.20703724960773262 0 0.20703724960773262 0 0
33 0 58 1 33 122 25 57 1 0.20703724960773262 0 0.20703724960773262 0 0.20703724960773262 0 0
33 0 59 1 33 123 26 58 1 0.20703724960773262 0 0.20703724960773262 0 0.20703724960773262 0 0
33 0 60 1 33 124 27 59 1 0.20703724960773262 0 0.20703724960773262 0 0.20703724960773262 0 0
33 0 61 1 33 125 28 60 1 0.20703724960773262 0 0.20703724960773262 0 0.20703724960773262 0 0
33 0 62 1 33 126 29 61 1 0.20703724960773262 0 0.20703724960773262 0 0.20703724960773262 0 0
33 0 63 1 33 127 30 62 1 0.20703724960773262 0 0.20703724960773262 0 0.20703724960773262 0 0
34 0 35 0 34 35 1 0 1 1.5483719497275521 0 1.5483719497275521 0 1.5483719497275521 0 0
34 0 36 0 34 36 2 1 1 -0.62106902470630421 0 -0.62106902470630421 0 -0.62106902470630421 0 0
34 0 37 0 34 37 3 2 1 1.4591568302030655 0 1.4591568302030655 0 1.4591568302030655 0 0
34 0 38 0 34 38 4 3 1 -0.65922634871850916 0 -0.65922634871850916 0 -0.65922634871850916 0 0
34 0 39 0 34 39 5 4 1 1.4380193841453996 0 1.4380193841453996 0 1.4380193841453996 0 0
34 0 40 0 34 40 6 5 1 -0.67262681213945552 0 -0.67262681213945552 0 -0.67262681213945552 0 0
34 0 41 0 34 41 7 6 1 1.4287857099143846 0 1.4287857099143846 0 1.4287857099143846 0 0
34 0 42 0 34 42 8 7 1 -0.67935965176948165 0 -0.67935965176948165 0 -0.67935965176948165 0 0
34 0 43 0 34 43 9 8 1 1.423671853971749 0 1.423671853971749 0 1.423671853971749 0 0
34 0 44 0 34 44 10 9 1 -0.68336495168385192 0 -0.68336495168385192 0 -0.68336495168385192 0 0
34 0 45 0 34 45 11 10 1 1.4204592435907357 0 1.4204592435907357 0 1.4204592435907357 0 0
34 0 46 0 34 46 12 11 1 -0.68599076312992613 0 -0.68599076312992613 0 -0.68599076312992613 0 0
34 0 47 0 34 47 13 12 1 1.418280333004784 0 1.418280333004784 0 1.418280333004784 0 0
34 0 48 0 34 48 14 13 1 -0.68782111261705625 0 -0.68782111261705625 0 -0.68782111261705625 0 0
34 0 49 0 34 49 15 14 1 1.4167274407073669 0 1.4167274407073669 0 1.4167274407073669 0 0
34 0 50 0 34 50 16 15 1 -0.68914919296560939 0 -0.68914919296560939 0 -0.68914919296560939 0 0
34 0 51 0 34 51 17 16 1 1.415584401425233 0 1.415584401425233 0 1.415584401425233 0 0
34 0 52 0 34 52 18 17 1 -0.6901377561362213 0 -0.6901377561362213 0 -0.6901377561362213 0 0
34 0 53 0 34 53 19 18 1 1.4147264780329518 0 1.4147264780329518 0 1.4147264780329518 0 0
34 0 54 0 34 54 20 19 1 -0.69088386103115262 0 -0.69088386103115262 0 -0.69088386103115262 0 0
34 0 55 0 34 55 21 20 1 1.4140771750058097 0 1.4140771750058097 0 1.4140771750058097 0 0
34 0 56 0 34 56 22 21 1 -0.69144844497275415 0 -0.69144844497275415 0 -0.69144844497275415 0 0
34 0 57 0 34 57 23 22 1 1.4135875246411542 0 1.4135875246411542 0 1.4135875246411542 0 0
34 0 58 0 34 58 24 23 1 -0.69187112178069776 0 -0.69187112178069776 0 -0.69187112178069776 0 0
34 0 59 0 34 59 25 24 1 1.4132253331583424 0 1.4132253331583424 0 1.4132253331583424 0 0
34 0 60 0 34 60 26 25 1 -0.69217811196996715 0 -0.69217811196996715 0 -0.69217811196996715 0 0
34 0 61 0 34 61 27 26 1 1.412969260722523 0 1.412969260722523 0 1.412969260722523 0 0
34 0 62 0 34 62 28 27 1 -0.69238670518368572 0 -0.69238670518368572 0 -0.69238670518368572 0 0
34 0 63 0 34 63 29 28 1 1.412805434823321 0 1.412805434823321 0 1.412805434823321 0 0
34 0 0 1 34 64 30 62 -1 0.20703724960773262 0 -0.20703724960773262 0 -0.20703724960773262 0 0
34 0 1 1 34 65 31 63 -1 0.20703724960773262 0 -0.20703724960773262 0 -0.20703724960773262 0 0
34 0 2 1 34 66 32 64 -1 0.20703724960773262 0 -0.20703724960773262 0 -0.20703724960773262 0 0
34 0 3 1 34 67 31 63 -1 0.20703724960773262 0 -0.20703724960773262 0 -0.20703724960773262 0 0
34 0 4 1 34 68 30 62 -1 0.20703724960773262 0 -0.20703724960773262 0 -0.20703724960773262 0 0
34 0 5 1 34 69 29 61 -1 0.20703724960773262 0 -0.20703724960773262 0 -0.20703724960773262 0 0
34 0 6 1 34 70 28 60 -1 0.20703724960773262 0 -0.20703724960773262 0 -0.20703724960773262 0 0
34 0 7 1 34 71 27 59 -1 0.20703724960773262 0 -0.20703724960773262 0 -0.20703724960773262 0 0
34 0 8 1 34 72 26 58 -1 0.20703724960773262 0 -0.20703724960773262 0 -0.20703724960773262 0 0
34 0 9 1 34 73 25 57 -1 0.20703724960773262 0 -0.20703724960773262 0 -0.20703724960773262 0 0
34 0 10 1 34 74 24 56 -1 0.20703724960773262 0 -0.20703724960773262 0 -0.20703724960773262 0 0
34 0 11 1 34 75 23 55 -1 0.20703724960773262 0 -0.20703724960773262 0 -0.20703724960773262 0 0
34 0 12 1 34 76 22 54 -1 0.20703724960773262 0 -0.20703724960773262 0 -0.20703724960773262 0 0
34 0 13 1 34 77 21 53 -1 0.20703724960773262 0 -0.20703724960773262 0 -0.20703724960773262 0 0
34 0 14 1 34 78 20 52 -1 0.20703724960773262 0 -0.20703724960773262 0 -0.20703724960773262 0 0
34 0 15 1 34 79 19 51 -1 0.20703724960773262 0 -0.20703724960773262 0 -0.20703724960773262 0 0
34 0 16 1 34 80 18 50 -1 0.20703724960773262 0 -0.20703724960773262 0 -0.20703724960773262 0 0
34 0 17 1 34 81 17 49 -1 0.20703724960773262 0 -0.20703724960773262 0 -0.20703724960773262 0 0
34 0 18 1 34 82 16 48 -1 0.20703724960773262 0 -0.20703724960773262 0 -0.20703724960773262 0 0
34 0 19 1 34 83 15 47 -1 0.20703724960773262 0 -0.20703724960773262 0 -0.20703724960773262 0 0
34 0 20 1 34 84 14 46 -1 0.20703724960773262 0 -0.20703724960773262 0 -0.20703724960773262 0 0
34 0 21 1 34 85 13 45 -1 0.20703724960773262 0 -0.20703724960773262 0 -0.20703724960773262 0 0
34 0 22 1 34 86 12 44 -1 0.20703724960773262 0 -0.20703724960773262 0 -0.20703724960773262 0 0
34 0 23 1 34 87 11 43 -1 0.20703724960773262 0 -0.20703724960773262 0 -0.20703724960773262 0 0
34 0 24 1 34 88 10 42 -1 0.20703724960773262 0 -0.20703724960773262 0 -0.20703724960773262 0 0
34 0 25 1 34 89 9 41 -1 0.20703724960773262 0 -0.20703724960773262 0 -0.20703724960773262 0 0
34 0 26 1 34 90 8 40 -1 0.20703724960773262 0 -0.20703724960773262 0 -0.20703724960773262 0 0
34 0 27 1 34 91 7 39 -1 0.20703724960773262 0 -0.20703724960773262 0 -0.20703724960773262 0 0
34 0 28 1 34 92 6 38 -1 0.20703724960773262 0 -0.20703724960773262 0 -0.20703724960773262 0 0
34 0 29 1 34 93 5 37 -1 0.20703724960773262 0 -0.20703724960773262 0 -0.20703724960773262 0 0
34 0 30 1 34 94 4 36 -1 0.20703724960773262 0 -0.20703724960773262 0 -0.20703724960773262 0 0
34 0 31 1 34 95 3 35 -1 0.20703724960773262 0 -0.20703724960773262 0 -0.20703724960773262 0 0
34 0 32 1 34 96 2 34 -1 0.20703724960773262 0 -0.20703724960773262 0 -0.20703724960773262 0 0
34 0 33 1 34 97 1 33 -1 0.20703724960773262 0 -0.20703724960773262 0 -0.20703724960773262 0 0
34 0 34 1 34 98 0 32 1 0 0 0 0 0 0 0
34 0 35 1 34 99 1 33 1 0.20703724960773262 0 0.20703724960773262 0 0.20703724960773262 0 0
34 0 36 1 34 100 2 34 1 0.20703724960773262 0 0.20703724960773262 0 0.20703724960773262 0 0
34 0 37 1 34 101 3 35 1 0.20703724960773262 0 0.20703724960773262 0 0.20703724960773262 0 0
34 0 38 1 34 102 4 36 1 0.20703724960773262 0 0.20703724960773262 0 0.20703724960773262 0 0
34 0 39 1 34 103 5 37 1 0.20703724960773262 0 0.20703724960773262 0 0.20703724960773262 0 0
34 0 40 1 34 104 6 38 1 0.20703724960773262 0 0.20703724960773262 0 0.20703724960773262 0 0
34 0 41 1 34 105 7 39 1 0.20703724960773262 0 0.20703724960773262 0 0.20703724960773262 0 0
34 0 42 1 34 106 8 40 1 0.20703724960773262 0 0.20703724960773262 0 0.20703724960773262 0 0
34 0 43 1 34 107 9 41 1 0.20703724960773262 0 0.20703724960773262 0 0.20703724960773262 0 0
34 0 44 1 34 108 10 42 1 0.20703724960773262 0 0.20703724960773262 0 0.20703724960773262 0 0
34 0 45 1 34 109 11 43 1 0.20703724960773262 0 0.20703724960773262 0 0.20703724960773262 0 0
34 0 46 1 34 110 12 44 1 0.20703724960773262 0 0.20703724960773262 0 0.20703724960773262 0 0
34 0 47 1 34 111 13 45 1 0.20703724960773262 0 0.20703724960773262 0 0.20703724960773262 0 0
34 0 48 1 34 112 14 46 1 0.20703724960773262 0 0.20703724960773262 0 0.20703724960773262 0 0
34 0 49 1 34 113 15 47 1 0.20703724960773262 0 0.20703724960773262 0 0.20703724960773262 0 0
34 0 50 1 34 114 16 48 1 0.20703724960773262 0 0.20703724960773262 0 0.20703724960773262 0 0
34 0 51 1 34 115 17 49 1 0.20703724960773262 0 0.20703724960773262 0 0.20703724960773262 0 0
34 0 52 1 34 116 18 50 1 0.20703724960773262 0 0.20703724960773262 0 0.20703724960773262 0 0
34 0 53 1 34 117 19 51 1 0.20703724960773262 0 0.20703724960773262 0 0.20703724960773262 0 0
34 0 54 1 34 118 20 52 1 0.20703724960773262 0 0.20703724960773262 0 0.20703724960773262 0 0
34 0 55 1 34 119 21 53 1 0.20703724960773262 0 0.20703724960773262 0 0.20703724960773262 0 0
34 0 56 1 34 120 22 54 1 0.20703724960773262 0 0.20703724960773262 0 0.20703724960773262 0 0
34 0 57 1 34 121 23 55 1 0.20703724960773262 0 0.20703724960773262 0 0.20703724960773262 0 0
34 0 58 1 34 122 24 56 1 0.20703724960773262 0 0.20703724960773262 0 0.20703724960773262 0 0
34 0 59 1 34 123 25 57 1 0.20703724960773262 0 0.20703724960773262 0 0.20703724960773262 0 0
34 0 60 1 34 124 26 58 1 0.20703724960773262 0 0.20703724960773262 0 0.20703724960773262 0 0
34 0 61 1 34 125 27 59 1 0.20703724960773262 0 0.20703724960773262 0 0.20703724960773262 0 0
34 0 62 1 34 126 28 60 1 0.20703724960773262 0 0.20703724960773262 0 0.20703724960773262 0 0
34 0 63 1 34 127 29 61 1 0.20703724960773262 0 0.20703724960773262 0 0.20703724960773262 0 0
35 0 36 0 35 36 1 0 1 1.5483719497275521 0 1.5483719497275521 0 1.5483719497275521 0 0
35 0 37 0 35 37 2 1 1 -0.62106902470630421 0 -0.62106902470630421 0 -0.62106902470630421 0 0
35 0 38 0 35 38 3 2 1 1.4591568302030655 0 1.4591568302030655 0 1.4591568302030655 0 0
35 0 39 0 35 39 4 3 1 -0.65922634871850916 0 -0.65922634871850916 0 -0.65922634871850916 0 0
35 0 40 0 35 40 5 4 1 1.4380193841453996 0 1.4380193841453996 0 1.4380193841453996 0 0
35 0 41 0 35 41 6 5 1 -0.67262681213945552 0 -0.67262681213945552 0 -0.67262681213945552 0 0
35 0 42 0 35 42 7 6 1 1.4287857099143846 0 1.4287857099143846 0 1.4287857099143846 0 0
35 0 43 0 35 43 8 7 1 -0.67935965176948165 0 -0.67935965176948165 0 -0.67935965176948165 0 0
35 0 44 0 35 44 9 8 1 1.423671853971749 0 1.423671853971749 0 1.423671853971749 0 0
35 0 45 0 35 45 10 9 1 -0.68336495168385192 0 -0.68336495168385192 0 -0.68336495168385192 0 0
35 0 46 0 35 46 11 10 1 1.4204592435907357 0 1.4204592435907357 0 1.4204592435907357 0 0
35 0 47 0 35 47 12 11 1 -0.68599076312992613 0 -0.68599076312992613 0 -0.68599076312992613 0 0
35 0 48 0 35 48 13 12 1 1.418280333004784 0 1.418280333004784 0 1.418280333004784 0 0
35 0 49 0 35 49 14 13 1 -0.68782111261705625 0 -0.68782111261705625 0 -0.68782111261705625 0 0
35 0 50 0 35 50 15 14 1 1.4167274407073669 0 1.4167274407073669 0 1.4167274407073669 0 0
35 0 51 0 35 51 16 15 1 -0.68914919296560939 0 -0.68914919296560939 0 -0.68914919296560939 0 0
35 0 52 0 35 52 17 16 1 1.415584401425233 0 1.415584401425233 0 1.415584401425233 0 0
35 0 53 0 35 53 18 17 1 -0.6901377561362213 0 -0.6901377561362213 0 -0.6901377561362213 0 0
35 0 54 0 35 54 19 18 1 1.4147264780329518 0 1.4147264780329518 0 1.4147264780329518 0 0
35 0 55 0 35 55 20 19 1 -0.69088386103115262 0 -0.69088386103115262 0 -0.69088386103115262 0 0
35 0 56 0 35 56 21 20 1 1.4140771750058097 0 1.4140771750058097 0 1.4140771750058097 0 0
35 0 57 0 35 57 22 21 1 -0.69144844497275415 0 -0.69144844497275415 0 -0.69144844497275415 0 0
35 0 58 0 35 58 23 22 1 1.4135875246411542 0 1.4135875246411542 0 1.4135875246411542 0 0
35 0 59 0 35 59 24 23 1 -0.69187112178069776 0 -0.69187112178069776 0 -0.69187112178069776 0 0
35 0 60 0 35 60 25 24 1 1.4132253331583424 0 1.4132253331583424 0 1.4132253331583424 0 0
35 0 61 0 35 61 26 25 1 -0.69217811196996715 0 -0.69217811196996715 0 -0.69217811196996715 0 0
35 0 62 0 35 62 27 26 1 1.412969260722523 0 1.412969260722523 0 1.412969260722523 0 0
35 0 63 0 35 63 28 27 1 -0.69238670518368572 0 -0.69238670518368572 0 -0.69238670518368572 0 0
35 0 0 1 35 64 29 61 -1 0.20703724960773262 0 -0.20703724960773262 0 -0.20703724960773262 0 0
35 0 1 1 35 65 30 62 -1 0.20703724960773262 0 -0.20703724960773262 0 -0.20703724960773262 0 0
35 0 2 1 35 66 31 63 -1 0.20703724960773262 0 -0.20703724960773262 0 -0.20703724960773262 0 0
35 0 3 1 35 67 32 64 -1 0.20703724960773262 0 -0.20703724960773262 0 -0.20703724960773262 0 0
35 0 4 1 35 68 31 63 -1 0.20703724960773262 0 -0.20703724960773262 0 -0.20703724960773262 0 0
35 0 5 1 35 69 30 62 -1 0.20703724960773262 0 -0.20703724960773262 0 -0.20703724960773262 0 0
35 0 6 1 35 70 29 61 -1 0.20703724960773262 0 -0.20703724960773262 0 -0.20703724960773262 0 0
35 0 7 1 35 71 28 60 -1 0.20703724960773262 0 -0.20703724960773262 0 -0.20703724960773262 0 0
35 0 8 1 35 72 27 59 -1 0.20703724960773262 0 -0.20703724960773262 0 -0.20703724960773262 0 0
35 0 9 1 35 73 26 58 -1 0.20703724960773262 0 -0.20703724960773262 0 -0.20703724960773262 0 0
35 0 10 1 35 74 25 57 -1 0.20703724960773262 0 -0.20703724960773262 0 -0.20703724960773262 0 0
35 0 11 1 35 75 24 56 -1 0.20703724960773262 0 -0.20703724960773262 0 -0.20703724960773262 0 0
35 0 12 1 35 76 23 55 -1 0.20703724960773262 0 -0.20703724960773262 0 -0.20703724960773262 0 0
35 0 13 1 35 77 22 54 -1 0.20703724960773262 0 -0.20703724960773262 0 -0.20703724960773262 0 0
35 0 14 1 35 78 21 53 -1 0.20703724960773262 0 -0.20703724960773262 0 -0.20703724960773262 0 0
35 0 15 1 35 79 20 52 -1 0.20703724960773262 0 -0.20703724960773262 0 -0.20703724960773262 0 0
35 0 16 1 35 80 19 51 -1 0.20703724960773262 0 -0.20703724960773262 0 -0.20703724960773262 0 0
35 0 17 1 35 81 18 50 -1 0.20703724960773262 0 -0.20703724960773262 0 -0.20703724960773262 0 0
35 0 18 1 35 82 17 49 -1 0.20703724960773262 0 -0.20703724960773262 0 -0.20703724960773262 0 0
35 0 19 1 35 83 16 48 -1 0.20703724960773262 0 -0.20703724960773262 0 -0.20703724960773262 0 0
35 0 20 1 35 84 15 47 -1 0.20703724960773262 0 -0.20703724960773262 0 -0.20703724960773262 0 0
35 0 21 1 35 85 14 46 -1 0.20703724960773262 0 -0.20703724960773262 0 -0.20703724960773262 0 0
35 0 22 1 35 86 13 45 -1 0.20703724960773262 0 -0.20703724960773262 0 -0.20703724960773262 0 0
35 0 23 1 35 87 12 44 -1 0.20703724960773262 0 -0.20703724960773262 0 -0.20703724960773262 0 0
35 0 24 1 35 88 11 43 -1 0.20703724960773262 0 -0.20703724960773262 0 -0.20703724960773262 0 0
35 0 25 1 35 89 10 42 -1 0.20703724960773262 0 -0.20703724960773262 0 -0.20703724960773262 0 0
35 0 26 1 35 90 9 41 -1 0.20703724960773262 0 -0.20703724960773262 0 -0.20703724960773262 0 0
35 0 27 1 35 91 8 40 -1 0.20703724960773262 0 -0.20703724960773262 0 -0.20703724960773262 0 0
35 0 28 1 35 92 7 39 -1 0.20703724960773262 0 -0.20703724960773262 0 -0.20703724960773262 0 0
35 0 29 1 35 93 6 38 -1 0.20703724960773262 0 -0.20703724960773262 0 -0.20703724960773262 0 0
35 0 30 1 35 94 5 37 -1 0.20703724960773262 0 -0.20703724960773262 0 -0.20703724960773262 0 0
35 0 31 1 35 95 4 36 -1 0.20703724960773262 0 -0.20703724960773262 0 -0.20703724960773262 0 0
35 0 32 1 35 96 3 35 -1 0.20703724960773262 0 -0.20703724960773262 0 -0.20703724960773262 0 0
35 0 33 1 35 97 2 34 -1 0.20703724960773262 0 -0.20703724960773262 0 -0.20703724960773262 0 0
35 0 34 1 35 98 1 33 -1 0.20703724960773262 0 -0.20703724960773262 0 -0.20703724960773262 0 0
35 0 35 1 35 99 0 32 1 0 0 0 0 0 0 0
35 0 36 1 35 100 1 33 1 0.20703724960773262 0 0.20703724960773262 0 0.20703724960773262 0 0
35 0 37 1 35 101 2 34 1 0.20703724960773262 0 0.20703724960773262 0 0.20703724960773262 0 0
35 0 38 1 35 102 3 35 1 0.20703724960773262 0 0.20703724960773262 0 0.20703724960773262 0 0
35 0 39 1 35 103 4 36 1 0.20703724960773262 0 0.20703724960773262 0 0.20703724960773262 0 0
35 0 40 1 35 104 5 37 1 0.20703724960773262 0 0.20703724960773262 0 0.20703724960773262 0 0
35 0 41 1 35 105 6 38 1 0.20703724960773262 0 0.20703724960773262 0 0.20703724960773262 0 0
35 0 42 1 35 106 7 39 1 0.20703724960773262 0 0.20703724960773262 0 0.20703724960773262 0 0
35 0 43 1 35 107 8 40 1 0.20703724960773262 0 0.20703724960773262 0 0.20703724960773262 0 0
35 0 44 1 35 108 9 41 1 0.20703724960773262 0 0.20703724960773262 0 0.20703724960773262 0 0
35 0 45 1 35 109 10 42 1 0.20703724960773262 0 0.20703724960773262 0 0.20703724960773262 0 0
35 0 46 1 35 110 11 43 1 0.20703724960773262 0 0.20703724960773262 0 0.20703724960773262 0 0
35 0 47 1 35 111 12 44 1 0.20703724960773262 0 0.20703724960773262 0 0.20703724960773262 0 0
35 0 48 1 35 112 13 45 1 0.20703724960773262 0 0.20703724960773262 0 0.20703724960773262 0 0
35 0 49 1 35 113 14 46 1 0.20703724960773262 0 0.20703724960773262 0 0.20703724960773262 0 0
35 0 50 1 35 114 15 47 1 0.20703724960773262 0 0.20703724960773262 0 0.20703724960773262 0 0
35 0 51 1 35 115 16 48 1 0.20703724960773262 0 0.20703724960773262 0 0.20703724960773262 0 0
35 0 52 1 35 116 17 49 1 0.20703724960773262 0 0.20703724960773262 0 0.20703724960773262 0 0
35 0 53 1 35 117 18 50 1 0.20703724960773262 0 0.20703724960773262 0 0.20703724960773262 0 0
35 0 54 1 35 118 19 51 1 0.20703724960773262 0 0.20703724960773262 0 0.20703724960773262 0 0
35 0 55 1 35 119 20 52 1 0.20703724960773262 0 0.20703724960773262 0 0.20703724960773262 0 0
35 0 56 1 35 120 21 53 1 0.20703724960773262 0 0.20703724960773262 0 0.20703724960773262 0 0
35 0 57 1 35 121 22 54 1 0.20703724960773262 0 0.20703724960773262 0 0.20703724960773262 0 0
35 0 58 1 35 122 23 55 1 0.20703724960773262 0 0.20703724960773262 0 0.20703724960773262 0 0
35 0 59 1 35 123 24 56 1 0.20703724960773262 0 0.20703724960773262 0 0.20703724960773262 0 0
35 0 60 1 35 124 25 57 1 0.20703724960773262 0 0.20703724960773262 0 0.20703724960773262 0 0
35 0 61 1 35 125 26 58 1 0.20703724960773262 0 0.20703724960773262 0 0.20703724960773262 0 0
35 0 62 1 35 126 27 59 1 0.20703724960773262 0 0.20703724960773262 0 0.20703724960773262 0 0
35 0 63 1 35 127 28 60 1 0.20703724960773262 0 0.20703724960773262 0 0.20703724960773262 0 0
36 0 37 0 36 37 1 0 1 1.5483719497275521 0 1.5483719497275521 0 1.5483719497275521 0 0
36 0 38 0 36 38 2 1 1 -0.62106902470630421 0 -0.62106902470630421 0 -0.62106902470630421 0 0
36 0 39 0 36 39 3 2 1 1.4591568302030655 0 1.4591568302030655 0 1.4591568302030655 0 0
36 0 40 0 36 40 4 3 1 -0.65922634871850916 0 -0.65922634871850916 0 -0.65922634871850916 0 0
36 0 41 0 36 41 5 4 1 1.4380193841453996 0 1.4380193841453996 0 1.4380193841453996 0 0
36 0 42 0 36 42 6 5 1 -0.67262681213945552 0 -0.67262681213945552 0 -0.67262681213945552 0 0
36 0 43 0 36 43 7 6 1 1.4287857099143846 0 1.4287857099143846 0 1.4287857099143846 0 0
36 0 44 0 36 44 8 7 1 -0.67935965176948165 0 -0.67935965176948165 0 -0.67935965176948165 0 0
36 0 45 0 36 45 9 8 1 1.423671853971749 0 1.423671853971749 0 1.423671853971749 0 0
36 0 46 0 36 46 10 9 1 -0.68336495168385192 0 -0.68336495168385192 0 -0.68336495168385192 0 0
36 0 47 0 36 47 11 10 1 1.4204592435907357 0 1.4204592435907357 0 1.4204592435907357 0 0
36 0 48 0 36 48 12 11 1 -0.68599076312992613 0 -0.68599076312992613 0 -0.68599076312992613 0 0
36 0 49 0 36 49 13 12 1 1.418280333004784 0 1.418280333004784 0 1.418280333004784 0 0
36 0 50 0 36 50 14 13 1 -0.68782111261705625 0 -0.68782111261705625 0 -0.68782111261705625 0 0
36 0 51 0 36 51 15 14 1 1.4167274407073669 0 1.4167274407073669 0 1.4167274407073669 0 0
36 0 52 0 36 52 16 15 1 -0.68914919296560939 0 -0.68914919296560939 0 -0.68914919296560939 0 0
36 0 53 0 36 53 17 16 1 1.415584401425233 0 1.415584401425233 0 1.415584401425233 0 0
36 0 54 0 36 54 18 17 1 -0.6901377561362213 0 -0.6901377561362213 0 -0.6901377561362213 0 0
36 0 55 0 36 55 19 18 1 1.4147264780329518 0 1.4147264780329518 0 1.4147264780329518 0 0
36 0 56 0 36 56 20 19 1 -0.69088386103115262 0 -0.69088386103115262 0 -0.69088386103115262 0 0
36 0 57 0 36 57 21 20 1 1.4140771750058097 0 1.4140771750058097 0 1.4140771750058097 0 0
36 0 58 0 36 58 22 21 1 -0.69144844497275415 0 -0.69144844497275415 0 -0.69144844497275415 0 0
36 0 59 0 36 59 23 22 1 1.4135875246411542 0 1.4135875246411542 0 1.4135875246411542 0 0
36 0 60 0 36 60 24 23 1 -0.69187112178069776 0 -0.69187112178069776 0 -0.69187112178069776 0 0
36 0 61 0 36 61 25 24 1 1.4132253331583424 0 1.4132253331583424 0 1.4132253331583424 0 0
36 0 62 0 36 62 26 25 1 -0.69217811196996715 0 -0.69217811196996715 0 -0.69217811196996715 0 0
36 0 63 0 36 63 27 26 1 1.412969260722523 0 1.412969260722523 0 1.412969260722523 0 0
36 0 0 1 36 64 28 60 -1 0.20703724960773262 0 -0.20703724960773262 0 -0.20703724960773262 0 0
36 0 1 1 36 65 29 61 -1 0.20703724960773262 0 -0.20703724960773262 0 -0.20703724960773262 0 0
36 0 2 1 36 66 30 62 -1 0.20703724960773262 0 -0.20703724960773262 0 -0.20703724960773262 0 0
36 0 3 1 36 67 31 63 -1 0.20703724960773262 0 -0.20703724960773262 0 -0.20703724960773262 0 0
36 0 4 1 36 68 32 64 -1 0.20703724960773262 0 -0.20703724960773262 0 -0.20703724960773262 0 0
36 0 5 1 36 69 31 63 -1 0.20703724960773262 0 -0.20703724960773262 0 -0.20703724960773262 0 0
36 0 6 1 36 70 30 62 -1 0.20703724960773262 0 -0.20703724960773262 0 -0.20703724960773262 0 0
36 0 7 1 36 71 29 61 -1 0.20703724960773262 0 -0.20703724960773262 0 -0.20703724960773262 0 0
36 0 8 1 36 72 28 60 -1 0.20703724960773262 0 -0.20703724960773262 0 -0.20703724960773262 0 0
36 0 9 1 36 73 27 59 -1 0.20703724960773262 0 -0.20703724960773262 0 -0.20703724960773262 0 0
36 0 10 1 36 74 26 58 -1 0.20703724960773262 0 -0.20703724960773262 0 -0.20703724960773262 0 0
36 0 11 1 36 75 25 57 -1 0.20703724960773262 0 -0.20703724960773262 0 -0.20703724960773262 0 0
36 0 12 1 36 76 24 56 -1 0.20703724960773262 0 -0.20703724960773262 0 -0.20703724960773262 0 0
36 0 13 1 36 77 23 55 -1 0.20703724960773262 0 -0.20703724960773262 0 -0.20703724960773262 0 0
36 0 14 1 36 78 22 54 -1 0.20703724960773262 0 -0.20703724960773262 0 -0.20703724960773262 0 0
36 0 15 1 36 79 21 53 -1 0.20703724960773262 0 -0.20703724960773262 0 -0.20703724960773262 0 0
36 0 16 1 36 80 20 52 -1 0.20703724960773262 0 -0.20703724960773262 0 -0.20703724960773262 0 0
36 0 17 1 36 81 19 51 -1 0.20703724960773262 0 -0.20703724960773262 0 -0.20703724960773262 0 0
36 0 18 1 36 82 18 50 -1 0.20703724960773262 0 -0.20703724960773262 0 -0.20703724960773262 0 0
36 0 19 1 36 83 17 49 -1 0.20703724960773262 0 -0.20703724960773262 0 -0.20703724960773262 0 0
36 0 20 1 36 84 16 48 -1 0.20703724960773262 0 -0.20703724960773262 0 -0.20703724960773262 0 0
36 0 21 1 36 85 15 47 -1 0.20703724960773262 0 -0.20703724960773262 0 -0.20703724960773262 0 0
36 0 22 1 36 86 14 46 -1 0.20703724960773262 0 -0.20703724960773262 0 -0.20703724960773262 0 0
36 0 23 1 36 87 13 45 -1 0.20703724960773262 0 -0.20703724960773262 0 -0.20703724960773262 0 0
36 0 24 1 36 88 12 44 -1 0.20703724960773262 0 -0.20703724960773262 0 -0.20703724960773262 0 0
36 0 25 1 36 89 11 43 -1 0.20703724960773262 0 -0.20703724960773262 0 -0.20703724960773262 0 0
36 0 26 1 36 90 10 42 -1 0.20703724960773262 0 -0.20703724960773262 0 -0.20703724960773262 0 0
36 0 27 1 36 91 9 41 -1 0.20703724960773262 0 -0.20703724960773262 0 -0.20703724960773262 0 0
36 0 28 1 36 92 8 40 -1 0.20703724960773262 0 -0.20703724960773262 0 -0.20703724960773262 0 0
36 0 29 1 36 93 7 39 -1 0.20703724960773262 0 -0.20703724960773262 0 -0.20703724960773262 0 0
36 0 30 1 36 94 6 38 -1 0.20703724960773262 0 -0.20703724960773262 0 -0.20703724960773262 0 0
36 0 31 1 36 95 5 37 -1 0.20703724960773262 0 -0.20703724960773262 0 -0.20703724960773262 0 0
36 0 32 1 36 96 4 36 -1 0.20703724960773262 0 -0.20703724960773262 0 -0.20703724960773262 0 0
36 0 33 1 36 97 3 35 -1 0.20703724960773262 0 -0.20703724960773262 0 -0.20703724960773262 0 0
36 0 34 1 36 98 2 34 -1 0.20703724960773262 0 -0.20703724960773262 0 -0.20703724960773262 0 0
36 0 35 1 36 99 1 33 -1 0.20703724960773262 0 -0.20703724960773262 0 -0.20703724960773262 0 0
36 0 36 1 36 100 0 32 1 0 0 0 0 0 0 0
36 0 37 1 36 101 1 33 1 0.20703724960773262 0 0.20703724960773262 0 0.20703724960773262 0 0
36 0 38 1 36 102 2 34 1 0.20703724960773262 0 0.20703724960773262 0 0.20703724960773262 0 0
36 0 39 1 36 103 3 35 1 0.20703724960773262 0 0.20703724960773262 0 0.20703724960773262 0 0
36 0 40 1 36 104 4 36 1 0.20703724960773262 0 0.20703724960773262 0 0.20703724960773262 0 0
36 0 41 1 36 105 5 37 1 0.20703724960773262 0 0.20703724960773262 0 0.20703724960773262 0 0
36 0 42 1 36 106 6 38 1 0.20703724960773262 0 0.20703724960773262 0 0.20703724960773262 0 0
36 0 43 1 36 107 7 39 1 0.20703724960773262 0 0.20703724960773262 0 0.20703724960773262 0 0
36 0 44 1 36 108 8 40 1 0.20703724960773262 0 0.20703724960773262 0 0.20703724960773262 0 0
36 0 45 1 36 109 9 41 1 0.20703724960773262 0 0.20703724960773262 0 0.20703724960773262 0 0
36 0 46 1 36 110 10 42 1 0.20703724960773262 0 0.20703724960773262 0 0.20703724960773262 0 0
36 0 47 1 36 111 11 43 1 0.20703724960773262 0 0.20703724960773262 0 0.20703724960773262 0 0
36 0 48 1 36 112 12 44 1 0.20703724960773262 0 0.20703724960773262 0 0.20703724960773262 0 0
36 0 49 1 36 113 13 45 1 0.20703724960773262 0 0.20703724960773262 0 0.20703724960773262 0 0
36 0 50 1 36 114 14 46 1 0.20703724960773262 0 0.20703724960773262 0 0.20703724960773262 0 0
36 0 51 1 36 115 15 47 1 0.20703724960773262 0 0.20703724960773262 0 0.20703724960773262 0 0
36 0 52 1 36 116 16 48 1 0.20703724960773262 0 0.20703724960773262 0 0.20703724960773262 0 0
36 0 53 1 36 117 17 49 1 0.20703724960773262 0 0.20703724960773262 0 0.20703724960773262 0 0
36 0 54 1 36 118 18 50 1 0.20703724960773262 0 0.20703724960773262 0 0.20703724960773262 0 0
36 0 55 1 36 119 19 51 1 0.20703724960773262 0 0.20703724960773262 0 0.20703724960773262 0 0
36 0 56 1 36 120 20 52 1 0.20703724960773262 0 0.20703724960773262 0 0.20703724960773262 0 0
36 0 57 1 36 121 21 53 1 0.20703724960773262 0 0.20703724960773262 0 0.20703724960773262 0 0
36 0 58 1 36 122 22 54 1 0.20703724960773262 0 0.20703724960773262 0 0.20703724960773262 0 0
36 0 59 1 36 123 23 55 1 0.20703724960773262 0 0.20703724960773262 0 0.20703724960773262 0 0
36 0 60 1 36 124 24 56 1 0.20703724960773262 0 0.20703724960773262 0 0.20703724960773262 0 0
36 0 61 1 36 125 25 57 1 0.20703724960773262 0 0.20703724960773262 0 0.20703724960773262 0 0
36 0 62 1 36 126 26 58 1 0.20703724960773262 0 0.20703724960773262 0 0.20703724960773262 0 0
36 0 63 1 36 127 27 59 1 0.20703724960773262 0 0.20703724960773262 0 0.20703724960773262 0 0
37 0 38 0 37 38 1 0 1 1.5483719497275521 0 1.5483719497275521 0 1.5483719497275521 0 0
37 0 39 0 37 39 2 1 1 -0.62106902470630421 0 -0.62106902470630421 0 -0.62106902470630421 0 0
37 0 40 0 37 40 3 2 1 1.4591568302030655 0 1.4591568302030655 0 1.4591568302030655 0 0
37 0 41 0 37 41 4 3 1 -0.65922634871850916 0 -0.65922634871850916 0 -0.65922634871850916 0 0
37 0 42 0 37 42 5 4 1 1.4380193841453996 0 1.4380193841453996 0 1.4380193841453996 0 0
37 0 43 0 37 43 6 5 1 -0.67262681213945552 0 -0.67262681213945552 0 -0.67262681213945552 0 0
37 0 44 0 37 44 7 6 1 1.4287857099143846 0 1.4287857099143846 0 1.4287857099143846 0 0
37 0 45 0 37 45 8 7 1 -0.67935965176948165 0 -0.67935965176948165 0 -0.67935965176948165 0 0
37 0 46 0 37 46 9 8 1 1.423671853971749 0 1.423671853971749 0 1.423671853971749 0 0
37 0 47 0 37 47 10 9 1 -0.68336495168385192 0 -0.68336495168385192 0 -0.68336495168385192 0 0
37 0 48 0 37 48 11 10 1 1.4204592435907357 0 1.4204592435907357 0 1.4204592435907357 0 0
37 0 49 0 37 49 12 11 1 -0.68599076312992613 0 -0.68599076312992613 0 -0.68599076312992613 0 0
37 0 50 0 37 50 13 12 1 1.418280333004784 0 1.418280333004784 0 1.418280333004784 0 0
37 0 51 0 37 51 14 13 1 -0.68782111261705625 0 -0.68782111261705625 0 -0.68782111261705625 0 0
37 0 52 0 37 52 15 14 1 1.4167274407073669 0 1.4167274407073669 0 1.4167274407073669 0 0
37 0 53 0 37 53 16 15 1 -0.68914919296560939 0 -0.68914919296560939 0 -0.68914919296560939 0 0
37 0 54 0 37 54 17 16 1 1.415584401425233 0 1.415584401425233 0 1.415584401425233 0 0
37 0 55 0 37 55 18 17 1 -0.6901377561362213 0 -0.6901377561362213 0 -0.6901377561362213 0 0
37 0 56 0 37 56 19 18 1 1.4147264780329518 0 1.4147264780329518 0 1.4147264780329518 0 0
37 0 57 0 37 57 20 19 1 -0.69088386103115262 0 -0.69088386103115262 0 -0.69088386103115262 0 0
37 0 58 0 37 58 21 20 1 1.4140771750058097 0 1.4140771750058097 0 1.4140771750058097 0 0
37 0 59 0 37 59 22 21 1 -0.69144844497275415 0 -0.69144844497275415 0 -0.69144844497275415 0 0
37 0 60 0 37 60 23 22 1 1.4135875246411542 0 1.4135875246411542 0 1.4135875246411542 0 0
37 0 61 0 37 61 24 23 1 -0.69187112178069776 0 -0.69187112178069776 0 -0.69187112178069776 0 0
37 0 62 0 37 62 25 24 1 1.4132253331583424 0 1.4132253331583424 0 1.4132253331583424 0 0
37 0 63 0 37 63 26 25 1 -0.69217811196996715 0 -0.69217811196996715 0 -0.69217811196996715 0 0
37 0 0 1 37 64 27 59 -1 0.20703724960773262 0 -0.20703724960773262 0 -0.20703724960773262 0 0
37 0 1 1 37 65 28 60 -1 0.20703724960773262 0 -0.20703724960773262 0 -0.20703724960773262 0 0
37 0 2 1 37 66 29 61 -1 0.20703724960773262 0 -0.20703724960773262 0 -0.20703724960773262 0 0
37 0 3 1 37 67 30 62 -1 0.20703724960773262 0 -0.20703724960773262 0 -0.20703724960773262 0 0
37 0 4 1 37 68 31 63 -1 0.20703724960773262 0 -0.20703724960773262 0 -0.20703724960773262 0 0
37 0 5 1 37 69 32 64 -1 0.20703724960773262 0 -0.20703724960773262 0 -0.20703724960773262 0 0
37 0 6 1 37 70 31 63 -1 0.20703724960773262 0 -0.20703724960773262 0 -0.20703724960773262 0 0
37 0 7 1 37 71 30 62 -1 0.20703724960773262 0 -0.20703724960773262 0 -0.20703724960773262 0 0
37 0 8 1 37 72 29 61 -1 0.20703724960773262 0 -0.20703724960773262 0 -0.20703724960773262 0 0
37 0 9 1 37 73 28 60 -1 0.20703724960773262 0 -0.20703724960773262 0 -0.20703724960773262 0 0
37 0 10 1 37 74 27 59 -1 0.20703724960773262 0 -0.20703724960773262 0 -0.20703724960773262 0 0
37 0 11 1 37 75 26 58 -1 0.20703724960773262 0 -0.20703724960773262 0 -0.20703724960773262 0 0
37 0 12 1 37 76 25 57 -1 0.20703724960773262 0 -0.20703724960773262 0 -0.20703724960773262 0 0
37 0 13 1 37 77 24 56 -1 0.20703724960773262 0 -0.20703724960773262 0 -0.20703724960773262 0 0
37 0 14 1 37 78 23 55 -1 0.20703724960773262 0 -0.20703724960773262 0 -0.20703724960773262 0 0
37 0 15 1 37 79 22 54 -1 0.20703724960773262 0 -0.20703724960773262 0 -0.20703724960773262 0 0
37 0 16 1 37 80 21 53 -1 0.20703724960773262 0 -0.20703724960773262 0 -0.20703724960773262 0 0
37 0 17 1 37 81 20 52 -1 0.20703724960773262 0 -0.20703724960773262 0 -0.20703724960773262 0 0
37 0 18 1 37 82 19 51 -1 0.20703724960773262 0 -0.20703724960773262 0 -0.20703724960773262 0 0
37 0 19 1 37 83 18 50 -1 0.20703724960773262 0 -0.20703724960773262 0 -0.20703724960773262 0 0
37 0 20 1 37 84 17 49 -1 0.20703724960773262 0 -0.20703724960773262 0 -0.20703724960773262 0 0
37 0 21 1 37 85 16 48 -1 0.20703724960773262 0 -0.20703724960773262 0 -0.20703724960773262 0 0
37 0 22 1 37 86 15 47 -1 0.20703724960773262 0 -0.20703724960773262 0 -0.20703724960773262 0 0
37 0 23 1 37 87 14 46 -1 0.20703724960773262 0 -0.20703724960773262 0 -0.20703724960773262 0 0
37 0 24 1 37 88 13 45 -1 0.20703724960773262 0 -0.20703724960773262 0 -0.20703724960773262 0 0
37 0 25 1 37 89 12 44 -1 0.20703724960773262 0 -0.20703724960773262 0 -0.20703724960773262 0 0
37 0 26 1 37 90 11 43 -1 0.20703724960773262 0 -0.20703724960773262 0 -0.20703724960773262 0 0
37 0 27 1 37 91 10 42 -1 0.20703724960773262 0 -0.20703724960773262 0 -0.20703724960773262 0 0
37 0 28 1 37 92 9 41 -1 0.20703724960773262 0 -0.20703724960773262 0 -0.20703724960773262 0 0
37 0 29 1 37 93 8 40 -1 0.20703724960773262 0 -0.20703724960773262 0 -0.20703724960773262 0 0
37 0 30 1 37 94 7 39 -1 0.20703724960773262 0 -0.20703724960773262 0 -0.20703724960773262 0 0
37 0 31 1 37 95 6 38 -1 0.20703724960773262 0 -0.20703724960773262 0 -0.20703724960773262 0 0
37 0 32 1 37 96 5 37 -1 0.20703724960773262 0 -0.20703724960773262 0 -0.20703724960773262 0 0
37 0 33 1 37 97 4 36 -1 0.20703724960773262 0 -0.20703724960773262 0 -0.20703724960773262 0 0
37 0 34 1 37 98 3 35 -1 0.20703724960773262 0 -0.20703724960773262 0 -0.20703724960773262 0 0
37 0 35 1 37 99 2 34 -1 0.20703724960773262 0 -0.20703724960773262 0 -0.20703724960773262 0 0
37 0 36 1 37 100 1 33 -1 0.20703724960773262 0 -0.20703724960773262 0 -0.20703724960773262 0 0
37 0 37 1 37 101 0 32 1 0 0 0 0 0 0 0
37 0 38 1 37 102 1 33 1 0.20703724960773262 0 0.20703724960773262 0 0.20703724960773262 0 0
37 0 39 1 37 103 2 34 1 0.20703724960773262 0 0.20703724960773262 0 0.20703724960773262 0 0
37 0 40 1 37 104 3 35 1 0.20703724960773262 0 0.20703724960773262 0 0.20703724960773262 0 0
37 0 41 1 37 105 4 36 1 0.20703724960773262 0 0.20703724960773262 0 0.20703724960773262 0 0
37 0 42 1 37 106 5 37 1 0.20703724960773262 0 0.20703724960773262 0 0.20703724960773262 0 0
37 0 43 1 37 107 6 38 1 0.20703724960773262 0 0.20703724960773262 0 0.20703724960773262 0 0
37 0 44 1 37 108 7 39 1 0.20703724960773262 0 0.20703724960773262 0 0.20703724960773262 0 0
37 0 45 1 37 109 8 40 1 0.20703724960773262 0 0.20703724960773262 0 0.20703724960773262 0 0
37 0 46 1 37 110 9 41 1 0.20703724960773262 0 0.20703724960773262 0 0.20703724960773262 0 0
37 0 47 1 37 111 10 42 1 0.20703724960773262 0 0.20703724960773262 0 0.20703724960773262 0 0
37 0 48 1 37 112 11 43 1 0.20703724960773262 0 0.20703724960773262 0 0.20703724960773262 0 0
37 0 49 1 37 113 12 44 1 0.20703724960773262 0 0.20703724960773262 0 0.20703724960773262 0 0
37 0 50 1 37 114 13 45 1 0.20703724960773262 0 0.20703724960773262 0 0.20703724960773262 0 0
37 0 51 1 37 115 14 46 1 0.20703724960773262 0 0.20703724960773262 0 0.20703724960773262 0 0
37 0 52 1 37 116 15 47 1 0.20703724960773262 0 0.20703724960773262 0 0.20703724960773262 0 0
37 0 53 1 37 117 16 48 1 0.20703724960773262 0 0.20703724960773262 0 0.20703724960773262 0 0
37 0 54 1 37 118 17 49 1 0.20703724960773262 0 0.20703724960773262 0 0.20703724960773262 0 0
37 0 55 1 37 119 18 50 1 0.20703724960773262 0 0.20703724960773262 0 0.20703724960773262 0 0
37 0 56 1 37 120 19 51 1 0.20703724960773262 0 0.20703724960773262 0 0.20703724960773262 0 0
37 0 57 1 37 121 20 52 1 0.20703724960773262 0 0.20703724960773262 0 0.20703724960773262 0 0
37 0 58 1 37 122 21 53 1 0.20703724960773262 0 0.20703724960773262 0 0.20703724960773262 0 0
37 0 59 1 37 123 22 54 1 0.20703724960773262 0 0.20703724960773262 0 0.20703724960773262 0 0
37 0 60 1 37 124 23 55 1 0.20703724960773262 0 0.20703724960773262 0 0.20703724960773262 0 0
37 0 61 1 37 125 24 56 1 0.20703724960773262 0 0.20703724960773262 0 0.20703724960773262 0 0
37 0 62 1 37 126 25 57 1 0.20703724960773262 0 0.20703724960773262 0 0.20703724960773262 0 0
37 0 63 1 37 127 26 58 1 0.20703724960773262 0 0.20703724960773262 0 0.20703724960773262 0 0
38 0 39 0 38 39 1 0 1 1.5483719497275521 0 1.5483719497275521 0 1.5483719497275521 0 0
38 0 40 0 38 40 2 1 1 -0.62106902470630421 0 -0.62106902470630421 0 -0.62106902470630421 0 0
38 0 41 0 38 41 3 2 1 1.4591568302030655 0 1.4591568302030655 0 1.4591568302030655 0 0
38 0 42 0 38 42 4 3 1 -0.65922634871850916 0 -0.65922634871850916 0 -0.65922634871850916 0 0
38 0 43 0 38 43 5 4 1 1.4380193841453996 0 1.4380193841453996 0 1.4380193841453996 0 0
38 0 44 0 38 44 6 5 1 -0.67262681213945552 0 -0.67262681213945552 0 -0.67262681213945552 0 0
38 0 45 0 38 45 7 6 1 1.4287857099143846 0 1.4287857099143846 0 1.4287857099143846 0 0
38 0 46 0 38 46 8 7 1 -0.67935965176948165 0 -0.67935965176948165 0 -0.67935965176948165 0 0
38 0 47 0 38 47 9 8 1 1.423671853971749 0 1.423671853971749 0 1.423671853971749 0 0
38 0 48 0 38 48 10 9 1 -0.68336495168385192 0 -0.68336495168385192 0 -0.68336495168385192 0 0
38 0 49 0 38 49 11 10 1 1.4204592435907357 0 1.4204592435907357 0 1.4204592435907357 0 0
38 0 50 0 38 50 12 11 1 -0.68599076312992613 0 -0.68599076312992613 0 -0.68599076312992613 0 0
38 0 51 0 38 51 13 12 1 1.418280333004784 0 1.418280333004784 0 1.418280333004784 0 0
38 0 52 0 38 52 14 13 1 -0.68782111261705625 0 -0.68782111261705625 0 -0.68782111261705625 0 0
38 0 53 0 38 53 15 14 1 1.4167274407073669 0 1.4167274407073669 0 1.4167274407073669 0 0
38 0 54 0 38 54 16 15 1 -0.68914919296560939 0 -0.68914919296560939 0 -0.68914919296560939 0 0
38 0 55 0 38 55 17 16 1 1.415584401425233 0 1.415584401425233 0 1.415584401425233 0 0
38 0 56 0 38 56 18 17 1 -0.6901377561362213 0 -0.6901377561362213 0 -0.6901377561362213 0 0
38 0 57 0 38 57 19 18 1 1.4147264780329518 0 1.4147264780329518 0 1.4147264780329518 0 0
38 0 58 0 38 58 20 19 1 -0.69088386103115262 0 -0.69088386103115262 0 -0.69088386103115262 0 0
38 0 59 0 38 59 21 20 1 1.4140771750058097 0 1.4140771750058097 0 1.4140771750058097 0 0
38 0 60 0 38 60 22 21 1 -0.69144844497275415 0 -0.69144844497275415 0 -0.69144844497275415 0 0
38 0 61 0 38 61 23 22 1 1.4135875246411542 0 1.4135875246411542 0 1.4135875246411542 0 0
38 0 62 0 38 62 24 23 1 -0.69187112178069776 0 -0.69187112178069776 0 -0.69187112178069776 0 0
38 0 63 0 38 63 25 24 1 1.4132253331583424 0 1.4132253331583424 0 1.4132253331583424 0 0
38 0 0 1 38 64 26 58 -1 0.20703724960773262 0 -0.20703724960773262 0 -0.20703724960773262 0 0
38 0 1 1 38 65 27 59 -1 0.20703724960773262 0 -0.20703724960773262 0 -0.20703724960773262 0 0
38 0 2 1 38 66 28 60 -1 0.20703724960773262 0 -0.20703724960773262 0 -0.20703724960773262 0 0
38 0 3 1 38 67 29 61 -1 0.20703724960773262 0 -0.20703724960773262 0 -0.20703724960773262 0 0
38 0 4 1 38 68 30 62 -1 0.20703724960773262 0 -0.20703724960773262 0 -0.20703724960773262 0 0
38 0 5 1 38 69 31 63 -1 0.20703724960773262 0 -0.20703724960773262 0 -0.20703724960773262 0 0
38 0 6 1 38 70 32 64 -1 0.20703724960773262 0 -0.20703724960773262 0 -0.20703724960773262 0 0
38 0 7 1 38 71 31 63 -1 0.20703724960773262 0 -0.20703724960773262 0 -0.20703724960773262 0 0
38 0 8 1 38 72 30 62 -1 0.20703724960773262 0 -0.20703724960773262 0 -0.20703724960773262 0 0
38 0 9 1 38 73 29 61 -1 0.20703724960773262 0 -0.20703724960773262 0 -0.20703724960773262 0 0
38 0 10 1 38 74 28 60 -1 0.20703724960773262 0 -0.20703724960773262 0 -0.20703724960773262 0 0
38 0 11 1 38 75 27 59 -1 0.20703724960773262 0 -0.20703724960773262 0 -0.20703724960773262 0 0
38 0 12 1 38 76 26 58 -1 0.20703724960773262 0 -0.20703724960773262 0 -0.20703724960773262 0 0
38 0 13 1 38 77 25 57 -1 0.20703724960773262 0 -0.20703724960773262 0 -0.20703724960773262 0 0
38 0 14 1 38 78 24 56 -1 0.20703724960773262 0 -0.20703724960773262 0 -0.20703724960773262 0 0
38 0 15 1 38 79 23 55 -1 0.20703724960773262 0 -0.20703724960773262 0 -0.20703724960773262 0 0
38 0 16 1 38 80 22 54 -1 0.20703724960773262 0 -0.20703724960773262 0 -0.20703724960773262 0 0
38 0 17 1 38 81 21 53 -1 0.20703724960773262 0 -0.20703724960773262 0 -0.20703724960773262 0 0
38 0 18 1 38 82 20 52 -1 0.20703724960773262 0 -0.20703724960773262 0 -0.20703724960773262 0 0
38 0 19 1 38 83 19 51 -1 0.20703724960773262 0 -0.20703724960773262 0 -0.20703724960773262 0 0
38 0 20 1 38 84 18 50 -1 0.20703724960773262 0 -0.20703724960773262 0 -0.20703724960773262 0 0
38 0 21 1 38 85 17 49 -1 0.20703724960773262 0 -0.20703724960773262 0 -0.20703724960773262 0 0
38 0 22 1 38 86 16 48 -1 0.20703724960773262 0 -0.20703724960773262 0 -0.20703724960773262 0 0
38 0 23 1 38 87 15 47 -1 0.20703724960773262 0 -0.20703724960773262 0 -0.20703724960773262 0 0
38 0 24 1 38 88 14 46 -1 0.20703724960773262 0 -0.20703724960773262 0 -0.20703724960773262 0 0
38 0 25 1 38 89 13 45 -1 0.20703724960773262 0 -0.20703724960773262 0 -0.20703724960773262 0 0
38 0 26 1 38 90 12 44 -1 0.20703724960773262 0 -0.20703724960773262 0 -0.20703724960773262 0 0
38 0 27 1 38 91 11 43 -1 0.20703724960773262 0 -0.20703724960773262 0 -0.20703724960773262 0 0
38 0 28 1 38 92 10 42 -1 0.20703724960773262 0 -0.20703724960773262 0 -0.20703724960773262 0 0
38 0 29 1 38 93 9 41 -1 0.20703724960773262 0 -0.20703724960773262 0 -0.20703724960773262 0 0
38 0 30 1 38 94 8 40 -1 0.20703724960773262 0 -0.20703724960773262 0 -0.20703724960773262 0 0
38 0 31 1 38 95 7 39 -1 0.20703724960773262 0 -0.20703724960773262 0 -0.20703724960773262 0 0
38 0 32 1 38 96 6 38 -1 0.20703724960773262 0 -0.20703724960773262 0 -0.20703724960773262 0 0
38 0 33 1 38 97 5 37 -1 0.20703724960773262 0 -0.20703724960773262 0 -0.20703724960773262 0 0
38 0 34 1 38 98 4 36 -1 0.20703724960773262 0 -0.20703724960773262 0 -0.20703724960773262 0 0
38 0 35 1 38 99 3 35 -1 0.20703724960773262 0 -0.20703724960773262 0 -0.20703724960773262 0 0
38 0 36 1 38 100 2 34 -1 0.20703724960773262 0 -0.20703724960773262 0 -0.20703724960773262 0 0
38 0 37 1 38 101 1 33 -1 0.20703724960773262 0 -0.20703724960773262 0 -0.20703724960773262 0 0
38 0 38 1 38 102 0 32 1 0 0 0 0 0 0 0
38 0 39 1 38 103 1 33 1 0.20703724960773262 0 0.20703724960773262 0 0.20703724960773262 0 0
38 0 40 1 38 104 2 34 1 0.20703724960773262 0 0.20703724960773262 0 0.20703724960773262 0 0
38 0 41 1 38 105 3 35 1 0.20703724960773262 0 0.20703724960773262 0 0.20703724960773262 0 0
38 0 42 1 38 106 4 36 1 0.20703724960773262 0 0.20703724960773262 0 0.20703724960773262 0 0
38 0 43 1 38 107 5 37 1 0.20703724960773262 0 0.20703724960773262 0 0.20703724960773262 0 0
38 0 44 1 38 108 6 38 1 0.20703724960773262 0 0.20703724960773262 0 0.20703724960773262 0 0
38 0 45 1 38 109 7 39 1 0.20703724960773262 0 0.20703724960773262 0 0.20703724960773262 0 0
38 0 46 1 38 110 8 40 1 0.20703724960773262 0 0.20703724960773262 0 0.20703724960773262 0 0
38 0 47 1 38 111 9 41 1 0.20703724960773262 0 0.20703724960773262 0 0.20703724960773262 0 0
38 0 48 1 38 112 10 42 1 0.20703724960773262 0 0.20703724960773262 0 0.20703724960773262 0 0
38 0 49 1 38 113 11 43 1 0.20703724960773262 0 0.20703724960773262 0 0.20703724960773262 0 0
38 0 50 1 38 114 12 44 1 0.20703724960773262 0 0.20703724960773262 0 0.20703724960773262 0 0
38 0 51 1 38 115 13 45 1 0.20703724960773262 0 0.20703724960773262 0 0.20703724960773262 0 0
38 0 52 1 38 116 14 46 1 0.20703724960773262 0 0.20703724960773262 0 0.20703724960773262 0 0
38 0 53 1 38 117 15 47 1 0.20703724960773262 0 0.20703724960773262 0 0.20703724960773262 0 0
38 0 54 1 38 118 16 48 1 0.20703724960773262 0 0.20703724960773262 0 0.20703724960773262 0 0
38 0 55 1 38 119 17 49 1 0.20703724960773262 0 0.20703724960773262 0 0.20703724960773262 0 0
38 0 56 1 38 120 18 50 1 0.20703724960773262 0 0.20703724960773262 0 0.20703724960773262 0 0
38 0 57 1 38 121 19 51 1 0.20703724960773262 0 0.20703724960773262 0 0.20703724960773262 0 0
38 0 58 1 38 122 20 52 1 0.20703724960773262 0 0.20703724960773262 0 0.20703724960773262 0 0
38 0 59 1 38 123 21 53 1 0.20703724960773262 0 0.20703724960773262 0 0.20703724960773262 0 0
38 0 60 1 38 124 22 54 1 0.20703724960773262 0 0.20703724960773262 0 0.20703724960773262 0 0
38 0 61 1 38 125 23 55 1 0.20703724960773262 0 0.20703724960773262 0 0.20703724960773262 0 0
38 0 62 1 38 126 24 56 1 0.20703724960773262 0 0.20703724960773262 0 0.20703724960773262 0 0
38 0 63 1 38 127 25 57 1 0.20703724960773262 0 0.20703724960773262 0 0.20703724960773262 0 0
39 0 40 0 39 40 1 0 1 1.5483719497275521 0 1.5483719497275521 0 1.5483719497275521 0 0
39 0 41 0 39 41 2 1 1 -0.62106902470630421 0 -0.62106902470630421 0 -0.62106902470630421 0 0
39 0 42 0 39 42 3 2 1 1.4591568302030655 0 1.4591568302030655 0 1.4591568302030655 0 0
39 0 43 0 39 43 4 3 1 -0.65922634871850916 0 -0.65922634871850916 0 -0.65922634871850916 0 0
39 0 44 0 39 44 5 4 1 1.4380193841453996 0 1.4380193841453996 0 1.4380193841453996 0 0
39 0 45 0 39 45 6 5 1 -0.67262681213945552 0 -0.67262681213945552 0 -0.67262681213945552 0 0
39 0 46 0 39 46 7 6 1 1.4287857099143846 0 1.4287857099143846 0 1.4287857099143846 0 0
39 0 47 0 39 47 8 7 1 -0.67935965176948165 0 -0.67935965176948165 0 -0.67935965176948165 0 0
39 0 48 0 39 48 9 8 1 1.423671853971749 0 1.423671853971749 0 1.423671853971749 0 0
39 0 49 0 39 49 10 9 1 -0.68336495168385192 0 -0.68336495168385192 0 -0.68336495168385192 0 0
39 0 50 0 39 50 11 10 1 1.4204592435907357 0 1.4204592435907357 0 1.4204592435907357 0 0
39 0 51 0 39 51 12 11 1 -0.68599076312992613 0 -0.68599076312992613 0 -0.68599076312992613 0 0
39 0 52 0 39 52 13 12 1 1.418280333004784 0 1.418280333004784 0 1.418280333004784 0 0
39 0 53 0 39 53 14 13 1 -0.68782111261705625 0 -0.68782111261705625 0 -0.68782111261705625 0 0
39 0 54 0 39 54 15 14 1 1.4167274407073669 0 1.4167274407073669 0 1.4167274407073669 0 0
39 0 55 0 39 55 16 15 1 -0.68914919296560939 0 -0.68914919296560939 0 -0.68914919296560939 0 0
39 0 56 0 39 56 17 16 1 1.415584401425233 0 1.415584401425233 0 1.415584401425233 0 0
39 0 57 0 39 57 18 17 1 -0.6901377561362213 0 -0.6901377561362213 0 -0.6901377561362213 0 0
39 0 58 0 39 58 19 18 1 1.4147264780329518 0 1.4147264780329518 0 1.4147264780329518 0 0
39 0 59 0 39 59 20 19 1 -0.69088386103115262 0 -0.69088386103115262 0 -0.69088386103115262 0 0
39 0 60 0 39 60 21 20 1 1.4140771750058097 0 1.4140771750058097 0 1.4140771750058097 0 0
39 0 61 0 39 61 22 21 1 -0.69144844497275415 0 -0.69144844497275415 0 -0.69144844497275415 0 0
39 0 62 0 39 62 23 22 1 1.4135875246411542 0 1.4135875246411542 0 1.4135875246411542 0 0
39 0 63 0 39 63 24 23 1 -0.69187112178069776 0 -0.69187112178069776 0 -0.69187112178069776 0 0
39 0 0 1 39 64 25 57 -1 0.20703724960773262 0 -0.20703724960773262 0 -0.20703724960773262 0 0
39 0 1 1 39 65 26 58 -1 0.20703724960773262 0 -0.20703724960773262 0 -0.20703724960773262 0 0
39 0 2 1 39 66 27 59 -1 0.20703724960773262 0 -0.20703724960773262 0 -0.20703724960773262 0 0
39 0 3 1 39 67 28 60 -1 0.20703724960773262 0 -0.20703724960773262 0 -0.20703724960773262 0 0
39 0 4 1 39 68 29 61 -1 0.20703724960773262 0 -0.20703724960773262 0 -0.20703724960773262 0 0
39 0 5 1 39 69 30 62 -1 0.20703724960773262 0 -0.20703724960773262 0 -0.20703724960773262 0 0
39 0 6 1 39 70 31 63 -1 0.20703724960773262 0 -0.20703724960773262 0 -0.20703724960773262 0 0
39 0 7 1 39 71 32 64 -1 0.20703724960773262 0 -0.20703724960773262 0 -0.20703724960773262 0 0
39 0 8 1 39 72 31 63 -1 0.20703724960773262 0 -0.20703724960773262 0 -0.20703724960773262 0 0
39 0 9 1 39 73 30 62 -1 0.20703724960773262 0 -0.20703724960773262 0 -0.20703724960773262 0 0
39 0 10 1 39 74 29 61 -1 0.20703724960773262 0 -0.20703724960773262 0 -0.20703724960773262 0 0
39 0 11 1 39 75 28 60 -1 0.20703724960773262 0 -0.20703724960773262 0 -0.20703724960773262 0 0
39 0 12 1 39 76 27 59 -1 0.20703724960773262 0 -0.20703724960773262 0 -0.20703724960773262 0 0
39 0 13 1 39 77 26 58 -1 0.20703724960773262 0 -0.20703724960773262 0 -0.20703724960773262 0 0
39 0 14 1 39 78 25 57 -1 0.20703724960773262 0 -0.20703724960773262 0 -0.20703724960773262 0 0
39 0 15 1 39 79 24 56 -1 0.20703724960773262 0 -0.20703724960773262 0 -0.20703724960773262 0 0
39 0 16 1 39 80 23 55 -1 0.20703724960773262 0 -0.20703724960773262 0 -0.20703724960773262 0 0
39 0 17 1 39 81 22 54 -1 0.20703724960773262 0 -0.20703724960773262 0 -0.20703724960773262 0 0
39 0 18 1 39 82 21 53 -1 0.20703724960773262 0 -0.20703724960773262 0 -0.20703724960773262 0 0
39 0 19 1 39 83 20 52 -1 0.20703724960773262 0 -0.20703724960773262 0 -0.20703724960773262 0 0
39 0 20 1 39 84 19 51 -1 0.20703724960773262 0 -0.20703724960773262 0 -0.20703724960773262 0 0
39 0 21 1 39 85 18 50 -1 0.20703724960773262 0 -0.20703724960773262 0 -0.20703724960773262 0 0
39 0 22 1 39 86 17 49 -1 0.20703724960773262 0 -0.20703724960773262 0 -0.20703724960773262 0 0
39 0 23 1 39 87 16 48 -1 0.20703724960773262 0 -0.20703724960773262 0 -0.20703724960773262 0 0
39 0 24 1 39 88 15 47 -1 0.20703724960773262 0 -0.20703724960773262 0 -0.20703724960773262 0 0
39 0 25 1 39 89 14 46 -1 0.20703724960773262 0 -0.20703724960773262 0 -0.20703724960773262 0 0
39 0 26 1 39 90 13 45 -1 0.20703724960773262 0 -0.20703724960773262 0 -0.20703724960773262 0 0
39 0 27 1 39 91 12 44 -1 0.20703724960773262 0 -0.20703724960773262 0 -0.20703724960773262 0 0
39 0 28 1 39 92 11 43 -1 0.20703724960773262 0 -0.20703724960773262 0 -0.20703724960773262 0 0
39 0 29 1 39 93 10 42 -1 0.20703724960773262 0 -0.20703724960773262 0 -0.20703724960773262 0 0
39 0 30 1 39 94 9 41 -1 0.20703724960773262 0 -0.20703724960773262 0 -0.20703724960773262 0 0
39 0 31 1 39 95 8 40 -1 0.20703724960773262 0 -0.20703724960773262 0 -0.20703724960773262 0 0
39 0 32 1 39 96 7 39 -1 0.20703724960773262 0 -0.20703724960773262 0 -0.20703724960773262 0 0
39 0 33 1 39 97 6 38 -1 0.20703724960773262 0 -0.20703724960773262 0 -0.20703724960773262 0 0
39 0 34 1 39 98 5 37 -1 0.20703724960773262 0 -0.20703724960773262 0 -0.20703724960773262 0 0
39 0 35 1 39 99 4 36 -1 0.20703724960773262 0 -0.20703724960773262 0 -0.20703724960773262 0 0
39 0 36 1 39 100 3 35 -1 0.20703724960773262 0 -0.20703724960773262 0 -0.20703724960773262 0 0
39 0 37 1 39 101 2 34 -1 0.20703724960773262 0 -0.20703724960773262 0 -0.20703724960773262 0 0
39 0 38 1 39 102 1 33 -1 0.20703724960773262 0 -0.20703724960773262 0 -0.20703724960773262 0 0
39 0 39 1 39 103 0 32 1 0 0 0 0 0 0 0
39 0 40 1 39 104 1 33 1 0.20703724960773262 0 0.20703724960773262 0 0.20703724960773262 0 0
39 0 41 1 39 105 2 34 1 0.20703724960773262 0 0.20703724960773262 0 0.20703724960773262 0 0
39 0 42 1 39 106 3 35 1 0.20703724960773262 0 0.20703724960773262 0 0.20703724960773262 0 0
39 0 43 1 39 107 4 36 1 0.20703724960773262 0 0.20703724960773262 0 0.20703724960773262 0 0
39 0 44 1 39 108 5 37 1 0.20703724960773262 0 0.20703724960773262 0 0.20703724960773262 0 0
39 0 45 1 39 109 6 38 1 0.20703724960773262 0 0.20703724960773262 0 0.20703724960773262 0 0
39 0 46 1 39 110 7 39 1 0.20703724960773262 0 0.20703724960773262 0 0.20703724960773262 0 0
39 0 47 1 39 111 8 40 1 0.20703724960773262 0 0.20703724960773262 0 0.20703724960773262 0 0
39 0 48 1 39 112 9 41 1 0.20703724960773262 0 0.20703724960773262 0 0.20703724960773262 0 0
39 0 49 1 39 113 10 42 1 0.20703724960773262 0 0.20703724960773262 0 0.20703724960773262 0 0
39 0 50 1 39 114 11 43 1 0.20703724960773262 0 0.20703724960773262 0 0.20703724960773262 0 0
39 0 51 1 39 115 12 44 1 0.20703724960773262 0 0.20703724960773262 0 0.20703724960773262 0 0
39 0 52 1 39 116 13 45 1 0.20703724960773262 0 0.20703724960773262 0 0.20703724960773262 0 0
39 0 53 1 39 117 14 46 1 0.20703724960773262 0 0.20703724960773262 0 0.20703724960773262 0 0
39 0 54 1 39 118 15 47 1 0.20703724960773262 0 0.20703724960773262 0 0.20703724960773262 0 0
39 0 55 1 39 119 16 48 1 0.20703724960773262 0 0.20703724960773262 0 0.20703724960773262 0 0
39 0 56 1 39 120 17 49 1 0.20703724960773262 0 0.20703724960773262 0 0.20703724960773262 0 0
39 0 57 1 39 121 18 50 1 0.20703724960773262 0 0.20703724960773262 0 0.20703724960773262 0 0
39 0 58 1 39 122 19 51 1 0.20703724960773262 0 0.20703724960773262 0 0.20703724960773262 0 0
39 0 59 1 39 123 20 52 1 0.20703724960773262 0 0.20703724960773262 0 0.20703724960773262 0 0
39 0 60 1 39 124 21 53 1 0.20703724960773262 0 0.20703724960773262 0 0.20703724960773262 0 0
39 0 61 1 39 125 22 54 1 0.20703724960773262 0 0.20703724960773262 0 0.20703724960773262 0 0
39 0 62 1 39 126 23 55 1 0.20703724960773262 0 0.20703724960773262 0 0.20703724960773262 0 0
39 0 63 1 39 127 24 56 1 0.20703724960773262 0 0.20703724960773262 0 0.20703724960773262 0 0
40 0 41 0 40 41 1 0 1 1.5483719497275521 0 1.5483719497275521 0 1.5483719497275521 0 0
40 0 42 0 40 42 2 1 1 -0.62106902470630421 0 -0.62106902470630421 0 -0.62106902470630421 0 0
40 0 43 0 40 43 3 2 1 1.4591568302030655 0 1.4591568302030655 0 1.4591568302030655 0 0
40 0 44 0 40 44 4 3 1 -0.65922634871850916 0 -0.65922634871850916 0 -0.65922634871850916 0 0
40 0 45 0 40 45 5 4 1 1.4380193841453996 0 1.4380193841453996 0 1.4380193841453996 0 0
40 0 46 0 40 46 6 5 1 -0.67262681213945552 0 -0.67262681213945552 0 -0.67262681213945552 0 0
40 0 47 0 40 47 7 6 1 1.4287857099143846 0 1.4287857099143846 0 1.4287857099143846 0 0
40 0 48 0 40 48 8 7 1 -0.67935965176948165 0 -0.67935965176948165 0 -0.67935965176948165 0 0
40 0 49 0 40 49 9 8 1 1.423671853971749 0 1.423671853971749 0 1.423671853971749 0 0
40 0 50 0 40 50 10 9 1 -0.68336495168385192 0 -0.68336495168385192 0 -0.68336495168385192 0 0
40 0 51 0 40 51 11 10 1 1.4204592435907357 0 1.4204592435907357 0 1.4204592435907357 0 0
40 0 52 0 40 52 12 11 1 -0.68599076312992613 0 -0.68599076312992613 0 -0.68599076312992613 0 0
40 0 53 0 40 53 13 12 1 1.418280333004784 0 1.418280333004784 0 1.418280333004784 0 0
40 0 54 0 40 54 14 13 1 -0.68782111261705625 0 -0.68782111261705625 0 -0.68782111261705625 0 0
40 0 55 0 40 55 15 14 1 1.4167274407073669 0 1.4167274407073669 0 1.4167274407073669 0 0
40 0 56 0 40 56 16 15 1 -0.68914919296560939 0 -0.68914919296560939 0 -0.68914919296560939 0 0
40 0 57 0 40 57 17 16 1 1.415584401425233 0 1.415584401425233 0 1.415584401425233 0 0
40 0 58 0 40 58 18 17 1 -0.6901377561362213 0 -0.6901377561362213 0 -0.6901377561362213 0 0
40 0 59 0 40 59 19 18 1 1.4147264780329518 0 1.4147264780329518 0 1.4147264780329518 0 0
40 0 60 0 40 60 20 19 1 -0.69088386103115262 0 -0.69088386103115262 0 -0.69088386103115262 0 0
40 0 61 0 40 61 21 20 1 1.4140771750058097 0 1.4140771750058097 0 1.4140771750058097 0 0
40 0 62 0 40 62 22 21 1 -0.69144844497275415 0 -0.69144844497275415 0 -0.69144844497275415 0 0
40 0 63 0 40 63 23 22 1 1.4135875246411542 0 1.4135875246411542 0 1.4135875246411542 0 0
40 0 0 1 40 64 24 56 -1 0.20703724960773262 0 -0.20703724960773262 0 -0.20703724960773262 0 0
40 0 1 1 40 65 25 57 -1 0.20703724960773262 0 -0.20703724960773262 0 -0.20703724960773262 0 0
40 0 2 1 40 66 26 58 -1 0.20703724960773262 0 -0.20703724960773262 0 -0.20703724960773262 0 0
40 0 3 1 40 67 27 59 -1 0.20703724960773262 0 -0.20703724960773262 0 -0.20703724960773262 0 0
40 0 4 1 40 68 28 60 -1 0.20703724960773262 0 -0.20703724960773262 0 -0.20703724960773262 0 0
40 0 5 1 40 69 29 61 -1 0.20703724960773262 0 -0.20703724960773262 0 -0.20703724960773262 0 0
40 0 6 1 40 70 30 62 -1 0.20703724960773262 0 -0.20703724960773262 0 -0.20703724960773262 0 0
40 0 7 1 40 71 31 63 -1 0.20703724960773262 0 -0.20703724960773262 0 -0.20703724960773262 0 0
40 0 8 1 40 72 32 64 -1 0.20703724960773262 0 -0.20703724960773262 0 -0.20703724960773262 0 0
40 0 9 1 40 73 31 63 -1 0.20703724960773262 0 -0.20703724960773262 0 -0.20703724960773262 0 0
40 0 10 1 40 74 30 62 -1 0.20703724960773262 0 -0.20703724960773262 0 -0.20703724960773262 0 0
40 0 11 1 40 75 29 61 -1 0.20703724960773262 0 -0.20703724960773262 0 -0.20703724960773262 0 0
40 0 12 1 40 76 28 60 -1 0.20703724960773262 0 -0.20703724960773262 0 -0.20703724960773262 0 0
40 0 13 1 40 77 27 59 -1 0.20703724960773262 0 -0.20703724960773262 0 -0.20703724960773262 0 0
40 0 14 1 40 78 26 58 -1 0.20703724960773262 0 -0.20703724960773262 0 -0.20703724960773262 0 0
40 0 15 1 40 79 25 57 -1 0.20703724960773262 0 -0.20703724960773262 0 -0.20703724960773262 0 0
40 0 16 1 40 80 24 56 -1 0.20703724960773262 0 -0.20703724960773262 0 -0.20703724960773262 0 0
40 0 17 1 40 81 23 55 -1 0.20703724960773262 0 -0.20703724960773262 0 -0.20703724960773262 0 0
40 0 18 1 40 82 22 54 -1 0.20703724960773262 0 -0.20703724960773262 0 -0.20703724960773262 0 0
40 0 19 1 40 83 21 53 -1 0.20703724960773262 0 -0.20703724960773262 0 -0.20703724960773262 0 0
40 0 20 1 40 84 20 52 -1 0.20703724960773262 0 -0.20703724960773262 0 -0.20703724960773262 0 0
40 0 21 1 40 85 19 51 -1 0.20703724960773262 0 -0.20703724960773262 0 -0.20703724960773262 0 0
40 0 22 1 40 86 18 50 -1 0.20703724960773262 0 -0.20703724960773262 0 -0.20703724960773262 0 0
40 0 23 1 40 87 17 49 -1 0.20703724960773262 0 -0.20703724960773262 0 -0.20703724960773262 0 0
40 0 24 1 40 88 16 48 -1 0.20703724960773262 0 -0.20703724960773262 0 -0.20703724960773262 0 0
40 0 25 1 40 89 15 47 -1 0.20703724960773262 0 -0.20703724960773262 0 -0.20703724960773262 0 0
40 0 26 1 40 90 14 46 -1 0.20703724960773262 0 -0.20703724960773262 0 -0.20703724960773262 0 0
40 0 27 1 40 91 13 45 -1 0.20703724960773262 0 -0.20703724960773262 0 -0.20703724960773262 0 0
40 0 28 1 40 92 12 44 -1 0.20703724960773262 0 -0.20703724960773262 0 -0.20703724960773262 0 0
40 0 29 1 40 93 11 43 -1 0.20703724960773262 0 -0.20703724960773262 0 -0.20703724960773262 0 0
40 0 30 1 40 94 10 42 -1 0.20703724960773262 0 -0.20703724960773262 0 -0.20703724960773262 0 0
40 0 31 1 40 95 9 41 -1 0.20703724960773262 0 -0.20703724960773262 0 -0.20703724960773262 0 0
40 0 32 1 40 96 8 40 -1 0.20703724960773262 0 -0.20703724960773262 0 -0.20703724960773262 0 0
40 0 33 1 40 97 7 39 -1 0.20703724960773262 0 -0.20703724960773262 0 -0.20703724960773262 0 0
40 0 34 1 40 98 6 38 -1 0.20703724960773262 0 -0.20703724960773262 0 -0.20703724960773262 0 0
40 0 35 1 40 99 5 37 -1 0.20703724960773262 0 -0.20703724960773262 0 -0.20703724960773262 0 0
40 0 36 1 40 100 4 36 -1 0.20703724960773262 0 -0.20703724960773262 0 -0.20703724960773262 0 0
40 0 37 1 40 101 3 35 -1 0.20703724960773262 0 -0.20703724960773262 0 -0.20703724960773262 0 0
40 0 38 1 40 102 2 34 -1 0.20703724960773262 0 -0.20703724960773262 0 -0.20703724960773262 0 0
40 0 39 1 40 103 1 33 -1 0.20703724960773262 0 -0.20703724960773262 0 -0.20703724960773262 0 0
40 0 40 1 40 104 0 32 1 0 0 0 0 0 0 0
40 0 41 1 40 105 1 33 1 0.20703724960773262 0 0.20703724960773262 0 0.20703724960773262 0 0
40 0 42 1 40 106 2 34 1 0.20703724960773262 0 0.20703724960773262 0 0.20703724960773262 0 0
40 0 43 1 40 107 3 35 1 0.20703724960773262 0 0.20703724960773262 0 0.20703724960773262 0 0
40 0 44 1 40 108 4 36 1 0.20703724960773262 0 0.20703724960773262 0 0.20703724960773262 0 0
40 0 45 1 40 109 5 37 1 0.20703724960773262 0 0.20703724960773262 0 0.20703724960773262 0 0
40 0 46 1 40 110 6 38 1 0.20703724960773262 0 0.20703724960773262 0 0.20703724960773262 0 0
40 0 47 1 40 111 7 39 1 0.20703724960773262 0 0.20703724960773262 0 0.20703724960773262 0 0
40 0 48 1 40 112 8 40 1 0.20703724960773262 0 0.20703724960773262 0 0.20703724960773262 0 0
40 0 49 1 40 113 9 41 1 0.20703724960773262 0 0.20703724960773262 0 0.20703724960773262 0 0
40 0 50 1 40 114 10 42 1 0.20703724960773262 0 0.20703724960773262 0 0.20703724960773262 0 0
40 0 51 1 40 115 11 43 1 0.20703724960773262 0 0.20703724960773262 0 0.20703724960773262 0 0
40 0 52 1 40 116 12 44 1 0.20703724960773262 0 0.20703724960773262 0 0.20703724960773262 0 0
40 0 53 1 40 117 13 45 1 0.20703724960773262 0 0.20703724960773262 0 0.20703724960773262 0 0
40 0 54 1 40 118 14 46 1 0.20703724960773262 0 0.20703724960773262 0 0.20703724960773262 0 0
40 0 55 1 40 119 15 47 1 0.20703724960773262 0 0.20703724960773262 0 0.20703724960773262 0 0
40 0 56 1 40 120 16 48 1 0.20703724960773262 0 0.20703724960773262 0 0.20703724960773262 0 0
40 0 57 1 40 121 17 49 1 0.20703724960773262 0 0.20703724960773262 0 0.20703724960773262 0 0
40 0 58 1 40 122 18 50 1 0.20703724960773262 0 0.20703724960773262 0 0.20703724960773262 0 0
40 0 59 1 40 123 19 51 1 0.20703724960773262 0 0.20703724960773262 0 0.20703724960773262 0 0
40 0 60 1 40 124 20 52 1 0.20703724960773262 0 0.20703724960773262 0 0.20703724960773262 0 0
40 0 61 1 40 125 21 53 1 0.20703724960773262 0 0.20703724960773262 0 0.20703724960773262 0 0
40 0 62 1 40 126 22 54 1 0.20703724960773262 0 0.20703724960773262 0 0.20703724960773262 0 0
40 0 63 1 40 127 23 55 1 0.20703724960773262 0 0.20703724960773262 0 0.20703724960773262 0 0
41 0 42 0 41 42 1 0 1 1.5483719497275521 0 1.5483719497275521 0 1.5483719497275521 0 0
41 0 43 0 41 43 2 1 1 -0.62106902470630421 0 -0.62106902470630421 0 -0.62106902470630421 0 0
41 0 44 0 41 44 3 2 1 1.4591568302030655 0 1.4591568302030655 0 1.4591568302030655 0 0
41 0 45 0 41 45 4 3 1 -0.65922634871850916 0 -0.65922634871850916 0 -0.65922634871850916 0 0
41 0 46 0 41 46 5 4 1 1.4380193841453996 0 1.4380193841453996 0 1.4380193841453996 0 0
41 0 47 0 41 47 6 5 1 -0.67262681213945552 0 -0.67262681213945552 0 -0.67262681213945552 0 0
41 0 48 0 41 48 7 6 1 1.4287857099143846 0 1.4287857099143846 0 1.4287857099143846 0 0
41 0 49 0 41 49 8 7 1 -0.67935965176948165 0 -0.67935965176948165 0 -0.67935965176948165 0 0
41 0 50 0 41 50 9 8 1 1.423671853971749 0 1.423671853971749 0 1.423671853971749 0 0
41 0 51 0 41 51 10 9 1 -0.68336495168385192 0 -0.68336495168385192 0 -0.68336495168385192 0 0
41 0 52 0 41 52 11 10 1 1.4204592435907357 0 1.4204592435907357 0 1.4204592435907357 0 0
41 0 53 0 41 53 12 11 1 -0.68599076312992613 0 -0.68599076312992613 0 -0.68599076312992613 0 0
41 0 54 0 41 54 13 12 1 1.418280333004784 0 1.418280333004784 0 1.418280333004784 0 0
41 0 55 0 41 55 14 13 1 -0.68782111261705625 0 -0.68782111261705625 0 -0.68782111261705625 0 0
41 0 56 0 41 56 15 14 1 1.4167274407073669 0 1.4167274407073669 0 1.4167274407073669 0 0
41 0 57 0 41 57 16 15 1 -0.68914919296560939 0 -0.68914919296560939 0 -0.68914919296560939 0 0
41 0 58 0 41 58 17 16 1 1.415584401425233 0 1.415584401425233 0 1.415584401425233 0 0
41 0 59 0 41 59 18 17 1 -0.6901377561362213 0 -0.6901377561362213 0 -0.6901377561362213 0 0
41 0 60 0 41 60 19 18 1 1.4147264780329518 0 1.4147264780329518 0 1.4147264780329518 0 0
41 0 61 0 41 61 20 19 1 -0.69088386103115262 0 -0.69088386103115262 0 -0.69088386103115262 0 0
41 0 62 0 41 62 21 20 1 1.4140771750058097 0 1.4140771750058097 0 1.4140771750058097 0 0
41 0 63 0 41 63 22 21 1 -0.69144844497275415 0 -0.69144844497275415 0 -0.69144844497275415 0 0
41 0 0 1 41 64 23 55 -1 0.20703724960773262 0 -0.20703724960773262 0 -0.20703724960773262 0 0
41 0 1 1 41 65 24 56 -1 0.20703724960773262 0 -0.20703724960773262 0 -0.20703724960773262 0 0
41 0 2 1 41 66 25 57 -1 0.20703724960773262 0 -0.20703724960773262 0 -0.20703724960773262 0 0
41 0 3 1 41 67 26 58 -1 0.20703724960773262 0 -0.20703724960773262 0 -0.20703724960773262 0 0
41 0 4 1 41 68 27 59 -1 0.20703724960773262 0 -0.20703724960773262 0 -0.20703724960773262 0 0
41 0 5 1 41 69 28 60 -1 0.20703724960773262 0 -0.20703724960773262 0 -0.20703724960773262 0 0
41 0 6 1 41 70 29 61 -1 0.20703724960773262 0 -0.20703724960773262 0 -0.20703724960773262 0 0
41 0 7 1 41 71 30 62 -1 0.20703724960773262 0 -0.20703724960773262 0 -0.20703724960773262 0 0
41 0 8 1 41 72 31 63 -1 0.20703724960773262 0 -0.20703724960773262 0 -0.20703724960773262 0 0
41 0 9 1 41 73 32 64 -1 0.20703724960773262 0 -0.20703724960773262 0 -0.20703724960773262 0 0
41 0 10 1 41 74 31 63 -1 0.20703724960773262 0 -0.20703724960773262 0 -0.20703724960773262 0 0
41 0 11 1 41 75 30 62 -1 0.20703724960773262 0 -0.20703724960773262 0 -0.20703724960773262 0 0
41 0 12 1 41 76 29 61 -1 0.20703724960773262 0 -0.20703724960773262 0 -0.20703724960773262 0 0
41 0 13 1 41 77 28 60 -1 0.20703724960773262 0 -0.20703724960773262 0 -0.20703724960773262 0 0
41 0 14 1 41 78 27 59 -1 0.20703724960773262 0 -0.20703724960773262 0 -0.20703724960773262 0 0
41 0 15 1 41 79 26 58 -1 0.20703724960773262 0 -0.20703724960773262 0 -0.20703724960773262 0 0
41 0 16 1 41 80 25 57 -1 0.20703724960773262 0 -0.20703724960773262 0 -0.20703724960773262 0 0
41 0 17 1 41 81 24 56 -1 0.20703724960773262 0 -0.20703724960773262 0 -0.20703724960773262 0 0
41 0 18 1 41 82 23 55 -1 0.20703724960773262 0 -0.20703724960773262 0 -0.20703724960773262 0 0
41 0 19 1 41 83 22 54 -1 0.20703724960773262 0 -0.20703724960773262 0 -0.20703724960773262 0 0
41 0 20 1 41 84 21 53 -1 0.20703724960773262 0 -0.20703724960773262 0 -0.20703724960773262 0 0
41 0 21 1 41 85 20 52 -1 0.20703724960773262 0 -0.20703724960773262 0 -0.20703724960773262 0 0
41 0 22 1 41 86 19 51 -1 0.20703724960773262 0 -0.20703724960773262 0 -0.20703724960773262 0 0
41 0 23 1 41 87 18 50 -1 0.20703724960773262 0 -0.20703724960773262 0 -0.20703724960773262 0 0
41 0 24 1 41 88 17 49 -1 0.20703724960773262 0 -0.20703724960773262 0 -0.20703724960773262 0 0
41 0 25 1 41 89 16 48 -1 0.20703724960773262 0 -0.20703724960773262 0 -0.20703724960773262 0 0
41 0 26 1 41 90 15 47 -1 0.20703724960773262 0 -0.20703724960773262 0 -0.20703724960773262 0 0
41 0 27 1 41 91 14 46 -1 0.20703724960773262 0 -0.20703724960773262 0 -0.20703724960773262 0 0
41 0 28 1 41 92 13 45 -1 0.20703724960773262 0 -0.20703724960773262 0 -0.20703724960773262 0 0
41 0 29 1 41 93 12 44 -1 0.20703724960773262 0 -0.20703724960773262 0 -0.20703724960773262 0 0
41 0 30 1 41 94 11 43 -1 0.20703724960773262 0 -0.20703724960773262 0 -0.20703724960773262 0 0
41 0 31 1 41 95 10 42 -1 0.20703724960773262 0 -0.20703724960773262 0 -0.20703724960773262 0 0
41 0 32 1 41 96 9 41 -1 0.20703724960773262 0 -0.20703724960773262 0 -0.20703724960773262 0 0
41 0 33 1 41 97 8 40 -1 0.20703724960773262 0 -0.20703724960773262 0 -0.20703724960773262 0 0
41 0 34 1 41 98 7 39 -1 0.20703724960773262 0 -0.20703724960773262 0 -0.20703724960773262 0 0
41 0 35 1 41 99 6 38 -1 0.20703724960773262 0 -0.20703724960773262 0 -0.20703724960773262 0 0
41 0 36 1 41 100 5 37 -1 0.20703724960773262 0 -0.20703724960773262 0 -0.20703724960773262 0 0
41 0 37 1 41 101 4 36 -1 0.20703724960773262 0 -0.20703724960773262 0 -0.20703724960773262 0 0
41 0 38 1 41 102 3 35 -1 0.20703724960773262 0 -0.20703724960773262 0 -0.20703724960773262 0 0
41 0 39 1 41 103 2 34 -1 0.20703724960773262 0 -0.20703724960773262 0 -0.20703724960773262 0 0
41 0 40 1 41 104 1 33 -1 0.20703724960773262 0 -0.20703724960773262 0 -0.20703724960773262 0 0
41 0 41 1 41 105 0 32 1 0 0 0 0 0 0 0
41 0 42 1 41 106 1 33 1 0.20703724960773262 0 0.20703724960773262 0 0.20703724960773262 0 0
41 0 43 1 41 107 2 34 1 0.20703724960773262 0 0.20703724960773262 0 0.20703724960773262 0 0
41 0 44 1 41 108 3 35 1 0.20703724960773262 0 0.20703724960773262 0 0.20703724960773262 0 0
41 0 45 1 41 109 4 36 1 0.20703724960773262 0 0.20703724960773262 0 0.20703724960773262 0 0
41 0 46 1 41 110 5 37 1 0.20703724960773262 0 0.20703724960773262 0 0.20703724960773262 0 0
41 0 47 1 41 111 6 38 1 0.20703724960773262 0 0.20703724960773262 0 0.20703724960773262 0 0
41 0 48 1 41 112 7 39 1 0.20703724960773262 0 0.20703724960773262 0 0.20703724960773262 0 0
41 0 49 1 41 113 8 40 1 0.20703724960773262 0 0.20703724960773262 0 0.20703724960773262 0 0
41 0 50 1 41 114 9 41 1 0.20703724960773262 0 0.20703724960773262 0 0.20703724960773262 0 0
41 0 51 1 41 115 10 42 1 0.20703724960773262 0 0.20703724960773262 0 0.20703724960773262 0 0
41 0 52 1 41 116 11 43 1 0.20703724960773262 0 0.20703724960773262 0 0.20703724960773262 0 0
41 0 53 1 41 117 12 44 1 0.20703724960773262 0 0.20703724960773262 0 0.20703724960773262 0 0
41 0 54 1 41 118 13 45 1 0.20703724960773262 0 0.20703724960773262 0 0.20703724960773262 0 0
41 0 55 1 41 119 14 46 1 0.20703724960773262 0 0.20703724960773262 0 0.20703724960773262 0 0
41 0 56 1 41 120 15 47 1 0.20703724960773262 0 0.20703724960773262 0 0.20703724960773262 0 0
41 0 57 1 41 121 16 48 1 0.20703724960773262 0 0.20703724960773262 0 0.20703724960773262 0 0
41 0 58 1 41 122 17 49 1 0.20703724960773262 0 0.20703724960773262 0 0.20703724960773262 0 0
41 0 59 1 41 123 18 50 1 0.20703724960773262 0 0.20703724960773262 0 0.20703724960773262 0 0
41 0 60 1 41 124 19 51 1 0.20703724960773262 0 0.20703724960773262 0 0.20703724960773262 0 0
41 0 61 1 41 125 20 52 1 0.20703724960773262 0 0.20703724960773262 0 0.20703724960773262 0 0
41 0 62 1 41 126 21 53 1 0.20703724960773262 0 0.20703724960773262 0 0.20703724960773262 0 0
41 0 63 1 41 127 22 54 1 0.20703724960773262 0 0.20703724960773262 0 0.20703724960773262 0 0
42 0 43 0 42 43 1 0 1 1.5483719497275521 0 1.5483719497275521 0 1.5483719497275521 0 0
42 0 44 0 42 44 2 1 1 -0.62106902470630421 0 -0.62106902470630421 0 -0.62106902470630421 0 0
42 0 45 0 42 45 3 2 1 1.4591568302030655 0 1.4591568302030655 0 1.4591568302030655 0 0
42 0 46 0 42 46 4 3 1 -0.65922634871850916 0 -0.65922634871850916 0 -0.65922634871850916 0 0
42 0 47 0 42 47 5 4 1 1.4380193841453996 0 1.4380193841453996 0 1.4380193841453996 0 0
42 0 48 0 42 48 6 5 1 -0.67262681213945552 0 -0.67262681213945552 0 -0.67262681213945552 0 0
42 0 49 0 42 49 7 6 1 1.4287857099143846 0 1.4287857099143846 0 1.4287857099143846 0 0
42 0 50 0 42 50 8 7 1 -0.67935965176948165 0 -0.67935965176948165 0 -0.67935965176948165 0 0
42 0 51 0 42 51 9 8 1 1.423671853971749 0 1.423671853971749 0 1.423671853971749 0 0
42 0 52 0 42 52 10 9 1 -0.68336495168385192 0 -0.68336495168385192 0 -0.68336495168385192 0 0
42 0 53 0 42 53 11 10 1 1.4204592435907357 0 1.4204592435907357 0 1.4204592435907357 0 0
42 0 54 0 42 54 12 11 1 -0.68599076312992613 0 -0.68599076312992613 0 -0.68599076312992613 0 0
42 0 55 0 42 55 13 12 1 1.418280333004784 0 1.418280333004784 0 1.418280333004784 0 0
42 0 56 0 42 56 14 13 1 -0.68782111261705625 0 -0.68782111261705625 0 -0.68782111261705625 0 0
42 0 57 0 42 57 15 14 1 1.4167274407073669 0 1.4167274407073669 0 1.4167274407073669 0 0
42 0 58 0 42 58 16 15 1 -0.68914919296560939 0 -0.68914919296560939 0 -0.68914919296560939 0 0
42 0 59 0 42 59 17 16 1 1.415584401425233 0 1.415584401425233 0 1.415584401425233 0 0
42 0 60 0 42 60 18 17 1 -0.6901377561362213 0 -0.6901377561362213 0 -0.6901377561362213 0 0
42 0 61 0 42 61 19 18 1 1.4147264780329518 0 1.4147264780329518 0 1.4147264780329518 0 0
42 0 62 0 42 62 20 19 1 -0.69088386103115262 0 -0.69088386103115262 0 -0.69088386103115262 0 0
42 0 63 0 42 63 21 20 1 1.4140771750058097 0 1.4140771750058097 0 1.4140771750058097 0 0
42 0 0 1 42 64 22 54 -1 0.20703724960773262 0 -0.20703724960773262 0 -0.20703724960773262 0 0
42 0 1 1 42 65 23 55 -1 0.20703724960773262 0 -0.20703724960773262 0 -0.20703724960773262 0 0
42 0 2 1 42 66 24 56 -1 0.20703724960773262 0 -0.20703724960773262 0 -0.20703724960773262 0 0
42 0 3 1 42 67 25 57 -1 0.20703724960773262 0 -0.20703724960773262 0 -0.20703724960773262 0 0
42 0 4 1 42 68 26 58 -1 0.20703724960773262 0 -0.20703724960773262 0 -0.20703724960773262 0 0
42 0 5 1 42 69 27 59 -1 0.20703724960773262 0 -0.20703724960773262 0 -0.20703724960773262 0 0
42 0 6 1 42 70 28 60 -1 0.20703724960773262 0 -0.20703724960773262 0 -0.20703724960773262 0 0
42 0 7 1 42 71 29 61 -1 0.20703724960773262 0 -0.20703724960773262 0 -0.20703724960773262 0 0
42 0 8 1 42 72 30 62 -1 0.20703724960773262 0 -0.20703724960773262 0 -0.20703724960773262 0 0
42 0 9 1 42 73 31 63 -1 0.20703724960773262 0 -0.20703724960773262 0 -0.20703724960773262 0 0
42 0 10 1 42 74 32 64 -1 0.20703724960773262 0 -0.20703724960773262 0 -0.20703724960773262 0 0
42 0 11 1 42 75 31 63 -1 0.20703724960773262 0 -0.20703724960773262 0 -0.20703724960773262 0 0
42 0 12 1 42 76 30 62 -1 0.20703724960773262 0 -0.20703724960773262 0 -0.20703724960773262 0 0
42 0 13 1 42 77 29 61 -1 0.20703724960773262 0 -0.20703724960773262 0 -0.20703724960773262 0 0
42 0 14 1 42 78 28 60 -1 0.20703724960773262 0 -0.20703724960773262 0 -0.20703724960773262 0 0
42 0 15 1 42 79 27 59 -1 0.20703724960773262 0 -0.20703724960773262 0 -0.20703724960773262 0 0
42 0 16 1 42 80 26 58 -1 0.20703724960773262 0 -0.20703724960773262 0 -0.20703724960773262 0 0
42 0 17 1 42 81 25 57 -1 0.20703724960773262 0 -0.20703724960773262 0 -0.20703724960773262 0 0
42 0 18 1 42 82 24 56 -1 0.20703724960773262 0 -0.20703724960773262 0 -0.20703724960773262 0 0
42 0 19 1 42 83 23 55 -1 0.20703724960773262 0 -0.20703724960773262 0 -0.20703724960773262 0 0
42 0 20 1 42 84 22 54 -1 0.20703724960773262 0 -0.20703724960773262 0 -0.20703724960773262 0 0
42 0 21 1 42 85 21 53 -1 0.20703724960773262 0 -0.20703724960773262 0 -0.20703724960773262 0 0
42 0 22 1 42 86 20 52 -1 0.20703724960773262 0 -0.20703724960773262 0 -0.20703724960773262 0 0
42 0 23 1 42 87 19 51 -1 0.20703724960773262 0 -0.20703724960773262 0 -0.20703724960773262 0 0
42 0 24 1 42 88 18 50 -1 0.20703724960773262 0 -0.20703724960773262 0 -0.20703724960773262 0 0
42 0 25 1 42 89 17 49 -1 0.20703724960773262 0 -0.20703724960773262 0 -0.20703724960773262 0 0
42 0 26 1 42 90 16 48 -1 0.20703724960773262 0 -0.20703724960773262 0 -0.20703724960773262 0 0
42 0 27 1 42 91 15 47 -1 0.20703724960773262 0 -0.20703724960773262 0 -0.20703724960773262 0 0
42 0 28 1 42 92 14 46 -1 0.20703724960773262 0 -0.20703724960773262 0 -0.20703724960773262 0 0
42 0 29 1 42 93 13 45 -1 0.20703724960773262 0 -0.20703724960773262 0 -0.20703724960773262 0 0
42 0 30 1 42 94 12 44 -1 0.20703724960773262 0 -0.20703724960773262 0 -0.20703724960773262 0 0
42 0 31 1 42 95 11 43 -1 0.20703724960773262 0 -0.20703724960773262 0 -0.20703724960773262 0 0
42 0 32 1 42 96 10 42 -1 0.20703724960773262 0 -0.20703724960773262 0 -0.20703724960773262 0 0
42 0 33 1 42 97 9 41 -1 0.20703724960773262 0 -0.20703724960773262 0 -0.20703724960773262 0 0
42 0 34 1 42 98 8 40 -1 0.20703724960773262 0 -0.20703724960773262 0 -0.20703724960773262 0 0
42 0 35 1 42 99 7 39 -1 0.20703724960773262 0 -0.20703724960773262 0 -0.20703724960773262 0 0
42 0 36 1 42 100 6 38 -1 0.20703724960773262 0 -0.20703724960773262 0 -0.20703724960773262 0 0
42 0 37 1 42 101 5 37 -1 0.20703724960773262 0 -0.20703724960773262 0 -0.20703724960773262 0 0
42 0 38 1 42 102 4 36 -1 0.20703724960773262 0 -0.20703724960773262 0 -0.20703724960773262 0 0
42 0 39 1 42 103 3 35 -1 0.20703724960773262 0 -0.20703724960773262 0 -0.20703724960773262 0 0
42 0 40 1 42 104 2 34 -1 0.20703724960773262 0 -0.20703724960773262 0 -0.20703724960773262 0 0
42 0 41 1 42 105 1 33 -1 0.20703724960773262 0 -0.20703724960773262 0 -0.20703724960773262 0 0
42 0 42 1 42 106 0 32 1 0 0 0 0 0 0 0
42 0 43 1 42 107 1 33 1 0.20703724960773262 0 0.20703724960773262 0 0.20703724960773262 0 0
42 0 44 1 42 108 2 34 1 0.20703724960773262 0 0.20703724960773262 0 0.20703724960773262 0 0
42 0 45 1 42 109 3 35 1 0.20703724960773262 0 0.20703724960773262 0 0.20703724960773262 0 0
42 0 46 1 42 110 4 36 1 0.20703724960773262 0 0.20703724960773262 0 0.20703724960773262 0 0
42 0 47 1 42 111 5 37 1 0.20703724960773262 0 0.20703724960773262 0 0.20703724960773262 0 0
42 0 48 1 42 112 6 38 1 0.20703724960773262 0 0.20703724960773262 0 0.20703724960773262 0 0
42 0 49 1 42 113 7 39 1 0.20703724960773262 0 0.20703724960773262 0 0.20703724960773262 0 0
42 0 50 1 42 114 8 40 1 0.20703724960773262 0 0.20703724960773262 0 0.20703724960773262 0 0
42 0 51 1 42 115 9 41 1 0.20703724960773262 0 0.20703724960773262 0 0.20703724960773262 0 0
42 0 52 1 42 116 10 42 1 0.20703724960773262 0 0.20703724960773262 0 0.20703724960773262 0 0
42 0 53 1 42 117 11 43 1 0.20703724960773262 0 0.20703724960773262 0 0.20703724960773262 0 0
42 0 54 1 42 118 12 44 1 0.20703724960773262 0 0.20703724960773262 0 0.20703724960773262 0 0
42 0 55 1 42 119 13 45 1 0.20703724960773262 0 0.20703724960773262 0 0.20703724960773262 0 0
42 0 56 1 42 120 14 46 1 0.20703724960773262 0 0.20703724960773262 0 0.20703724960773262 0 0
42 0 57 1 42 121 15 47 1 0.20703724960773262 0 0.20703724960773262 0 0.20703724960773262 0 0
42 0 58 1 42 122 16 48 1 0.20703724960773262 0 0.20703724960773262 0 0.20703724960773262 0 0
42 0 59 1 42 123 17 49 1 0.20703724960773262 0 0.20703724960773262 0 0.20703724960773262 0 0
42 0 60 1 42 124 18 50 1 0.20703724960773262 0 0.20703724960773262 0 0.20703724960773262 0 0
42 0 61 1 42 125 19 51 1 0.20703724960773262 0 0.20703724960773262 0 0.20703724960773262 0 0
42 0 62 1 42 126 20 52 1 0.20703724960773262 0 0.20703724960773262 0 0.20703724960773262 0 0
42 0 63 1 42 127 21 53 1 0.20703724960773262 0 0.20703724960773262 0 0.20703724960773262 0 0
43 0 44 0 43 44 1 0 1 1.5483719497275521 0 1.5483719497275521 0 1.5483719497275521 0 0
43 0 45 0 43 45 2 1 1 -0.62106902470630421 0 -0.62106902470630421 0 -0.62106902470630421 0 0
43 0 46 0 43 46 3 2 1 1.4591568302030655 0 1.4591568302030655 0 1.4591568302030655 0 0
43 0 47 0 43 47 4 3 1 -0.65922634871850916 0 -0.65922634871850916 0 -0.65922634871850916 0 0
43 0 48 0 43 48 5 4 1 1.4380193841453996 0 1.4380193841453996 0 1.4380193841453996 0 0
43 0 49 0 43 49 6 5 1 -0.67262681213945552 0 -0.67262681213945552 0 -0.67262681213945552 0 0
43 0 50 0 43 50 7 6 1 1.4287857099143846 0 1.4287857099143846 0 1.4287857099143846 0 0
43 0 51 0 43 51 8 7 1 -0.67935965176948165 0 -0.67935965176948165 0 -0.67935965176948165 0 0
43 0 52 0 43 52 9 8 1 1.423671853971749 0 1.423671853971749 0 1.423671853971749 0 0
43 0 53 0 43 53 10 9 1 -0.68336495168385192 0 -0.68336495168385192 0 -0.68336495168385192 0 0
43 0 54 0 43 54 11 10 1 1.4204592435907357 0 1.4204592435907357 0 1.4204592435907357 0 0
43 0 55 0 43 55 12 11 1 -0.68599076312992613 0 -0.68599076312992613 0 -0.68599076312992613 0 0
43 0 56 0 43 56 13 12 1 1.418280333004784 0 1.418280333004784 0 1.418280333004784 0 0
43 0 57 0 43 57 14 13 1 -0.68782111261705625 0 -0.68782111261705625 0 -0.68782111261705625 0 0
43 0 58 0 43 58 15 14 1 1.4167274407073669 0 1.4167274407073669 0 1.4167274407073669 0 0
43 0 59 0 43 59 16 15 1 -0.68914919296560939 0 -0.68914919296560939 0 -0.68914919296560939 0 0
43 0 60 0 43 60 17 16 1 1.415584401425233 0 1.415584401425233 0 1.415584401425233 0 0
43 0 61 0 43 61 18 17 1 -0.6901377561362213 0 -0.6901377561362213 0 -0.6901377561362213 0 0
43 0 62 0 43 62 19 18 1 1.4147264780329518 0 1.4147264780329518 0 1.4147264780329518 0 0
43 0 63 0 43 63 20 19 1 -0.69088386103115262 0 -0.69088386103115262 0 -0.69088386103115262 0 0
43 0 0 1 43 64 21 53 -1 0.20703724960773262 0 -0.20703724960773262 0 -0.20703724960773262 0 0
43 0 1 1 43 65 22 54 -1 0.20703724960773262 0 -0.20703724960773262 0 -0.20703724960773262 0 0
43 0 2 1 43 66 23 55 -1 0.20703724960773262 0 -0.20703724960773262 0 -0.20703724960773262 0 0
43 0 3 1 43 67 24 56 -1 0.20703724960773262 0 -0.20703724960773262 0 -0.20703724960773262 0 0
43 0 4 1 43 68 25 57 -1 0.20703724960773262 0 -0.20703724960773262 0 -0.20703724960773262 0 0
43 0 5 1 43 69 26 58 -1 0.20703724960773262 0 -0.20703724960773262 0 -0.20703724960773262 0 0
43 0 6 1 43 70 27 59 -1 0.20703724960773262 0 -0.20703724960773262 0 -0.20703724960773262 0 0
43 0 7 1 43 71 28 60 -1 0.20703724960773262 0 -0.20703724960773262 0 -0.20703724960773262 0 0
43 0 8 1 43 72 29 61 -1 0.20703724960773262 0 -0.20703724960773262 0 -0.20703724960773262 0 0
43 0 9 1 43 73 30 62 -1 0.20703724960773262 0 -0.20703724960773262 0 -0.20703724960773262 0 0
43 0 10 1 43 74 31 63 -1 0.20703724960773262 0 -0.20703724960773262 0 -0.20703724960773262 0 0
43 0 11 1 43 75 32 64 -1 0.20703724960773262 0 -0.20703724960773262 0 -0.20703724960773262 0 0
43 0 12 1 43 76 31 63 -1 0.20703724960773262 0 -0.20703724960773262 0 -0.20703724960773262 0 0
43 0 13 1 43 77 30 62 -1 0.20703724960773262 0 -0.20703724960773262 0 -0.20703724960773262 0 0
43 0 14 1 43 78 29 61 -1 0.20703724960773262 0 -0.20703724960773262 0 -0.20703724960773262 0 0
43 0 15 1 43 79 28 60 -1 0.20703724960773262 0 -0.20703724960773262 0 -0.20703724960773262 0 0
43 0 16 1 43 80 27 59 -1 0.20703724960773262 0 -0.20703724960773262 0 -0.20703724960773262 0 0
43 0 17 1 43 81 26 58 -1 0.20703724960773262 0 -0.20703724960773262 0 -0.20703724960773262 0 0
43 0 18 1 43 82 25 57 -1 0.20703724960773262 0 -0.20703724960773262 0 -0.20703724960773262 0 0
43 0 19 1 43 83 24 56 -1 0.20703724960773262 0 -0.20703724960773262 0 -0.20703724960773262 0 0
43 0 20 1 43 84 23 55 -1 0.20703724960773262 0 -0.20703724960773262 0 -0.20703724960773262 0 0
43 0 21 1 43 85 22 54 -1 0.20703724960773262 0 -0.20703724960773262 0 -0.20703724960773262 0 0
43 0 22 1 43 86 21 53 -1 0.20703724960773262 0 -0.20703724960773262 0 -0.20703724960773262 0 0
43 0 23 1 43 87 20 52 -1 0.20703724960773262 0 -0.20703724960773262 0 -0.20703724960773262 0 0
43 0 24 1 43 88 19 51 -1 0.20703724960773262 0 -0.20703724960773262 0 -0.20703724960773262 0 0
43 0 25 1 43 89 18 50 -1 0.20703724960773262 0 -0.20703724960773262 0 -0.20703724960773262 0 0
43 0 26 1 43 90 17 49 -1 0.20703724960773262 0 -0.20703724960773262 0 -0.20703724960773262 0 0
43 0 27 1 43 91 16 48 -1 0.20703724960773262 0 -0.20703724960773262 0 -0.20703724960773262 0 0
43 0 28 1 43 92 15 47 -1 0.20703724960773262 0 -0.20703724960773262 0 -0.20703724960773262 0 0
43 0 29 1 43 93 14 46 -1 0.20703724960773262 0 -0.20703724960773262 0 -0.20703724960773262 0 0
43 0 30 1 43 94 13 45 -1 0.20703724960773262 0 -0.20703724960773262 0 -0.20703724960773262 0 0
43 0 31 1 43 95 12 44 -1 0.20703724960773262 0 -0.20703724960773262 0 -0.20703724960773262 0 0
43 0 32 1 43 96 11 43 -1 0.20703724960773262 0 -0.20703724960773262 0 -0.20703724960773262 0 0
43 0 33 1 43 97 10 42 -1 0.20703724960773262 0 -0.20703724960773262 0 -0.20703724960773262 0 0
43 0 34 1 43 98 9 41 -1 0.20703724960773262 0 -0.20703724960773262 0 -0.20703724960773262 0 0
43 0 35 1 43 99 8 40 -1 0.20703724960773262 0 -0.20703724960773262 0 -0.20703724960773262 0 0
43 0 36 1 43 100 7 39 -1 0.20703724960773262 0 -0.20703724960773262 0 -0.20703724960773262 0 0
43 0 37 1 43 101 6 38 -1 0.20703724960773262 0 -0.20703724960773262 0 -0.20703724960773262 0 0
43 0 38 1 43 102 5 37 -1 0.20703724960773262 0 -0.20703724960773262 0 -0.20703724960773262 0 0
43 0 39 1 43 103 4 36 -1 0.20703724960773262 0 -0.20703724960773262 0 -0.20703724960773262 0 0
43 0 40 1 43 104 3 35 -1 0.20703724960773262 0 -0.20703724960773262 0 -0.20703724960773262 0 0
43 0 41 1 43 105 2 34 -1 0.20703724960773262 0 -0.20703724960773262 0 -0.20703724960773262 0 0
43 0 42 1 43 106 1 33 -1 0.20703724960773262 0 -0.20703724960773262 0 -0.20703724960773262 0 0
43 0 43 1 43 107 0 32 1 0 0 0 0 0 0 0
43 0 44 1 43 108 1 33 1 0.20703724960773262 0 0.20703724960773262 0 0.20703724960773262 0 0
43 0 45 1 43 109 2 34 1 0.20703724960773262 0 0.20703724960773262 0 0.20703724960773262 0 0
43 0 46 1 43 110 3 35 1 0.20703724960773262 0 0.20703724960773262 0 0.20703724960773262 0 0
43 0 47 1 43 111 4 36 1 0.20703724960773262 0 0.20703724960773262 0 0.20703724960773262 0 0
43 0 48 1 43 112 5 37 1 0.20703724960773262 0 0.20703724960773262 0 0.20703724960773262 0 0
43 0 49 1 43 113 6 38 1 0.20703724960773262 0 0.20703724960773262 0 0.20703724960773262 0 0
43 0 50 1 43 114 7 39 1 0.20703724960773262 0 0.20703724960773262 0 0.20703724960773262 0 0
43 0 51 1 43 115 8 40 1 0.20703724960773262 0 0.20703724960773262 0 0.20703724960773262 0 0
43 0 52 1 43 116 9 41 1 0.20703724960773262 0 0.20703724960773262 0 0.20703724960773262 0 0
43 0 53 1 43 117 10 42 1 0.20703724960773262 0 0.20703724960773262 0 0.20703724960773262 0 0
43 0 54 1 43 118 11 43 1 0.20703724960773262 0 0.20703724960773262 0 0.20703724960773262 0 0
43 0 55 1 43 119 12 44 1 0.20703724960773262 0 0.20703724960773262 0 0.20703724960773262 0 0
43 0 56 1 43 120 13 45 1 0.20703724960773262 0 0.20703724960773262 0 0.20703724960773262 0 0
43 0 57 1 43 121 14 46 1 0.20703724960773262 0 0.20703724960773262 0 0.20703724960773262 0 0
43 0 58 1 43 122 15 47 1 0.20703724960773262 0 0.20703724960773262 0 0.20703724960773262 0 0
43 0 59 1 43 123 16 48 1 0.20703724960773262 0 0.20703724960773262 0 0.20703724960773262 0 0
43 0 60 1 43 124 17 49 1 0.20703724960773262 0 0.20703724960773262 0 0.20703724960773262 0 0
43 0 61 1 43 125 18 50 1 0.20703724960773262 0 0.20703724960773262 0 0.20703724960773262 0 0
43 0 62 1 43 126 19 51 1 0.20703724960773262 0 0.20703724960773262 0 0.20703724960773262 0 0
43 0 63 1 43 127 20 52 1 0.20703724960773262 0 0.20703724960773262 0 0.20703724960773262 0 0
44 0 45 0 44 45 1 0 1 1.5483719497275521 0 1.5483719497275521 0 1.5483719497275521 0 0
44 0 46 0 44 46 2 1 1 -0.62106902470630421 0 -0.62106902470630421 0 -0.62106902470630421 0 0
44 0 47 0 44 47 3 2 1 1.4591568302030655 0 1.4591568302030655 0 1.4591568302030655 0 0
44 0 48 0 44 48 4 3 1 -0.65922634871850916 0 -0.65922634871850916 0 -0.65922634871850916 0 0
44 0 49 0 44 49 5 4 1 1.4380193841453996 0 1.4380193841453996 0 1.4380193841453996 0 0
44 0 50 0 44 50 6 5 1 -0.67262681213945552 0 -0.67262681213945552 0 -0.67262681213945552 0 0
44 0 51 0 44 51 7 6 1 1.4287857099143846 0 1.4287857099143846 0 1.4287857099143846 0 0
44 0 52 0 44 52 8 7 1 -0.67935965176948165 0 -0.67935965176948165 0 -0.67935965176948165 0 0
44 0 53 0 44 53 9 8 1 1.423671853971749 0 1.423671853971749 0 1.423671853971749 0 0
44 0 54 0 44 54 10 9 1 -0.68336495168385192 0 -0.68336495168385192 0 -0.68336495168385192 0 0
44 0 55 0 44 55 11 10 1 1.4204592435907357 0 1.4204592435907357 0 1.4204592435907357 0 0
44 0 56 0 44 56 12 11 1 -0.68599076312992613 0 -0.68599076312992613 0 -0.68599076312992613 0 0
44 0 57 0 44 57 13 12 1 1.418280333004784 0 1.418280333004784 0 1.418280333004784 0 0
44 0 58 0 44 58 14 13 1 -0.68782111261705625 0 -0.68782111261705625 0 -0.68782111261705625 0 0
44 0 59 0 44 59 15 14 1 1.4167274407073669 0 1.4167274407073669 0 1.4167274407073669 0 0
44 0 60 0 44 60 16 15 1 -0.68914919296560939 0 -0.68914919296560939 0 -0.68914919296560939 0 0
44 0 61 0 44 61 17 16 1 1.415584401425233 0 1.415584401425233 0 1.415584401425233 0 0
44 0 62 0 44 62 18 17 1 -0.6901377561362213 0 -0.6901377561362213 0 -0.6901377561362213 0 0
44 0 63 0 44 63 19 18 1 1.4147264780329518 0 1.4147264780329518 0 1.4147264780329518 0 0
44 0 0 1 44 64 20 52 -1 0.20703724960773262 0 -0.20703724960773262 0 -0.20703724960773262 0 0
44 0 1 1 44 65 21 53 -1 0.20703724960773262 0 -0.20703724960773262 0 -0.20703724960773262 0 0
44 0 2 1 44 66 22 54 -1 0.20703724960773262 0 -0.20703724960773262 0 -0.20703724960773262 0 0
44 0 3 1 44 67 23 55 -1 0.20703724960773262 0 -0.20703724960773262 0 -0.20703724960773262 0 0
44 0 4 1 44 68 24 56 -1 0.20703724960773262 0 -0.20703724960773262 0 -0.20703724960773262 0 0
44 0 5 1 44 69 25 57 -1 0.20703724960773262 0 -0.20703724960773262 0 -0.20703724960773262 0 0
44 0 6 1 44 70 26 58 -1 0.20703724960773262 0 -0.20703724960773262 0 -0.20703724960773262 0 0
44 0 7 1 44 71 27 59 -1 0.20703724960773262 0 -0.20703724960773262 0 -0.20703724960773262 0 0
44 0 8 1 44 72 28 60 -1 0.20703724960773262 0 -0.20703724960773262 0 -0.20703724960773262 0 0
44 0 9 1 44 73 29 61 -1 0.20703724960773262 0 -0.20703724960773262 0 -0.20703724960773262 0 0
44 0 10 1 44 74 30 62 -1 0.20703724960773262 0 -0.20703724960773262 0 -0.20703724960773262 0 0
44 0 11 1 44 75 31 63 -1 0.20703724960773262 0 -0.20703724960773262 0 -0.20703724960773262 0 0
44 0 12 1 44 76 32 64 -1 0.20703724960773262 0 -0.20703724960773262 0 -0.20703724960773262 0 0
44 0 13 1 44 77 31 63 -1 0.20703724960773262 0 -0.20703724960773262 0 -0.20703724960773262 0 0
44 0 14 1 44 78 30 62 -1 0.20703724960773262 0 -0.20703724960773262 0 -0.20703724960773262 0 0
44 0 15 1 44 79 29 61 -1 0.20703724960773262 0 -0.20703724960773262 0 -0.20703724960773262 0 0
44 0 16 1 44 80 28 60 -1 0.20703724960773262 0 -0.20703724960773262 0 -0.20703724960773262 0 0
44 0 17 1 44 81 27 59 -1 0.20703724960773262 0 -0.20703724960773262 0 -0.20703724960773262 0 0
44 0 18 1 44 82 26 58 -1 0.20703724960773262 0 -0.20703724960773262 0 -0.20703724960773262 0 0
44 0 19 1 44 83 25 57 -1 0.20703724960773262 0 -0.20703724960773262 0 -0.20703724960773262 0 0
44 0 20 1 44 84 24 56 -1 0.20703724960773262 0 -0.20703724960773262 0 -0.20703724960773262 0 0
44 0 21 1 44 85 23 55 -1 0.20703724960773262 0 -0.20703724960773262 0 -0.20703724960773262 0 0
44 0 22 1 44 86 22 54 -1 0.20703724960773262 0 -0.20703724960773262 0 -0.20703724960773262 0 0
44 0 23 1 44 87 21 53 -1 0.20703724960773262 0 -0.20703724960773262 0 -0.20703724960773262 0 0
44 0 24 1 44 88 20 52 -1 0.20703724960773262 0 -0.20703724960773262 0 -0.20703724960773262 0 0
44 0 25 1 44 89 19 51 -1 0.20703724960773262 0 -0.20703724960773262 0 -0.20703724960773262 0 0
44 0 26 1 44 90 18 50 -1 0.20703724960773262 0 -0.20703724960773262 0 -0.20703724960773262 0 0
44 0 27 1 44 91 17 49 -1 0.20703724960773262 0 -0.20703724960773262 0 -0.20703724960773262 0 0
44 0 28 1 44 92 16 48 -1 0.20703724960773262 0 -0.20703724960773262 0 -0.20703724960773262 0 0
44 0 29 1 44 93 15 47 -1 0.20703724960773262 0 -0.20703724960773262 0 -0.20703724960773262 0 0
44 0 30 1 44 94 14 46 -1 0.20703724960773262 0 -0.20703724960773262 0 -0.20703724960773262 0 0
44 0 31 1 44 95 13 45 -1 0.20703724960773262 0 -0.20703724960773262 0 -0.20703724960773262 0 0
44 0 32 1 44 96 12 44 -1 0.20703724960773262 0 -0.20703724960773262 0 -0.20703724960773262 0 0
44 0 33 1 44 97 11 43 -1 0.20703724960773262 0 -0.20703724960773262 0 -0.20703724960773262 0 0
44 0 34 1 44 98 10 42 -1 0.20703724960773262 0 -0.20703724960773262 0 -0.20703724960773262 0 0
44 0 35 1 44 99 9 41 -1 0.20703724960773262 0 -0.20703724960773262 0 -0.20703724960773262 0 0
44 0 36 1 44 100 8 40 -1 0.20703724960773262 0 -0.20703724960773262 0 -0.20703724960773262 0 0
44 0 37 1 44 101 7 39 -1 0.20703724960773262 0 -0.20703724960773262 0 -0.20703724960773262 0 0
44 0 38 1 44 102 6 38 -1 0.20703724960773262 0 -0.20703724960773262 0 -0.20703724960773262 0 0
44 0 39 1 44 103 5 37 -1 0.20703724960773262 0 -0.20703724960773262 0 -0.20703724960773262 0 0
44 0 40 1 44 104 4 36 -1 0.20703724960773262 0 -0.20703724960773262 0 -0.20703724960773262 0 0
44 0 41 1 44 105 3 35 -1 0.20703724960773262 0 -0.20703724960773262 0 -0.20703724960773262 0 0
44 0 42 1 44 106 2 34 -1 0.20703724960773262 0 -0.20703724960773262 0 -0.20703724960773262 0 0
44 0 43 1 44 107 1 33 -1 0.20703724960773262 0 -0.20703724960773262 0 -0.20703724960773262 0 0
44 0 44 1 44 108 0 32 1 0 0 0 0 0 0 0
44 0 45 1 44 109 1 33 1 0.20703724960773262 0 0.20703724960773262 0 0.20703724960773262 0 0
44 0 46 1 44 110 2 34 1 0.20703724960773262 0 0.20703724960773262 0 0.20703724960773262 0 0
44 0 47 1 44 111 3 35 1 0.20703724960773262 0 0.20703724960773262 0 0.20703724960773262 0 0
44 0 48 1 44 112 4 36 1 0.20703724960773262 0 0.20703724960773262 0 0.20703724960773262 0 0
44 0 49 1 44 113 5 37 1 0.20703724960773262 0 0.20703724960773262 0 0.20703724960773262 0 0
44 0 50 1 44 114 6 38 1 0.20703724960773262 0 0.20703724960773262 0 0.20703724960773262 0 0
44 0 51 1 44 115 7 39 1 0.20703724960773262 0 0.20703724960773262 0 0.20703724960773262 0 0
44 0 52 1 44 116 8 40 1 0.20703724960773262 0 0.20703724960773262 0 0.20703724960773262 0 0
44 0 53 1 44 117 9 41 1 0.20703724960773262 0 0.20703724960773262 0 0.20703724960773262 0 0
44 0 54 1 44 118 10 42 1 0.20703724960773262 0 0.20703724960773262 0 0.20703724960773262 0 0
44 0 55 1 44 119 11 43 1 0.20703724960773262 0 0.20703724960773262 0 0.20703724960773262 0 0
44 0 56 1 44 120 12 44 1 0.20703724960773262 0 0.20703724960773262 0 0.20703724960773262 0 0
44 0 57 1 44 121 13 45 1 0.20703724960773262 0 0.20703724960773262 0 0.20703724960773262 0 0
44 0 58 1 44 122 14 46 1 0.20703724960773262 0 0.20703724960773262 0 0.20703724960773262 0 0
44 0 59 1 44 123 15 47 1 0.20703724960773262 0 0.20703724960773262 0 0.20703724960773262 0 0
44 0 60 1 44 124 16 48 1 0.20703724960773262 0 0.20703724960773262 0 0.20703724960773262 0 0
44 0 61 1 44 125 17 49 1 0.20703724960773262 0 0.20703724960773262 0 0.20703724960773262 0 0
44 0 62 1 44 126 18 50 1 0.20703724960773262 0 0.20703724960773262 0 0.20703724960773262 0 0
44 0 63 1 44 127 19 51 1 0.20703724960773262 0 0.20703724960773262 0 0.20703724960773262 0 0
45 0 46 0 45 46 1 0 1 1.5483719497275521 0 1.5483719497275521 0 1.5483719497275521 0 0
45 0 47 0 45 47 2 1 1 -0.62106902470630421 0 -0.62106902470630421 0 -0.62106902470630421 0 0
45 0 48 0 45 48 3 2 1 1.4591568302030655 0 1.4591568302030655 0 1.4591568302030655 0 0
45 0 49 0 45 49 4 3 1 -0.65922634871850916 0 -0.65922634871850916 0 -0.65922634871850916 0 0
45 0 50 0 45 50 5 4 1 1.4380193841453996 0 1.4380193841453996 0 1.4380193841453996 0 0
45 0 51 0 45 51 6 5 1 -0.67262681213945552 0 -0.67262681213945552 0 -0.67262681213945552 0 0
45 0 52 0 45 52 7 6 1 1.4287857099143846 0 1.4287857099143846 0 1.4287857099143846 0 0
45 0 53 0 45 53 8 7 1 -0.67935965176948165 0 -0.67935965176948165 0 -0.67935965176948165 0 0
45 0 54 0 45 54 9 8 1 1.423671853971749 0 1.423671853971749 0 1.423671853971749 0 0
45 0 55 0 45 55 10 9 1 -0.68336495168385192 0 -0.68336495168385192 0 -0.68336495168385192 0 0
45 0 56 0 45 56 11 10 1 1.4204592435907357 0 1.4204592435907357 0 1.4204592435907357 0 0
45 0 57 0 45 57 12 11 1 -0.68599076312992613 0 -0.68599076312992613 0 -0.68599076312992613 0 0
45 0 58 0 45 58 13 12 1 1.418280333004784 0 1.418280333004784 0 1.418280333004784 0 0
45 0 59 0 45 59 14 13 1 -0.68782111261705625 0 -0.68782111261705625 0 -0.68782111261705625 0 0
45 0 60 0 45 60 15 14 1 1.4167274407073669 0 1.4167274407073669 0 1.4167274407073669 0 0
45 0 61 0 45 61 16 15 1 -0.68914919296560939 0 -0.68914919296560939 0 -0.68914919296560939 0 0
45 0 62 0 45 62 17 16 1 1.415584401425233 0 1.415584401425233 0 1.415584401425233 0 0
45 0 63 0 45 63 18 17 1 -0.6901377561362213 0 -0.6901377561362213 0 -0.6901377561362213 0 0
45 0 0 1 45 64 19 51 -1 0.20703724960773262 0 -0.20703724960773262 0 -0.20703724960773262 0 0
45 0 1 1 45 65 20 52 -1 0.20703724960773262 0 -0.20703724960773262 0 -0.20703724960773262 0 0
45 0 2 1 45 66 21 53 -1 0.20703724960773262 0 -0.20703724960773262 0 -0.20703724960773262 0 0
45 0 3 1 45 67 22 54 -1 0.20703724960773262 0 -0.20703724960773262 0 -0.20703724960773262 0 0
45 0 4 1 45 68 23 55 -1 0.20703724960773262 0 -0.20703724960773262 0 -0.20703724960773262 0 0
45 0 5 1 45 69 24 56 -1 0.20703724960773262 0 -0.20703724960773262 0 -0.20703724960773262 0 0
45 0 6 1 45 70 25 57 -1 0.20703724960773262 0 -0.20703724960773262 0 -0.20703724960773262 0 0
45 0 7 1 45 71 26 58 -1 0.20703724960773262 0 -0.20703724960773262 0 -0.20703724960773262 0 0
45 0 8 1 45 72 27 59 -1 0.20703724960773262 0 -0.20703724960773262 0 -0.20703724960773262 0 0
45 0 9 1 45 73 28 60 -1 0.20703724960773262 0 -0.20703724960773262 0 -0.20703724960773262 0 0
45 0 10 1 45 74 29 61 -1 0.20703724960773262 0 -0.20703724960773262 0 -0.20703724960773262 0 0
45 0 11 1 45 75 30 62 -1 0.20703724960773262 0 -0.20703724960773262 0 -0.20703724960773262 0 0
45 0 12 1 45 76 31 63 -1 0.20703724960773262 0 -0.20703724960773262 0 -0.20703724960773262 0 0
45 0 13 1 45 77 32 64 -1 0.20703724960773262 0 -0.20703724960773262 0 -0.20703724960773262 0 0
45 0 14 1 45 78 31 63 -1 0.20703724960773262 0 -0.20703724960773262 0 -0.20703724960773262 0 0
45 0 15 1 45 79 30 62 -1 0.20703724960773262 0 -0.20703724960773262 0 -0.20703724960773262 0 0
45 0 16 1 45 80 29 61 -1 0.20703724960773262 0 -0.20703724960773262 0 -0.20703724960773262 0 0
45 0 17 1 45 81 28 60 -1 0.20703724960773262 0 -0.20703724960773262 0 -0.20703724960773262 0 0
45 0 18 1 45 82 27 59 -1 0.20703724960773262 0 -0.20703724960773262 0 -0.20703724960773262 0 0
45 0 19 1 45 83 26 58 -1 0.20703724960773262 0 -0.20703724960773262 0 -0.20703724960773262 0 0
45 0 20 1 45 84 25 57 -1 0.20703724960773262 0 -0.20703724960773262 0 -0.20703724960773262 0 0
45 0 21 1 45 85 24 56 -1 0.20703724960773262 0 -0.20703724960773262 0 -0.20703724960773262 0 0
45 0 22 1 45 86 23 55 -1 0.20703724960773262 0 -0.20703724960773262 0 -0.20703724960773262 0 0
45 0 23 1 45 87 22 54 -1 0.20703724960773262 0 -0.20703724960773262 0 -0.20703724960773262 0 0
45 0 24 1 45 88 21 53 -1 0.20703724960773262 0 -0.20703724960773262 0 -0.20703724960773262 0 0
45 0 25 1 45 89 20 52 -1 0.20703724960773262 0 -0.20703724960773262 0 -0.20703724960773262 0 0
45 0 26 1 45 90 19 51 -1 0.20703724960773262 0 -0.20703724960773262 0 -0.20703724960773262 0 0
45 0 27 1 45 91 18 50 -1 0.20703724960773262 0 -0.20703724960773262 0 -0.20703724960773262 0 0
45 0 28 1 45 92 17 49 -1 0.20703724960773262 0 -0.20703724960773262 0 -0.20703724960773262 0 0
45 0 29 1 45 93 16 48 -1 0.20703724960773262 0 -0.20703724960773262 0 -0.20703724960773262 0 0
45 0 30 1 45 94 15 47 -1 0.20703724960773262 0 -0.20703724960773262 0 -0.20703724960773262 0 0
45 0 31 1 45 95 14 46 -1 0.20703724960773262 0 -0.20703724960773262 0 -0.20703724960773262 0 0
45 0 32 1 45 96 13 45 -1 0.20703724960773262 0 -0.20703724960773262 0 -0.20703724960773262 0 0
45 0 33 1 45 97 12 44 -1 0.20703724960773262 0 -0.20703724960773262 0 -0.20703724960773262 0 0
45 0 34 1 45 98 11 43 -1 0.20703724960773262 0 -0.20703724960773262 0 -0.20703724960773262 0 0
45 0 35 1 45 99 10 42 -1 0.20703724960773262 0 -0.20703724960773262 0 -0.20703724960773262 0 0
45 0 36 1 45 100 9 41 -1 0.20703724960773262 0 -0.20703724960773262 0 -0.20703724960773262 0 0
45 0 37 1 45 101 8 40 -1 0.20703724960773262 0 -0.20703724960773262 0 -0.20703724960773262 0 0
45 0 38 1 45 102 7 39 -1 0.20703724960773262 0 -0.20703724960773262 0 -0.20703724960773262 0 0
45 0 39 1 45 103 6 38 -1 0.20703724960773262 0 -0.20703724960773262 0 -0.20703724960773262 0 0
45 0 40 1 45 104 5 37 -1 0.20703724960773262 0 -0.20703724960773262 0 -0.20703724960773262 0 0
45 0 41 1 45 105 4 36 -1 0.20703724960773262 0 -0.20703724960773262 0 -0.20703724960773262 0 0
45 0 42 1 45 106 3 35 -1 0.20703724960773262 0 -0.20703724960773262 0 -0.20703724960773262 0 0
45 0 43 1 45 107 2 34 -1 0.20703724960773262 0 -0.20703724960773262 0 -0.20703724960773262 0 0
45 0 44 1 45 108 1 33 -1 0.20703724960773262 0 -0.20703724960773262 0 -0.20703724960773262 0 0
45 0 45 1 45 109 0 32 1 0 0 0 0 0 0 0
45 0 46 1 45 110 1 33 1 0.20703724960773262 0 0.20703724960773262 0 0.20703724960773262 0 0
45 0 47 1 45 111 2 34 1 0.20703724960773262 0 0.20703724960773262 0 0.20703724960773262 0 0
45 0 48 1 45 112 3 35 1 0.20703724960773262 0 0.20703724960773262 0 0.20703724960773262 0 0
45 0 49 1 45 113 4 36 1 0.20703724960773262 0 0.20703724960773262 0 0.20703724960773262 0 0
45 0 50 1 45 114 5 37 1 0.20703724960773262 0 0.20703724960773262 0 0.20703724960773262 0 0
45 0 51 1 45 115 6 38 1 0.20703724960773262 0 0.20703724960773262 0 0.20703724960773262 0 0
45 0 52 1 45 116 7 39 1 0.20703724960773262 0 0.20703724960773262 0 0.20703724960773262 0 0
45 0 53 1 45 117 8 40 1 0.20703724960773262 0 0.20703724960773262 0 0.20703724960773262 0 0
45 0 54 1 45 118 9 41 1 0.20703724960773262 0 0.20703724960773262 0 0.20703724960773262 0 0
45 0 55 1 45 119 10 42 1 0.20703724960773262 0 0.20703724960773262 0 0.20703724960773262 0 0
45 0 56 1 45 120 11 43 1 0.20703724960773262 0 0.20703724960773262 0 0.20703724960773262 0 0
45 0 57 1 45 121 12 44 1 0.20703724960773262 0 0.20703724960773262 0 0.20703724960773262 0 0
45 0 58 1 45 122 13 45 1 0.20703724960773262 0 0.20703724960773262 0 0.20703724960773262 0 0
45 0 59 1 45 123 14 46 1 0.20703724960773262 0 0.20703724960773262 0 0.20703724960773262 0 0
45 0 60 1 45 124 15 47 1 0.20703724960773262 0 0.20703724960773262 0 0.20703724960773262 0 0
45 0 61 1 45 125 16 48 1 0.20703724960773262 0 0.20703724960773262 0 0.20703724960773262 0 0
45 0 62 1 45 126 17 49 1 0.20703724960773262 0 0.20703724960773262 0 0.20703724960773262 0 0
45 0 63 1 45 127 18 50 1 0.20703724960773262 0 0.20703724960773262 0 0.20703724960773262 0 0
46 0 47 0 46 47 1 0 1 1.5483719497275521 0 1.5483719497275521 0 1.5483719497275521 0 0
46 0 48 0 46 48 2 1 1 -0.62106902470630421 0 -0.62106902470630421 0 -0.62106902470630421 0 0
46 0 49 0 46 49 3 2 1 1.4591568302030655 0 1.4591568302030655 0 1.4591568302030655 0 0
46 0 50 0 46 50 4 3 1 -0.65922634871850916 0 -0.65922634871850916 0 -0.65922634871850916 0 0
46 0 51 0 46 51 5 4 1 1.4380193841453996 0 1.4380193841453996 0 1.4380193841453996 0 0
46 0 52 0 46 52 6 5 1 -0.67262681213945552 0 -0.67262681213945552 0 -0.67262681213945552 0 0
46 0 53 0 46 53 7 6 1 1.4287857099143846 0 1.4287857099143846 0 1.4287857099143846 0 0
46 0 54 0 46 54 8 7 1 -0.67935965176948165 0 -0.67935965176948165 0 -0.67935965176948165 0 0
46 0 55 0 46 55 9 8 1 1.423671853971749 0 1.423671853971749 0 1.423671853971749 0 0
46 0 56 0 46 56 10 9 1 -0.68336495168385192 0 -0.68336495168385192 0 -0.68336495168385192 0 0
46 0 57 0 46 57 11 10 1 1.4204592435907357 0 1.4204592435907357 0 1.4204592435907357 0 0
46 0 58 0 46 58 12 11 1 -0.68599076312992613 0 -0.68599076312992613 0 -0.68599076312992613 0 0
46 0 59 0 46 59 13 12 1 1.418280333004784 0 1.418280333004784 0 1.418280333004784 0 0
46 0 60 0 46 60 14 13 1 -0.68782111261705625 0 -0.68782111261705625 0 -0.68782111261705625 0 0
46 0 61 0 46 61 15 14 1 1.4167274407073669 0 1.4167274407073669 0 1.4167274407073669 0 0
46 0 62 0 46 62 16 15 1 -0.68914919296560939 0 -0.68914919296560939 0 -0.68914919296560939 0 0
46 0 63 0 46 63 17 16 1 1.415584401425233 0 1.415584401425233 0 1.415584401425233 0 0
46 0 0 1 46 64 18 50 -1 0.20703724960773262 0 -0.20703724960773262 0 -0.20703724960773262 0 0
46 0 1 1 46 65 19 51 -1 0.20703724960773262 0 -0.20703724960773262 0 -0.20703724960773262 0 0
46 0 2 1 46 66 20 52 -1 0.20703724960773262 0 -0.20703724960773262 0 -0.20703724960773262 0 0
46 0 3 1 46 67 21 53 -1 0.20703724960773262 0 -0.20703724960773262 0 -0.20703724960773262 0 0
46 0 4 1 46 68 22 54 -1 0.20703724960773262 0 -0.20703724960773262 0 -0.20703724960773262 0 0
46 0 5 1 46 69 23 55 -1 0.20703724960773262 0 -0.20703724960773262 0 -0.20703724960773262 0 0
46 0 6 1 46 70 24 56 -1 0.20703724960773262 0 -0.20703724960773262 0 -0.20703724960773262 0 0
46 0 7 1 46 71 25 57 -1 0.20703724960773262 0 -0.20703724960773262 0 -0.20703724960773262 0 0
46 0 8 1 46 72 26 58 -1 0.20703724960773262 0 -0.20703724960773262 0 -0.20703724960773262 0 0
46 0 9 1 46 73 27 59 -1 0.20703724960773262 0 -0.20703724960773262 0 -0.20703724960773262 0 0
46 0 10 1 46 74 28 60 -1 0.20703724960773262 0 -0.20703724960773262 0 -0.20703724960773262 0 0
46 0 11 1 46 75 29 61 -1 0.20703724960773262 0 -0.20703724960773262 0 -0.20703724960773262 0 0
46 0 12 1 46 76 30 62 -1 0.20703724960773262 0 -0.20703724960773262 0 -0.20703724960773262 0 0
46 0 13 1 46 77 31 63 -1 0.20703724960773262 0 -0.20703724960773262 0 -0.20703724960773262 0 0
46 0 14 1 46 78 32 64 -1 0.20703724960773262 0 -0.20703724960773262 0 -0.20703724960773262 0 0
46 0 15 1 46 79 31 63 -1 0.20703724960773262 0 -0.20703724960773262 0 -0.20703724960773262 0 0
46 0 16 1 46 80 30 62 -1 0.20703724960773262 0 -0.20703724960773262 0 -0.20703724960773262 0 0
46 0 17 1 46 81 29 61 -1 0.20703724960773262 0 -0.20703724960773262 0 -0.20703724960773262 0 0
46 0 18 1 46 82 28 60 -1 0.20703724960773262 0 -0.20703724960773262 0 -0.20703724960773262 0 0
46 0 19 1 46 83 27 59 -1 0.20703724960773262 0 -0.20703724960773262 0 -0.20703724960773262 0 0
46 0 20 1 46 84 26 58 -1 0.20703724960773262 0 -0.20703724960773262 0 -0.20703724960773262 0 0
46 0 21 1 46 85 25 57 -1 0.20703724960773262 0 -0.20703724960773262 0 -0.20703724960773262 0 0
46 0 22 1 46 86 24 56 -1 0.20703724960773262 0 -0.20703724960773262 0 -0.20703724960773262 0 0
46 0 23 1 46 87 23 55 -1 0.20703724960773262 0 -0.20703724960773262 0 -0.20703724960773262 0 0
46 0 24 1 46 88 22 54 -1 0.20703724960773262 0 -0.20703724960773262 0 -0.20703724960773262 0 0
46 0 25 1 46 89 21 53 -1 0.20703724960773262 0 -0.20703724960773262 0 -0.20703724960773262 0 0
46 0 26 1 46 90 20 52 -1 0.20703724960773262 0 -0.20703724960773262 0 -0.20703724960773262 0 0
46 0 27 1 46 91 19 51 -1 0.20703724960773262 0 -0.20703724960773262 0 -0.20703724960773262 0 0
46 0 28 1 46 92 18 50 -1 0.20703724960773262 0 -0.20703724960773262 0 -0.20703724960773262 0 0
46 0 29 1 46 93 17 49 -1 0.20703724960773262 0 -0.20703724960773262 0 -0.20703724960773262 0 0
46 0 30 1 46 94 16 48 -1 0.20703724960773262 0 -0.20703724960773262 0 -0.20703724960773262 0 0
46 0 31 1 46 95 15 47 -1 0.20703724960773262 0 -0.20703724960773262 0 -0.20703724960773262 0 0
46 0 32 1 46 96 14 46 -1 0.20703724960773262 0 -0.20703724960773262 0 -0.20703724960773262 0 0
46 0 33 1 46 97 13 45 -1 0.20703724960773262 0 -0.20703724960773262 0 -0.20703724960773262 0 0
46 0 34 1 46 98 12 44 -1 0.20703724960773262 0 -0.20703724960773262 0 -0.20703724960773262 0 0
46 0 35 1 46 99 11 43 -1 0.20703724960773262 0 -0.20703724960773262 0 -0.20703724960773262 0 0
46 0 36 1 46 100 10 42 -1 0.20703724960773262 0 -0.20703724960773262 0 -0.20703724960773262 0 0
46 0 37 1 46 101 9 41 -1 0.20703724960773262 0 -0.20703724960773262 0 -0.20703724960773262 0 0
46 0 38 1 46 102 8 40 -1 0.20703724960773262 0 -0.20703724960773262 0 -0.20703724960773262 0 0
46 0 39 1 46 103 7 39 -1 0.20703724960773262 0 -0.20703724960773262 0 -0.20703724960773262 0 0
46 0 40 1 46 104 6 38 -1 0.20703724960773262 0 -0.20703724960773262 0 -0.20703724960773262 0 0
46 0 41 1 46 105 5 37 -1 0.20703724960773262 0 -0.20703724960773262 0 -0.20703724960773262 0 0
46 0 42 1 46 106 4 36 -1 0.20703724960773262 0 -0.20703724960773262 0 -0.20703724960773262 0 0
46 0 43 1 46 107 3 35 -1 0.20703724960773262 0 -0.20703724960773262 0 -0.20703724960773262 0 0
46 0 44 1 46 108 2 34 -1 0.20703724960773262 0 -0.20703724960773262 0 -0.20703724960773262 0 0
46 0 45 1 46 109 1 33 -1 0.20703724960773262 0 -0.20703724960773262 0 -0.20703724960773262 0 0
46 0 46 1 46 110 0 32 1 0 0 0 0 0 0 0
46 0 47 1 46 111 1 33 1 0.20703724960773262 0 0.20703724960773262 0 0.20703724960773262 0 0
46 0 48 1 46 112 2 34 1 0.20703724960773262 0 0.20703724960773262 0 0.20703724960773262 0 0
46 0 49 1 46 113 3 35 1 0.20703724960773262 0 0.20703724960773262 0 0.20703724960773262 0 0
46 0 50 1 46 114 4 36 1 0.20703724960773262 0 0.20703724960773262 0 0.20703724960773262 0 0
46 0 51 1 46 115 5 37 1 0.20703724960773262 0 0.20703724960773262 0 0.20703724960773262 0 0
46 0 52 1 46 116 6 38 1 0.20703724960773262 0 0.20703724960773262 0 0.20703724960773262 0 0
46 0 53 1 46 117 7 39 1 0.20703724960773262 0 0.20703724960773262 0 0.20703724960773262 0 0
46 0 54 1 46 118 8 40 1 0.20703724960773262 0 0.20703724960773262 0 0.20703724960773262 0 0
46 0 55 1 46 119 9 41 1 0.20703724960773262 0 0.20703724960773262 0 0.20703724960773262 0 0
46 0 56 1 46 120 10 42 1 0.20703724960773262 0 0.20703724960773262 0 0.20703724960773262 0 0
46 0 57 1 46 121 11 43 1 0.20703724960773262 0 0.20703724960773262 0 0.20703724960773262 0 0
46 0 58 1 46 122 12 44 1 0.20703724960773262 0 0.20703724960773262 0 0.20703724960773262 0 0
46 0 59 1 46 123 13 45 1 0.20703724960773262 0 0.20703724960773262 0 0.20703724960773262 0 0
46 0 60 1 46 124 14 46 1 0.20703724960773262 0 0.20703724960773262 0 0.20703724960773262 0 0
46 0 61 1 46 125 15 47 1 0.20703724960773262 0 0.20703724960773262 0 0.20703724960773262 0 0
46 0 62 1 46 126 16 48 1 0.20703724960773262 0 0.20703724960773262 0 0.20703724960773262 0 0
46 0 63 1 46 127 17 49 1 0.20703724960773262 0 0.20703724960773262 0 0.20703724960773262 0 0
47 0 48 0 47 48 1 0 1 1.5483719497275521 0 1.5483719497275521 0 1.5483719497275521 0 0
47 0 49 0 47 49 2 1 1 -0.62106902470630421 0 -0.62106902470630421 0 -0.62106902470630421 0 0
47 0 50 0 47 50 3 2 1 1.4591568302030655 0 1.4591568302030655 0 1.4591568302030655 0 0
47 0 51 0 47 51 4 3 1 -0.65922634871850916 0 -0.65922634871850916 0 -0.65922634871850916 0 0
47 0 52 0 47 52 5 4 1 1.4380193841453996 0 1.4380193841453996 0 1.4380193841453996 0 0
47 0 53 0 47 53 6 5 1 -0.67262681213945552 0 -0.67262681213945552 0 -0.67262681213945552 0 0
47 0 54 0 47 54 7 6 1 1.4287857099143846 0 1.4287857099143846 0 1.4287857099143846 0 0
47 0 55 0 47 55 8 7 1 -0.67935965176948165 0 -0.67935965176948165 0 -0.67935965176948165 0 0
47 0 56 0 47 56 9 8 1 1.423671853971749 0 1.423671853971749 0 1.423671853971749 0 0
47 0 57 0 47 57 10 9 1 -0.68336495168385192 0 -0.68336495168385192 0 -0.68336495168385192 0 0
47 0 58 0 47 58 11 10 1 1.4204592435907357 0 1.4204592435907357 0 1.4204592435907357 0 0
47 0 59 0 47 59 12 11 1 -0.68599076312992613 0 -0.68599076312992613 0 -0.68599076312992613 0 0
47 0 60 0 47 60 13 12 1 1.418280333004784 0 1.418280333004784 0 1.418280333004784 0 0
47 0 61 0 47 61 14 13 1 -0.68782111261705625 0 -0.68782111261705625 0 -0.68782111261705625 0 0
47 0 62 0 47 62 15 14 1 1.4167274407073669 0 1.4167274407073669 0 1.4167274407073669 0 0
47 0 63 0 47 63 16 15 1 -0.68914919296560939 0 -0.68914919296560939 0 -0.68914919296560939 0 0
47 0 0 1 47 64 17 49 -1 0.20703724960773262 0 -0.20703724960773262 0 -0.20703724960773262 0 0
47 0 1 1 47 65 18 50 -1 0.20703724960773262 0 -0.20703724960773262 0 -0.20703724960773262 0 0
47 0 2 1 47 66 19 51 -1 0.20703724960773262 0 -0.20703724960773262 0 -0.20703724960773262 0 0
47 0 3 1 47 67 20 52 -1 0.20703724960773262 0 -0.20703724960773262 0 -0.20703724960773262 0 0
47 0 4 1 47 68 21 53 -1 0.20703724960773262 0 -0.20703724960773262 0 -0.20703724960773262 0 0
47 0 5 1 47 69 22 54 -1 0.20703724960773262 0 -0.20703724960773262 0 -0.20703724960773262 0 0
47 0 6 1 47 70 23 55 -1 0.20703724960773262 0 -0.20703724960773262 0 -0.20703724960773262 0 0
47 0 7 1 47 71 24 56 -1 0.20703724960773262 0 -0.20703724960773262 0 -0.20703724960773262 0 0
47 0 8 1 47 72 25 57 -1 0.20703724960773262 0 -0.20703724960773262 0 -0.20703724960773262 0 0
47 0 9 1 47 73 26 58 -1 0.20703724960773262 0 -0.20703724960773262 0 -0.20703724960773262 0 0
47 0 10 1 47 74 27 59 -1 0.20703724960773262 0 -0.20703724960773262 0 -0.20703724960773262 0 0
47 0 11 1 47 75 28 60 -1 0.20703724960773262 0 -0.20703724960773262 0 -0.20703724960773262 0 0
47 0 12 1 47 76 29 61 -1 0.20703724960773262 0 -0.20703724960773262 0 -0.20703724960773262 0 0
47 0 13 1 47 77 30 62 -1 0.20703724960773262 0 -0.20703724960773262 0 -0.20703724960773262 0 0
47 0 14 1 47 78 31 63 -1 0.20703724960773262 0 -0.20703724960773262 0 -0.20703724960773262 0 0
47 0 15 1 47 79 32 64 -1 0.20703724960773262 0 -0.20703724960773262 0 -0.20703724960773262 0 0
47 0 16 1 47 80 31 63 -1 0.20703724960773262 0 -0.20703724960773262 0 -0.20703724960773262 0 0
47 0 17 1 47 81 30 62 -1 0.20703724960773262 0 -0.20703724960773262 0 -0.20703724960773262 0 0
47 0 18 1 47 82 29 61 -1 0.20703724960773262 0 -0.20703724960773262 0 -0.20703724960773262 0 0
47 0 19 1 47 83 28 60 -1 0.20703724960773262 0 -0.20703724960773262 0 -0.20703724960773262 0 0
47 0 20 1 47 84 27 59 -1 0.20703724960773262 0 -0.20703724960773262 0 -0.20703724960773262 0 0
47 0 21 1 47 85 26 58 -1 0.20703724960773262 0 -0.20703724960773262 0 -0.20703724960773262 0 0
47 0 22 1 47 86 25 57 -1 0.20703724960773262 0 -0.20703724960773262 0 -0.20703724960773262 0 0
47 0 23 1 47 87 24 56 -1 0.20703724960773262 0 -0.20703724960773262 0 -0.20703724960773262 0 0
47 0 24 1 47 88 23 55 -1 0.20703724960773262 0 -0.20703724960773262 0 -0.20703724960773262 0 0
47 0 25 1 47 89 22 54 -1 0.20703724960773262 0 -0.20703724960773262 0 -0.20703724960773262 0 0
47 0 26 1 47 90 21 53 -1 0.20703724960773262 0 -0.20703724960773262 0 -0.20703724960773262 0 0
47 0 27 1 47 91 20 52 -1 0.20703724960773262 0 -0.20703724960773262 0 -0.20703724960773262 0 0
47 0 28 1 47 92 19 51 -1 0.20703724960773262 0 -0.20703724960773262 0 -0.20703724960773262 0 0
47 0 29 1 47 93 18 50 -1 0.20703724960773262 0 -0.20703724960773262 0 -0.20703724960773262 0 0
47 0 30 1 47 94 17 49 -1 0.20703724960773262 0 -0.20703724960773262 0 -0.20703724960773262 0 0
47 0 31 1 47 95 16 48 -1 0.20703724960773262 0 -0.20703724960773262 0 -0.20703724960773262 0 0
47 0 32 1 47 96 15 47 -1 0.20703724960773262 0 -0.20703724960773262 0 -0.20703724960773262 0 0
47 0 33 1 47 97 14 46 -1 0.20703724960773262 0 -0.20703724960773262 0 -0.20703724960773262 0 0
47 0 34 1 47 98 13 45 -1 0.20703724960773262 0 -0.20703724960773262 0 -0.20703724960773262 0 0
47 0 35 1 47 99 12 44 -1 0.20703724960773262 0 -0.20703724960773262 0 -0.20703724960773262 0 0
47 0 36 1 47 100 11 43 -1 0.20703724960773262 0 -0.20703724960773262 0 -0.20703724960773262 0 0
47 0 37 1 47 101 10 42 -1 0.20703724960773262 0 -0.20703724960773262 0 -0.20703724960773262 0 0
47 0 38 1 47 102 9 41 -1 0.20703724960773262 0 -0.20703724960773262 0 -0.20703724960773262 0 0
47 0 39 1 47 103 8 40 -1 0.20703724960773262 0 -0.20703724960773262 0 -0.20703724960773262 0 0
47 0 40 1 47 104 7 39 -1 0.20703724960773262 0 -0.20703724960773262 0 -0.20703724960773262 0 0
47 0 41 1 47 105 6 38 -1 0.20703724960773262 0 -0.20703724960773262 0 -0.20703724960773262 0 0
47 0 42 1 47 106 5 37 -1 0.20703724960773262 0 -0.20703724960773262 0 -0.20703724960773262 0 0
47 0 43 1 47 107 4 36 -1 0.20703724960773262 0 -0.20703724960773262 0 -0.20703724960773262 0 0
47 0 44 1 47 108 3 35 -1 0.20703724960773262 0 -0.20703724960773262 0 -0.20703724960773262 0 0
47 0 45 1 47 109 2 34 -1 0.20703724960773262 0 -0.20703724960773262 0 -0.20703724960773262 0 0
47 0 46 1 47 110 1 33 -1 0.20703724960773262 0 -0.20703724960773262 0 -0.20703724960773262 0 0
47 0 47 1 47 111 0 32 1 0 0 0 0 0 0 0
47 0 48 1 47 112 1 33 1 0.20703724960773262 0 0.20703724960773262 0 0.20703724960773262 0 0
47 0 49 1 47 113 2 34 1 0.20703724960773262 0 0.20703724960773262 0 0.20703724960773262 0 0
47 0 50 1 47 114 3 35 1 0.20703724960773262 0 0.20703724960773262 0 0.20703724960773262 0 0
47 0 51 1 47 115 4 36 1 0.20703724960773262 0 0.20703724960773262 0 0.20703724960773262 0 0
47 0 52 1 47 116 5 37 1 0.20703724960773262 0 0.20703724960773262 0 0.20703724960773262 0 0
47 0 53 1 47 117 6 38 1 0.20703724960773262 0 0.20703724960773262 0 0.20703724960773262 0 0
47 0 54 1 47 118 7 39 1 0.20703724960773262 0 0.20703724960773262 0 0.20703724960773262 0 0
47 0 55 1 47 119 8 40 1 0.20703724960773262 0 0.20703724960773262 0 0.20703724960773262 0 0
47 0 56 1 47 120 9 41 1 0.20703724960773262 0 0.20703724960773262 0 0.20703724960773262 0 0
47 0 57 1 47 121 10 42 1 0.20703724960773262 0 0.20703724960773262 0 0.20703724960773262 0 0
47 0 58 1 47 122 11 43 1 0.20703724960773262 0 0.20703724960773262 0 0.20703724960773262 0 0
47 0 59 1 47 123 12 44 1 0.20703724960773262 0 0.20703724960773262 0 0.20703724960773262 0 0
47 0 60 1 47 124 13 45 1 0.20703724960773262 0 0.20703724960773262 0 0.20703724960773262 0 0
47 0 61 1 47 125 14 46 1 0.20703724960773262 0 0.20703724960773262 0 0.20703724960773262 0 0
47 0 62 1 47 126 15 47 1 0.20703724960773262 0 0.20703724960773262 0 0.20703724960773262 0 0
47 0 63 1 47 127 16 48 1 0.20703724960773262 0 0.20703724960773262 0 0.20703724960773262 0 0
48 0 49 0 48 49 1 0 1 1.5483719497275521 0 1.5483719497275521 0 1.5483719497275521 0 0
48 0 50 0 48 50 2 1 1 -0.62106902470630421 0 -0.62106902470630421 0 -0.62106902470630421 0 0
48 0 51 0 48 51 3 2 1 1.4591568302030655 0 1.4591568302030655 0 1.4591568302030655 0 0
48 0 52 0 48 52 4 3 1 -0.65922634871850916 0 -0.65922634871850916 0 -0.65922634871850916 0 0
48 0 53 0 48 53 5 4 1 1.4380193841453996 0 1.4380193841453996 0 1.4380193841453996 0 0
48 0 54 0 48 54 6 5 1 -0.67262681213945552 0 -0.67262681213945552 0 -0.67262681213945552 0 0
48 0 55 0 48 55 7 6 1 1.4287857099143846 0 1.4287857099143846 0 1.4287857099143846 0 0
48 0 56 0 48 56 8 7 1 -0.67935965176948165 0 -0.67935965176948165 0 -0.67935965176948165 0 0
48 0 57 0 48 57 9 8 1 1.423671853971749 0 1.423671853971749 0 1.423671853971749 0 0
48 0 58 0 48 58 10 9 1 -0.68336495168385192 0 -0.68336495168385192 0 -0.68336495168385192 0 0
48 0 59 0 48 59 11 10 1 1.4204592435907357 0 1.4204592435907357 0 1.4204592435907357 0 0
48 0 60 0 48 60 12 11 1 -0.68599076312992613 0 -0.68599076312992613 0 -0.68599076312992613 0 0
48 0 61 0 48 61 13 12 1 1.418280333004784 0 1.418280333004784 0 1.418280333004784 0 0
48 0 62 0 48 62 14 13 1 -0.68782111261705625 0 -0.68782111261705625 0 -0.68782111261705625 0 0
48 0 63 0 48 63 15 14 1 1.4167274407073669 0 1.4167274407073669 0 1.4167274407073669 0 0
48 0 0 1 48 64 16 48 -1 0.20703724960773262 0 -0.20703724960773262 0 -0.20703724960773262 0 0
48 0 1 1 48 65 17 49 -1 0.20703724960773262 0 -0.20703724960773262 0 -0.20703724960773262 0 0
48 0 2 1 48 66 18 50 -1 0.20703724960773262 0 -0.20703724960773262 0 -0.20703724960773262 0 0
48 0 3 1 48 67 19 51 -1 0.20703724960773262 0 -0.20703724960773262 0 -0.20703724960773262 0 0
48 0 4 1 48 68 20 52 -1 0.20703724960773262 0 -0.20703724960773262 0 -0.20703724960773262 0 0
48 0 5 1 48 69 21 53 -1 0.20703724960773262 0 -0.20703724960773262 0 -0.20703724960773262 0 0
48 0 6 1 48 70 22 54 -1 0.20703724960773262 0 -0.20703724960773262 0 -0.20703724960773262 0 0
48 0 7 1 48 71 23 55 -1 0.20703724960773262 0 -0.20703724960773262 0 -0.20703724960773262 0 0
48 0 8 1 48 72 24 56 -1 0.20703724960773262 0 -0.20703724960773262 0 -0.20703724960773262 0 0
48 0 9 1 48 73 25 57 -1 0.20703724960773262 0 -0.20703724960773262 0 -0.20703724960773262 0 0
48 0 10 1 48 74 26 58 -1 0.20703724960773262 0 -0.20703724960773262 0 -0.20703724960773262 0 0
48 0 11 1 48 75 27 59 -1 0.20703724960773262 0 -0.20703724960773262 0 -0.20703724960773262 0 0
48 0 12 1 48 76 28 60 -1 0.20703724960773262 0 -0.20703724960773262 0 -0.20703724960773262 0 0
48 0 13 1 48 77 29 61 -1 0.20703724960773262 0 -0.20703724960773262 0 -0.20703724960773262 0 0
48 0 14 1 48 78 30 62 -1 0.20703724960773262 0 -0.20703724960773262 0 -0.20703724960773262 0 0
48 0 15 1 48 79 31 63 -1 0.20703724960773262 0 -0.20703724960773262 0 -0.20703724960773262 0 0
48 0 16 1 48 80 32 64 -1 0.20703724960773262 0 -0.20703724960773262 0 -0.20703724960773262 0 0
48 0 17 1 48 81 31 63 -1 0.20703724960773262 0 -0.20703724960773262 0 -0.20703724960773262 0 0
48 0 18 1 48 82 30 62 -1 0.20703724960773262 0 -0.20703724960773262 0 -0.20703724960773262 0 0
48 0 19 1 48 83 29 61 -1 0.20703724960773262 0 -0.20703724960773262 0 -0.20703724960773262 0 0
48 0 20 1 48 84 28 60 -1 0.20703724960773262 0 -0.20703724960773262 0 -0.20703724960773262 0 0
48 0 21 1 48 85 27 59 -1 0.20703724960773262 0 -0.20703724960773262 0 -0.20703724960773262 0 0
48 0 22 1 48 86 26 58 -1 0.20703724960773262 0 -0.20703724960773262 0 -0.20703724960773262 0 0
48 0 23 1 48 87 25 57 -1 0.20703724960773262 0 -0.20703724960773262 0 -0.20703724960773262 0 0
48 0 24 1 48 88 24 56 -1 0.20703724960773262 0 -0.20703724960773262 0 -0.20703724960773262 0 0
48 0 25 1 48 89 23 55 -1 0.20703724960773262 0 -0.20703724960773262 0 -0.20703724960773262 0 0
48 0 26 1 48 90 22 54 -1 0.20703724960773262 0 -0.20703724960773262 0 -0.20703724960773262 0 0
48 0 27 1 48 91 21 53 -1 0.20703724960773262 0 -0.20703724960773262 0 -0.20703724960773262 0 0
48 0 28 1 48 92 20 52 -1 0.20703724960773262 0 -0.20703724960773262 0 -0.20703724960773262 0 0
48 0 29 1 48 93 19 51 -1 0.20703724960773262 0 -0.20703724960773262 0 -0.20703724960773262 0 0
48 0 30 1 48 94 18 50 -1 0.20703724960773262 0 -0.20703724960773262 0 -0.20703724960773262 0 0
48 0 31 1 48 95 17 49 -1 0.20703724960773262 0 -0.20703724960773262 0 -0.20703724960773262 0 0
48 0 32 1 48 96 16 48 -1 0.20703724960773262 0 -0.20703724960773262 0 -0.20703724960773262 0 0
48 0 33 1 48 97 15 47 -1 0.20703724960773262 0 -0.20703724960773262 0 -0.20703724960773262 0 0
48 0 34 1 48 98 14 46 -1 0.20703724960773262 0 -0.20703724960773262 0 -0.20703724960773262 0 0
48 0 35 1 48 99 13 45 -1 0.20703724960773262 0 -0.20703724960773262 0 -0.20703724960773262 0 0
48 0 36 1 48 100 12 44 -1 0.20703724960773262 0 -0.20703724960773262 0 -0.20703724960773262 0 0
48 0 37 1 48 101 11 43 -1 0.20703724960773262 0 -0.20703724960773262 0 -0.20703724960773262 0 0
48 0 38 1 48 102 10 42 -1 0.20703724960773262 0 -0.20703724960773262 0 -0.20703724960773262 0 0
48 0 39 1 48 103 9 41 -1 0.20703724960773262 0 -0.20703724960773262 0 -0.20703724960773262 0 0
48 0 40 1 48 104 8 40 -1 0.20703724960773262 0 -0.20703724960773262 0 -0.20703724960773262 0 0
48 0 41 1 48 105 7 39 -1 0.20703724960773262 0 -0.20703724960773262 0 -0.20703724960773262 0 0
48 0 42 1 48 106 6 38 -1 0.20703724960773262 0 -0.20703724960773262 0 -0.20703724960773262 0 0
48 0 43 1 48 107 5 37 -1 0.20703724960773262 0 -0.20703724960773262 0 -0.20703724960773262 0 0
48 0 44 1 48 108 4 36 -1 0.20703724960773262 0 -0.20703724960773262 0 -0.20703724960773262 0 0
48 0 45 1 48 109 3 35 -1 0.20703724960773262 0 -0.20703724960773262 0 -0.20703724960773262 0 0
48 0 46 1 48 110 2 34 -1 0.20703724960773262 0 -0.20703724960773262 0 -0.20703724960773262 0 0
48 0 47 1 48 111 1 33 -1 0.20703724960773262 0 -0.20703724960773262 0 -0.20703724960773262 0 0
48 0 48 1 48 112 0 32 1 0 0 0 0 0 0 0
48 0 49 1 48 113 1 33 1 0.20703724960773262 0 0.20703724960773262 0 0.20703724960773262 0 0
48 0 50 1 48 114 2 34 1 0.20703724960773262 0 0.20703724960773262 0 0.20703724960773262 0 0
48 0 51 1 48 115 3 35 1 0.20703724960773262 0 0.20703724960773262 0 0.20703724960773262 0 0
48 0 52 1 48 116 4 36 1 0.20703724960773262 0 0.20703724960773262 0 0.20703724960773262 0 0
48 0 53 1 48 117 5 37 1 0.20703724960773262 0 0.20703724960773262 0 0.20703724960773262 0 0
48 0 54 1 48 118 6 38 1 0.20703724960773262 0 0.20703724960773262 0 0.20703724960773262 0 0
48 0 55 1 48 119 7 39 1 0.20703724960773262 0 0.20703724960773262 0 0.20703724960773262 0 0
48 0 56 1 48 120 8 40 1 0.20703724960773262 0 0.20703724960773262 0 0.20703724960773262 0 0
48 0 57 1 48 121 9 41 1 0.20703724960773262 0 0.20703724960773262 0 0.20703724960773262 0 0
48 0 58 1 48 122 10 42 1 0.20703724960773262 0 0.20703724960773262 0 0.20703724960773262 0 0
48 0 59 1 48 123 11 43 1 0.20703724960773262 0 0.20703724960773262 0 0.20703724960773262 0 0
48 0 60 1 48 124 12 44 1 0.20703724960773262 0 0.20703724960773262 0 0.20703724960773262 0 0
48 0 61 1 48 125 13 45 1 0.20703724960773262 0 0.20703724960773262 0 0.20703724960773262 0 0
48 0 62 1 48 126 14 46 1 0.20703724960773262 0 0.20703724960773262 0 0.20703724960773262 0 0
48 0 63 1 48 127 15 47 1 0.20703724960773262 0 0.20703724960773262 0 0.20703724960773262 0 0
49 0 50 0 49 50 1 0 1 1.5483719497275521 0 1.5483719497275521 0 1.5483719497275521 0 0
49 0 51 0 49 51 2 1 1 -0.62106902470630421 0 -0.62106902470630421 0 -0.62106902470630421 0 0
49 0 52 0 49 52 3 2 1 1.4591568302030655 0 1.4591568302030655 0 1.4591568302030655 0 0
49 0 53 0 49 53 4 3 1 -0.65922634871850916 0 -0.65922634871850916 0 -0.65922634871850916 0 0
49 0 54 0 49 54 5 4 1 1.4380193841453996 0 1.4380193841453996 0 1.4380193841453996 0 0
49 0 55 0 49 55 6 5 1 -0.67262681213945552 0 -0.67262681213945552 0 -0.67262681213945552 0 0
49 0 56 0 49 56 7 6 1 1.4287857099143846 0 1.4287857099143846 0 1.4287857099143846 0 0
49 0 57 0 49 57 8 7 1 -0.67935965176948165 0 -0.67935965176948165 0 -0.67935965176948165 0 0
49 0 58 0 49 58 9 8 1 1.423671853971749 0 1.423671853971749 0 1.423671853971749 0 0
49 0 59 0 49 59 10 9 1 -0.68336495168385192 0 -0.68336495168385192 0 -0.68336495168385192 0 0
49 0 60 0 49 60 11 10 1 1.4204592435907357 0 1.4204592435907357 0 1.4204592435907357 0 0
49 0 61 0 49 61 12 11 1 -0.68599076312992613 0 -0.68599076312992613 0 -0.68599076312992613 0 0
49 0 62 0 49 62 13 12 1 1.418280333004784 0 1.418280333004784 0 1.418280333004784 0 0
49 0 63 0 49 63 14 13 1 -0.68782111261705625 0 -0.68782111261705625 0 -0.68782111261705625 0 0
49 0 0 1 49 64 15 47 -1 0.20703724960773262 0 -0.20703724960773262 0 -0.20703724960773262 0 0
49 0 1 1 49 65 16 48 -1 0.20703724960773262 0 -0.20703724960773262 0 -0.20703724960773262 0 0
49 0 2 1 49 66 17 49 -1 0.20703724960773262 0 -0.20703724960773262 0 -0.20703724960773262 0 0
49 0 3 1 49 67 18 50 -1 0.20703724960773262 0 -0.20703724960773262 0 -0.20703724960773262 0 0
49 0 4 1 49 68 19 51 -1 0.20703724960773262 0 -0.20703724960773262 0 -0.20703724960773262 0 0
49 0 5 1 49 69 20 52 -1 0.20703724960773262 0 -0.20703724960773262 0 -0.20703724960773262 0 0
49 0 6 1 49 70 21 53 -1 0.20703724960773262 0 -0.20703724960773262 0 -0.20703724960773262 0 0
49 0 7 1 49 71 22 54 -1 0.20703724960773262 0 -0.20703724960773262 0 -0.20703724960773262 0 0
49 0 8 1 49 72 23 55 -1 0.20703724960773262 0 -0.20703724960773262 0 -0.20703724960773262 0 0
49 0 9 1 49 73 24 56 -1 0.20703724960773262 0 -0.20703724960773262 0 -0.20703724960773262 0 0
49 0 10 1 49 74 25 57 -1 0.20703724960773262 0 -0.20703724960773262 0 -0.20703724960773262 0 0
49 0 11 1 49 75 26 58 -1 0.20703724960773262 0 -0.20703724960773262 0 -0.20703724960773262 0 0
49 0 12 1 49 76 27 59 -1 0.20703724960773262 0 -0.20703724960773262 0 -0.20703724960773262 0 0
49 0 13 1 49 77 28 60 -1 0.20703724960773262 0 -0.20703724960773262 0 -0.20703724960773262 0 0
49 0 14 1 49 78 29 61 -1 0.20703724960773262 0 -0.20703724960773262 0 -0.20703724960773262 0 0
49 0 15 1 49 79 30 62 -1 0.20703724960773262 0 -0.20703724960773262 0 -0.20703724960773262 0 0
49 0 16 1 49 80 31 63 -1 0.20703724960773262 0 -0.20703724960773262 0 -0.20703724960773262 0 0
49 0 17 1 49 81 32 64 -1 0.20703724960773262 0 -0.20703724960773262 0 -0.20703724960773262 0 0
49 0 18 1 49 82 31 63 -1 0.20703724960773262 0 -0.20703724960773262 0 -0.20703724960773262 0 0
49 0 19 1 49 83 30 62 -1 0.20703724960773262 0 -0.20703724960773262 0 -0.20703724960773262 0 0
49 0 20 1 49 84 29 61 -1 0.20703724960773262 0 -0.20703724960773262 0 -0.20703724960773262 0 0
49 0 21 1 49 85 28 60 -1 0.20703724960773262 0 -0.20703724960773262 0 -0.20703724960773262 0 0
49 0 22 1 49 86 27 59 -1 0.20703724960773262 0 -0.20703724960773262 0 -0.20703724960773262 0 0
49 0 23 1 49 87 26 58 -1 0.20703724960773262 0 -0.20703724960773262 0 -0.20703724960773262 0 0
49 0 24 1 49 88 25 57 -1 0.20703724960773262 0 -0.20703724960773262 0 -0.20703724960773262 0 0
49 0 25 1 49 89 24 56 -1 0.20703724960773262 0 -0.20703724960773262 0 -0.20703724960773262 0 0
49 0 26 1 49 90 23 55 -1 0.20703724960773262 0 -0.20703724960773262 0 -0.20703724960773262 0 0
49 0 27 1 49 91 22 54 -1 0.20703724960773262 0 -0.20703724960773262 0 -0.20703724960773262 0 0
49 0 28 1 49 92 21 53 -1 0.20703724960773262 0 -0.20703724960773262 0 -0.20703724960773262 0 0
49 0 29 1 49 93 20 52 -1 0.20703724960773262 0 -0.20703724960773262 0 -0.20703724960773262 0 0
49 0 30 1 49 94 19 51 -1 0.20703724960773262 0 -0.20703724960773262 0 -0.20703724960773262 0 0
49 0 31 1 49 95 18 50 -1 0.20703724960773262 0 -0.20703724960773262 0 -0.20703724960773262 0 0
49 0 32 1 49 96 17 49 -1 0.20703724960773262 0 -0.20703724960773262 0 -0.20703724960773262 0 0
49 0 33 1 49 97 16 48 -1 0.20703724960773262 0 -0.20703724960773262 0 -0.20703724960773262 0 0
49 0 34 1 49 98 15 47 -1 0.20703724960773262 0 -0.20703724960773262 0 -0.20703724960773262 0 0
49 0 35 1 49 99 14 46 -1 0.20703724960773262 0 -0.20703724960773262 0 -0.20703724960773262 0 0
49 0 36 1 49 100 13 45 -1 0.20703724960773262 0 -0.20703724960773262 0 -0.20703724960773262 0 0
49 0 37 1 49 101 12 44 -1 0.20703724960773262 0 -0.20703724960773262 0 -0.20703724960773262 0 0
49 0 38 1 49 102 11 43 -1 0.20703724960773262 0 -0.20703724960773262 0 -0.20703724960773262 0 0
49 0 39 1 49 103 10 42 -1 0.20703724960773262 0 -0.20703724960773262 0 -0.20703724960773262 0 0
49 0 40 1 49 104 9 41 -1 0.20703724960773262 0 -0.20703724960773262 0 -0.20703724960773262 0 0
49 0 41 1 49 105 8 40 -1 0.20703724960773262 0 -0.20703724960773262 0 -0.20703724960773262 0 0
49 0 42 1 49 106 7 39 -1 0.20703724960773262 0 -0.20703724960773262 0 -0.20703724960773262 0 0
49 0 43 1 49 107 6 38 -1 0.20703724960773262 0 -0.20703724960773262 0 -0.20703724960773262 0 0
49 0 44 1 49 108 5 37 -1 0.20703724960773262 0 -0.20703724960773262 0 -0.20703724960773262 0 0
49 0 45 1 49 109 4 36 -1 0.20703724960773262 0 -0.20703724960773262 0 -0.20703724960773262 0 0
49 0 46 1 49 110 3 35 -1 0.20703724960773262 0 -0.20703724960773262 0 -0.20703724960773262 0 0
49 0 47 1 49 111 2 34 -1 0.20703724960773262 0 -0.20703724960773262 0 -0.20703724960773262 0 0
49 0 48 1 49 112 1 33 -1 0.20703724960773262 0 -0.20703724960773262 0 -0.20703724960773262 0 0
49 0 49 1 49 113 0 32 1 0 0 0 0 0 0 0
49 0 50 1 49 114 1 33 1 0.20703724960773262 0 0.20703724960773262 0 0.20703724960773262 0 0
49 0 51 1 49 115 2 34 1 0.20703724960773262 0 0.20703724960773262 0 0.20703724960773262 0 0
49 0 52 1 49 116 3 35 1 0.20703724960773262 0 0.20703724960773262 0 0.20703724960773262 0 0
49 0 53 1 49 117 4 36 1 0.20703724960773262 0 0.20703724960773262 0 0.20703724960773262 0 0
49 0 54 1 49 118 5 37 1 0.20703724960773262 0 0.20703724960773262 0 0.20703724960773262 0 0
49 0 55 1 49 119 6 38 1 0.20703724960773262 0 0.20703724960773262 0 0.20703724960773262 0 0
49 0 56 1 49 120 7 39 1 0.20703724960773262 0 0.20703724960773262 0 0.20703724960773262 0 0
49 0 57 1 49 121 8 40 1 0.20703724960773262 0 0.20703724960773262 0 0.20703724960773262 0 0
49 0 58 1 49 122 9 41 1 0.20703724960773262 0 0.20703724960773262 0 0.20703724960773262 0 0
49 0 59 1 49 123 10 42 1 0.20703724960773262 0 0.20703724960773262 0 0.20703724960773262 0 0
49 0 60 1 49 124 11 43 1 0.20703724960773262 0 0.20703724960773262 0 0.20703724960773262 0 0
49 0 61 1 49 125 12 44 1 0.20703724960773262 0 0.20703724960773262 0 0.20703724960773262 0 0
49 0 62 1 49 126 13 45 1 0.20703724960773262 0 0.20703724960773262 0 0.20703724960773262 0 0
49 0 63 1 49 127 14 46 1 0.20703724960773262 0 0.20703724960773262 0 0.20703724960773262 0 0
50 0 51 0 50 51 1 0 1 1.5483719497275521 0 1.5483719497275521 0 1.5483719497275521 0 0
50 0 52 0 50 52 2 1 1 -0.62106902470630421 0 -0.62106902470630421 0 -0.62106902470630421 0 0
50 0 53 0 50 53 3 2 1 1.4591568302030655 0 1.4591568302030655 0 1.4591568302030655 0 0
50 0 54 0 50 54 4 3 1 -0.65922634871850916 0 -0.65922634871850916 0 -0.65922634871850916 0 0
50 0 55 0 50 55 5 4 1 1.4380193841453996 0 1.4380193841453996 0 1.4380193841453996 0 0
50 0 56 0 50 56 6 5 1 -0.67262681213945552 0 -0.67262681213945552 0 -0.67262681213945552 0 0
50 0 57 0 50 57 7 6 1 1.4287857099143846 0 1.4287857099143846 0 1.4287857099143846 0 0
50 0 58 0 50 58 8 7 1 -0.67935965176948165 0 -0.67935965176948165 0 -0.67935965176948165 0 0
50 0 59 0 50 59 9 8 1 1.423671853971749 0 1.423671853971749 0 1.423671853971749 0 0
50 0 60 0 50 60 10 9 1 -0.68336495168385192 0 -0.68336495168385192 0 -0.68336495168385192 0 0
50 0 61 0 50 61 11 10 1 1.4204592435907357 0 1.4204592435907357 0 1.4204592435907357 0 0
50 0 62 0 50 62 12 11 1 -0.68599076312992613 0 -0.68599076312992613 0 -0.68599076312992613 0 0
50 0 63 0 50 63 13 12 1 1.418280333004784 0 1.418280333004784 0 1.418280333004784 0 0
50 0 0 1 50 64 14 46 -1 0.20703724960773262 0 -0.20703724960773262 0 -0.20703724960773262 0 0
50 0 1 1 50 65 15 47 -1 0.20703724960773262 0 -0.20703724960773262 0 -0.20703724960773262 0 0
50 0 2 1 50 66 16 48 -1 0.20703724960773262 0 -0.20703724960773262 0 -0.20703724960773262 0 0
50 0 3 1 50 67 17 49 -1 0.20703724960773262 0 -0.20703724960773262 0 -0.20703724960773262 0 0
50 0 4 1 50 68 18 50 -1 0.20703724960773262 0 -0.20703724960773262 0 -0.20703724960773262 0 0
50 0 5 1 50 69 19 51 -1 0.20703724960773262 0 -0.20703724960773262 0 -0.20703724960773262 0 0
50 0 6 1 50 70 20 52 -1 0.20703724960773262 0 -0.20703724960773262 0 -0.20703724960773262 0 0
50 0 7 1 50 71 21 53 -1 0.20703724960773262 0 -0.20703724960773262 0 -0.20703724960773262 0 0
50 0 8 1 50 72 22 54 -1 0.20703724960773262 0 -0.20703724960773262 0 -0.20703724960773262 0 0
50 0 9 1 50 73 23 55 -1 0.20703724960773262 0 -0.20703724960773262 0 -0.20703724960773262 0 0
50 0 10 1 50 74 24 56 -1 0.20703724960773262 0 -0.20703724960773262 0 -0.20703724960773262 0 0
50 0 11 1 50 75 25 57 -1 0.20703724960773262 0 -0.20703724960773262 0 -0.20703724960773262 0 0
50 0 12 1 50 76 26 58 -1 0.20703724960773262 0 -0.20703724960773262 0 -0.20703724960773262 0 0
50 0 13 1 50 77 27 59 -1 0.20703724960773262 0 -0.20703724960773262 0 -0.20703724960773262 0 0
50 0 14 1 50 78 28 60 -1 0.20703724960773262 0 -0.20703724960773262 0 -0.20703724960773262 0 0
50 0 15 1 50 79 29 61 -1 0.20703724960773262 0 -0.20703724960773262 0 -0.20703724960773262 0 0
50 0 16 1 50 80 30 62 -1 0.20703724960773262 0 -0.20703724960773262 0 -0.20703724960773262 0 0
50 0 17 1 50 81 31 63 -1 0.20703724960773262 0 -0.20703724960773262 0 -0.20703724960773262 0 0
50 0 18 1 50 82 32 64 -1 0.20703724960773262 0 -0.20703724960773262 0 -0.20703724960773262 0 0
50 0 19 1 50 83 31 63 -1 0.20703724960773262 0 -0.20703724960773262 0 -0.20703724960773262 0 0
50 0 20 1 50 84 30 62 -1 0.20703724960773262 0 -0.20703724960773262 0 -0.20703724960773262 0 0
50 0 21 1 50 85 29 61 -1 0.20703724960773262 0 -0.20703724960773262 0 -0.20703724960773262 0 0
50 0 22 1 50 86 28 60 -1 0.20703724960773262 0 -0.20703724960773262 0 -0.20703724960773262 0 0
50 0 23 1 50 87 27 59 -1 0.20703724960773262 0 -0.20703724960773262 0 -0.20703724960773262 0 0
50 0 24 1 50 88 26 58 -1 0.20703724960773262 0 -0.20703724960773262 0 -0.20703724960773262 0 0
50 0 25 1 50 89 25 57 -1 0.20703724960773262 0 -0.20703724960773262 0 -0.20703724960773262 0 0
50 0 26 1 50 90 24 56 -1 0.20703724960773262 0 -0.20703724960773262 0 -0.20703724960773262 0 0
50 0 27 1 50 91 23 55 -1 0.20703724960773262 0 -0.20703724960773262 0 -0.20703724960773262 0 0
50 0 28 1 50 92 22 54 -1 0.20703724960773262 0 -0.20703724960773262 0 -0.20703724960773262 0 0
50 0 29 1 50 93 21 53 -1 0.20703724960773262 0 -0.20703724960773262 0 -0.20703724960773262 0 0
50 0 30 1 50 94 20 52 -1 0.20703724960773262 0 -0.20703724960773262 0 -0.20703724960773262 0 0
50 0 31 1 50 95 19 51 -1 0.20703724960773262 0 -0.20703724960773262 0 -0.20703724960773262 0 0
50 0 32 1 50 96 18 50 -1 0.20703724960773262 0 -0.20703724960773262 0 -0.20703724960773262 0 0
50 0 33 1 50 97 17 49 -1 0.20703724960773262 0 -0.20703724960773262 0 -0.20703724960773262 0 0
50 0 34 1 50 98 16 48 -1 0.20703724960773262 0 -0.20703724960773262 0 -0.20703724960773262 0 0
50 0 35 1 50 99 15 47 -1 0.20703724960773262 0 -0.20703724960773262 0 -0.20703724960773262 0 0
50 0 36 1 50 100 14 46 -1 0.20703724960773262 0 -0.20703724960773262 0 -0.20703724960773262 0 0
50 0 37 1 50 101 13 45 -1 0.20703724960773262 0 -0.20703724960773262 0 -0.20703724960773262 0 0
50 0 38 1 50 102 12 44 -1 0.20703724960773262 0 -0.20703724960773262 0 -0.20703724960773262 0 0
50 0 39 1 50 103 11 43 -1 0.20703724960773262 0 -0.20703724960773262 0 -0.20703724960773262 0 0
50 0 40 1 50 104 10 42 -1 0.20703724960773262 0 -0.20703724960773262 0 -0.20703724960773262 0 0
50 0 41 1 50 105 9 41 -1 0.20703724960773262 0 -0.20703724960773262 0 -0.20703724960773262 0 0
50 0 42 1 50 106 8 40 -1 0.20703724960773262 0 -0.20703724960773262 0 -0.20703724960773262 0 0
50 0 43 1 50 107 7 39 -1 0.20703724960773262 0 -0.20703724960773262 0 -0.20703724960773262 0 0
50 0 44 1 50 108 6 38 -1 0.20703724960773262 0 -0.20703724960773262 0 -0.20703724960773262 0 0
50 0 45 1 50 109 5 37 -1 0.20703724960773262 0 -0.20703724960773262 0 -0.20703724960773262 0 0
50 0 46 1 50 110 4 36 -1 0.20703724960773262 0 -0.20703724960773262 0 -0.20703724960773262 0 0
50 0 47 1 50 111 3 35 -1 0.20703724960773262 0 -0.20703724960773262 0 -0.20703724960773262 0 0
50 0 48 1 50 112 2 34 -1 0.20703724960773262 0 -0.20703724960773262 0 -0.20703724960773262 0 0
50 0 49 1 50 113 1 33 -1 0.20703724960773262 0 -0.20703724960773262 0 -0.20703724960773262 0 0
50 0 50 1 50 114 0 32 1 0 0 0 0 0 0 0
50 0 51 1 50 115 1 33 1 0.20703724960773262 0 0.20703724960773262 0 0.20703724960773262 0 0
50 0 52 1 50 116 2 34 1 0.20703724960773262 0 0.20703724960773262 0 0.20703724960773262 0 0
50 0 53 1 50 117 3 35 1 0.20703724960773262 0 0.20703724960773262 0 0.20703724960773262 0 0
50 0 54 1 50 118 4 36 1 0.20703724960773262 0 0.20703724960773262 0 0.20703724960773262 0 0
50 0 55 1 50 119 5 37 1 0.20703724960773262 0 0.20703724960773262 0 0.20703724960773262 0 0
50 0 56 1 50 120 6 38 1 0.20703724960773262 0 0.20703724960773262 0 0.20703724960773262 0 0
50 0 57 1 50 121 7 39 1 0.20703724960773262 0 0.20703724960773262 0 0.20703724960773262 0 0
50 0 58 1 50 122 8 40 1 0.20703724960773262 0 0.20703724960773262 0 0.20703724960773262 0 0
50 0 59 1 50 123 9 41 1 0.20703724960773262 0 0.20703724960773262 0 0.20703724960773262 0 0
50 0 60 1 50 124 10 42 1 0.20703724960773262 0 0.20703724960773262 0 0.20703724960773262 0 0
50 0 61 1 50 125 11 43 1 0.20703724960773262 0 0.20703724960773262 0 0.20703724960773262 0 0
50 0 62 1 50 126 12 44 1 0.20703724960773262 0 0.20703724960773262 0 0.20703724960773262 0 0
50 0 63 1 50 127 13 45 1 0.20703724960773262 0 0.20703724960773262 0 0.20703724960773262 0 0
51 0 52 0 51 52 1 0 1 1.5483719497275521 0 1.5483719497275521 0 1.5483719497275521 0 0
51 0 53 0 51 53 2 1 1 -0.62106902470630421 0 -0.62106902470630421 0 -0.62106902470630421 0 0
51 0 54 0 51 54 3 2 1 1.4591568302030655 0 1.4591568302030655 0 1.4591568302030655 0 0
51 0 55 0 51 55 4 3 1 -0.65922634871850916 0 -0.65922634871850916 0 -0.65922634871850916 0 0
51 0 56 0 51 56 5 4 1 1.4380193841453996 0 1.4380193841453996 0 1.4380193841453996 0 0
51 0 57 0 51 57 6 5 1 -0.67262681213945552 0 -0.67262681213945552 0 -0.67262681213945552 0 0
51 0 58 0 51 58 7 6 1 1.4287857099143846 0 1.4287857099143846 0 1.4287857099143846 0 0
51 0 59 0 51 59 8 7 1 -0.67935965176948165 0 -0.67935965176948165 0 -0.67935965176948165 0 0
51 0 60 0 51 60 9 8 1 1.423671853971749 0 1.423671853971749 0 1.423671853971749 0 0
51 0 61 0 51 61 10 9 1 -0.68336495168385192 0 -0.68336495168385192 0 -0.68336495168385192 0 0
51 0 62 0 51 62 11 10 1 1.4204592435907357 0 1.4204592435907357 0 1.4204592435907357 0 0
51 0 63 0 51 63 12 11 1 -0.68599076312992613 0 -0.68599076312992613 0 -0.68599076312992613 0 0
51 0 0 1 51 64 13 45 -1 0.20703724960773262 0 -0.20703724960773262 0 -0.20703724960773262 0 0
51 0 1 1 51 65 14 46 -1 0.20703724960773262 0 -0.20703724960773262 0 -0.20703724960773262 0 0
51 0 2 1 51 66 15 47 -1 0.20703724960773262 0 -0.20703724960773262 0 -0.20703724960773262 0 0
51 0 3 1 51 67 16 48 -1 0.20703724960773262 0 -0.20703724960773262 0 -0.20703724960773262 0 0
51 0 4 1 51 68 17 49 -1 0.20703724960773262 0 -0.20703724960773262 0 -0.20703724960773262 0 0
51 0 5 1 51 69 18 50 -1 0.20703724960773262 0 -0.20703724960773262 0 -0.20703724960773262 0 0
51 0 6 1 51 70 19 51 -1 0.20703724960773262 0 -0.20703724960773262 0 -0.20703724960773262 0 0
51 0 7 1 51 71 20 52 -1 0.20703724960773262 0 -0.20703724960773262 0 -0.20703724960773262 0 0
51 0 8 1 51 72 21 53 -1 0.20703724960773262 0 -0.20703724960773262 0 -0.20703724960773262 0 0
51 0 9 1 51 73 22 54 -1 0.20703724960773262 0 -0.20703724960773262 0 -0.20703724960773262 0 0
51 0 10 1 51 74 23 55 -1 0.20703724960773262 0 -0.20703724960773262 0 -0.20703724960773262 0 0
51 0 11 1 51 75 24 56 -1 0.20703724960773262 0 -0.20703724960773262 0 -0.20703724960773262 0 0
51 0 12 1 51 76 25 57 -1 0.20703724960773262 0 -0.20703724960773262 0 -0.20703724960773262 0 0
51 0 13 1 51 77 26 58 -1 0.20703724960773262 0 -0.20703724960773262 0 -0.20703724960773262 0 0
51 0 14 1 51 78 27 59 -1 0.20703724960773262 0 -0.20703724960773262 0 -0.20703724960773262 0 0
51 0 15 1 51 79 28 60 -1 0.20703724960773262 0 -0.20703724960773262 0 -0.20703724960773262 0 0
51 0 16 1 51 80 29 61 -1 0.20703724960773262 0 -0.20703724960773262 0 -0.20703724960773262 0 0
51 0 17 1 51 81 30 62 -1 0.20703724960773262 0 -0.20703724960773262 0 -0.20703724960773262 0 0
51 0 18 1 51 82 31 63 -1 0.20703724960773262 0 -0.20703724960773262 0 -0.20703724960773262 0 0
51 0 19 1 51 83 32 64 -1 0.20703724960773262 0 -0.20703724960773262 0 -0.20703724960773262 0 0
51 0 20 1 51 84 31 63 -1 0.20703724960773262 0 -0.20703724960773262 0 -0.20703724960773262 0 0
51 0 21 1 51 85 30 62 -1 0.20703724960773262 0 -0.20703724960773262 0 -0.20703724960773262 0 0
51 0 22 1 51 86 29 61 -1 0.20703724960773262 0 -0.20703724960773262 0 -0.20703724960773262 0 0
51 0 23 1 51 87 28 60 -1 0.20703724960773262 0 -0.20703724960773262 0 -0.20703724960773262 0 0
51 0 24 1 51 88 27 59 -1 0.20703724960773262 0 -0.20703724960773262 0 -0.20703724960773262 0 0
51 0 25 1 51 89 26 58 -1 0.20703724960773262 0 -0.20703724960773262 0 -0.20703724960773262 0 0
51 0 26 1 51 90 25 57 -1 0.20703724960773262 0 -0.20703724960773262 0 -0.20703724960773262 0 0
51 0 27 1 51 91 24 56 -1 0.20703724960773262 0 -0.20703724960773262 0 -0.20703724960773262 0 0
51 0 28 1 51 92 23 55 -1 0.20703724960773262 0 -0.20703724960773262 0 -0.20703724960773262 0 0
51 0 29 1 51 93 22 54 -1 0.20703724960773262 0 -0.20703724960773262 0 -0.20703724960773262 0 0
51 0 30 1 51 94 21 53 -1 0.20703724960773262 0 -0.20703724960773262 0 -0.20703724960773262 0 0
51 0 31 1 51 95 20 52 -1 0.20703724960773262 0 -0.20703724960773262 0 -0.20703724960773262 0 0
51 0 32 1 51 96 19 51 -1 0.20703724960773262 0 -0.20703724960773262 0 -0.20703724960773262 0 0
51 0 33 1 51 97 18 50 -1 0.20703724960773262 0 -0.20703724960773262 0 -0.20703724960773262 0 0
51 0 34 1 51 98 17 49 -1 0.20703724960773262 0 -0.20703724960773262 0 -0.20703724960773262 0 0
51 0 35 1 51 99 16 48 -1 0.20703724960773262 0 -0.20703724960773262 0 -0.20703724960773262 0 0
51 0 36 1 51 100 15 47 -1 0.20703724960773262 0 -0.20703724960773262 0 -0.20703724960773262 0 0
51 0 37 1 51 101 14 46 -1 0.20703724960773262 0 -0.20703724960773262 0 -0.20703724960773262 0 0
51 0 38 1 51 102 13 45 -1 0.20703724960773262 0 -0.20703724960773262 0 -0.20703724960773262 0 0
51 0 39 1 51 103 12 44 -1 0.20703724960773262 0 -0.20703724960773262 0 -0.20703724960773262 0 0
51 0 40 1 51 104 11 43 -1 0.20703724960773262 0 -0.20703724960773262 0 -0.20703724960773262 0 0
51 0 41 1 51 105 10 42 -1 0.20703724960773262 0 -0.20703724960773262 0 -0.20703724960773262 0 0
51 0 42 1 51 106 9 41 -1 0.20703724960773262 0 -0.20703724960773262 0 -0.20703724960773262 0 0
51 0 43 1 51 107 8 40 -1 0.20703724960773262 0 -0.20703724960773262 0 -0.20703724960773262 0 0
51 0 44 1 51 108 7 39 -1 0.20703724960773262 0 -0.20703724960773262 0 -0.20703724960773262 0 0
51 0 45 1 51 109 6 38 -1 0.20703724960773262 0 -0.20703724960773262 0 -0.20703724960773262 0 0
51 0 46 1 51 110 5 37 -1 0.20703724960773262 0 -0.20703724960773262 0 -0.20703724960773262 0 0
51 0 47 1 51 111 4 36 -1 0.20703724960773262 0 -0.20703724960773262 0 -0.20703724960773262 0 0
51 0 48 1 51 112 3 35 -1 0.20703724960773262 0 -0.20703724960773262 0 -0.20703724960773262 0 0
51 0 49 1 51 113 2 34 -1 0.20703724960773262 0 -0.20703724960773262 0 -0.20703724960773262 0 0
51 0 50 1 51 114 1 33 -1 0.20703724960773262 0 -0.20703724960773262 0 -0.20703724960773262 0 0
51 0 51 1 51 115 0 32 1 0 0 0 0 0 0 0
51 0 52 1 51 116 1 33 1 0.20703724960773262 0 0.20703724960773262 0 0.20703724960773262 0 0
51 0 53 1 51 117 2 34 1 0.20703724960773262 0 0.20703724960773262 0 0.20703724960773262 0 0
51 0 54 1 51 118 3 35 1 0.20703724960773262 0 0.20703724960773262 0 0.20703724960773262 0 0
51 0 55 1 51 119 4 36 1 0.20703724960773262 0 0.20703724960773262 0 0.20703724960773262 0 0
51 0 56 1 51 120 5 37 1 0.20703724960773262 0 0.20703724960773262 0 0.20703724960773262 0 0
51 0 57 1 51 121 6 38 1 0.20703724960773262 0 0.20703724960773262 0 0.20703724960773262 0 0
51 0 58 1 51 122 7 39 1 0.20703724960773262 0 0.20703724960773262 0 0.20703724960773262 0 0
51 0 59 1 51 123 8 40 1 0.20703724960773262 0 0.20703724960773262 0 0.20703724960773262 0 0
51 0 60 1 51 124 9 41 1 0.20703724960773262 0 0.20703724960773262 0 0.20703724960773262 0 0
51 0 61 1 51 125 10 42 1 0.20703724960773262 0 0.20703724960773262 0 0.20703724960773262 0 0
51 0 62 1 51 126 11 43 1 0.20703724960773262 0 0.20703724960773262 0 0.20703724960773262 0 0
51 0 63 1 51 127 12 44 1 0.20703724960773262 0 0.20703724960773262 0 0.20703724960773262 0 0
52 0 53 0 52 53 1 0 1 1.5483719497275521 0 1.5483719497275521 0 1.5483719497275521 0 0
52 0 54 0 52 54 2 1 1 -0.62106902470630421 0 -0.62106902470630421 0 -0.62106902470630421 0 0
52 0 55 0 52 55 3 2 1 1.4591568302030655 0 1.4591568302030655 0 1.4591568302030655 0 0
52 0 56 0 52 56 4 3 1 -0.65922634871850916 0 -0.65922634871850916 0 -0.65922634871850916 0 0
52 0 57 0 52 57 5 4 1 1.4380193841453996 0 1.4380193841453996 0 1.4380193841453996 0 0
52 0 58 0 52 58 6 5 1 -0.67262681213945552 0 -0.67262681213945552 0 -0.67262681213945552 0 0
52 0 59 0 52 59 7 6 1 1.4287857099143846 0 1.4287857099143846 0 1.4287857099143846 0 0
52 0 60 0 52 60 8 7 1 -0.67935965176948165 0 -0.67935965176948165 0 -0.67935965176948165 0 0
52 0 61 0 52 61 9 8 1 1.423671853971749 0 1.423671853971749 0 1.423671853971749 0 0
52 0 62 0 52 62 10 9 1 -0.68336495168385192 0 -0.68336495168385192 0 -0.68336495168385192 0 0
52 0 63 0 52 63 11 10 1 1.4204592435907357 0 1.4204592435907357 0 1.4204592435907357 0 0
52 0 0 1 52 64 12 44 -1 0.20703724960773262 0 -0.20703724960773262 0 -0.20703724960773262 0 0
52 0 1 1 52 65 13 45 -1 0.20703724960773262 0 -0.20703724960773262 0 -0.20703724960773262 0 0
52 0 2 1 52 66 14 46 -1 0.20703724960773262 0 -0.20703724960773262 0 -0.20703724960773262 0 0
52 0 3 1 52 67 15 47 -1 0.20703724960773262 0 -0.20703724960773262 0 -0.20703724960773262 0 0
52 0 4 1 52 68 16 48 -1 0.20703724960773262 0 -0.20703724960773262 0 -0.20703724960773262 0 0
52 0 5 1 52 69 17 49 -1 0.20703724960773262 0 -0.20703724960773262 0 -0.20703724960773262 0 0
52 0 6 1 52 70 18 50 -1 0.20703724960773262 0 -0.20703724960773262 0 -0.20703724960773262 0 0
52 0 7 1 52 71 19 51 -1 0.20703724960773262 0 -0.20703724960773262 0 -0.20703724960773262 0 0
52 0 8 1 52 72 20 52 -1 0.20703724960773262 0 -0.20703724960773262 0 -0.20703724960773262 0 0
52 0 9 1 52 73 21 53 -1 0.20703724960773262 0 -0.20703724960773262 0 -0.20703724960773262 0 0
52 0 10 1 52 74 22 54 -1 0.20703724960773262 0 -0.20703724960773262 0 -0.20703724960773262 0 0
52 0 11 1 52 75 23 55 -1 0.20703724960773262 0 -0.20703724960773262 0 -0.20703724960773262 0 0
52 0 12 1 52 76 24 56 -1 0.20703724960773262 0 -0.20703724960773262 0 -0.20703724960773262 0 0
52 0 13 1 52 77 25 57 -1 0.20703724960773262 0 -0.20703724960773262 0 -0.20703724960773262 0 0
52 0 14 1 52 78 26 58 -1 0.20703724960773262 0 -0.20703724960773262 0 -0.20703724960773262 0 0
52 0 15 1 52 79 27 59 -1 0.20703724960773262 0 -0.20703724960773262 0 -0.20703724960773262 0 0
52 0 16 1 52 80 28 60 -1 0.20703724960773262 0 -0.20703724960773262 0 -0.20703724960773262 0 0
52 0 17 1 52 81 29 61 -1 0.20703724960773262 0 -0.20703724960773262 0 -0.20703724960773262 0 0
52 0 18 1 52 82 30 62 -1 0.20703724960773262 0 -0.20703724960773262 0 -0.20703724960773262 0 0
52 0 19 1 52 83 31 63 -1 0.20703724960773262 0 -0.20703724960773262 0 -0.20703724960773262 0 0
52 0 20 1 52 84 32 64 -1 0.20703724960773262 0 -0.20703724960773262 0 -0.20703724960773262 0 0
52 0 21 1 52 85 31 63 -1 0.20703724960773262 0 -0.20703724960773262 0 -0.20703724960773262 0 0
52 0 22 1 52 86 30 62 -1 0.20703724960773262 0 -0.20703724960773262 0 -0.20703724960773262 0 0
52 0 23 1 52 87 29 61 -1 0.20703724960773262 0 -0.20703724960773262 0 -0.20703724960773262 0 0
52 0 24 1 52 88 28 60 -1 0.20703724960773262 0 -0.20703724960773262 0 -0.20703724960773262 0 0
52 0 25 1 52 89 27 59 -1 0.20703724960773262 0 -0.20703724960773262 0 -0.20703724960773262 0 0
52 0 26 1 52 90 26 58 -1 0.20703724960773262 0 -0.20703724960773262 0 -0.20703724960773262 0 0
52 0 27 1 52 91 25 57 -1 0.20703724960773262 0 -0.20703724960773262 0 -0.20703724960773262 0 0
52 0 28 1 52 92 24 56 -1 0.20703724960773262 0 -0.20703724960773262 0 -0.20703724960773262 0 0
52 0 29 1 52 93 23 55 -1 0.20703724960773262 0 -0.20703724960773262 0 -0.20703724960773262 0 0
52 0 30 1 52 94 22 54 -1 0.20703724960773262 0 -0.20703724960773262 0 -0.20703724960773262 0 0
52 0 31 1 52 95 21 53 -1 0.20703724960773262 0 -0.20703724960773262 0 -0.20703724960773262 0 0
52 0 32 1 52 96 20 52 -1 0.20703724960773262 0 -0.20703724960773262 0 -0.20703724960773262 0 0
52 0 33 1 52 97 19 51 -1 0.20703724960773262 0 -0.20703724960773262 0 -0.20703724960773262 0 0
52 0 34 1 52 98 18 50 -1 0.20703724960773262 0 -0.20703724960773262 0 -0.20703724960773262 0 0
52 0 35 1 52 99 17 49 -1 0.20703724960773262 0 -0.20703724960773262 0 -0.20703724960773262 0 0
52 0 36 1 52 100 16 48 -1 0.20703724960773262 0 -0.20703724960773262 0 -0.20703724960773262 0 0
52 0 37 1 52 101 15 47 -1 0.20703724960773262 0 -0.20703724960773262 0 -0.20703724960773262 0 0
52 0 38 1 52 102 14 46 -1 0.20703724960773262 0 -0.20703724960773262 0 -0.20703724960773262 0 0
52 0 39 1 52 103 13 45 -1 0.20703724960773262 0 -0.20703724960773262 0 -0.20703724960773262 0 0
52 0 40 1 52 104 12 44 -1 0.20703724960773262 0 -0.20703724960773262 0 -0.20703724960773262 0 0
52 0 41 1 52 105 11 43 -1 0.20703724960773262 0 -0.20703724960773262 0 -0.20703724960773262 0 0
52 0 42 1 52 106 10 42 -1 0.20703724960773262 0 -0.20703724960773262 0 -0.20703724960773262 0 0
52 0 43 1 52 107 9 41 -1 0.20703724960773262 0 -0.20703724960773262 0 -0.20703724960773262 0 0
52 0 44 1 52 108 8 40 -1 0.20703724960773262 0 -0.20703724960773262 0 -0.20703724960773262 0 0
52 0 45 1 52 109 7 39 -1 0.20703724960773262 0 -0.20703724960773262 0 -0.20703724960773262 0 0
52 0 46 1 52 110 6 38 -1 0.20703724960773262 0 -0.20703724960773262 0 -0.20703724960773262 0 0
52 0 47 1 52 111 5 37 -1 0.20703724960773262 0 -0.20703724960773262 0 -0.20703724960773262 0 0
52 0 48 1 52 112 4 36 -1 0.20703724960773262 0 -0.20703724960773262 0 -0.20703724960773262 0 0
52 0 49 1 52 113 3 35 -1 0.20703724960773262 0 -0.20703724960773262 0 -0.20703724960773262 0 0
52 0 50 1 52 114 2 34 -1 0.20703724960773262 0 -0.20703724960773262 0 -0.20703724960773262 0 0
52 0 51 1 52 115 1 33 -1 0.20703724960773262 0 -0.20703724960773262 0 -0.20703724960773262 0 0
52 0 52 1 52 116 0 32 1 0 0 0 0 0 0 0
52 0 53 1 52 117 1 33 1 0.20703724960773262 0 0.20703724960773262 0 0.20703724960773262 0 0
52 0 54 1 52 118 2 34 1 0.20703724960773262 0 0.20703724960773262 0 0.20703724960773262 0 0
52 0 55 1 52 119 3 35 1 0.20703724960773262 0 0.20703724960773262 0 0.20703724960773262 0 0
52 0 56 1 52 120 4 36 1 0.20703724960773262 0 0.20703724960773262 0 0.20703724960773262 0 0
52 0 57 1 52 121 5 37 1 0.20703724960773262 0 0.20703724960773262 0 0.20703724960773262 0 0
52 0 58 1 52 122 6 38 1 0.20703724960773262 0 0.20703724960773262 0 0.20703724960773262 0 0
52 0 59 1 52 123 7 39 1 0.20703724960773262 0 0.20703724960773262 0 0.20703724960773262 0 0
52 0 60 1 52 124 8 40 1 0.20703724960773262 0 0.20703724960773262 0 0.20703724960773262 0 0
52 0 61 1 52 125 9 41 1 0.20703724960773262 0 0.20703724960773262 0 0.20703724960773262 0 0
52 0 62 1 52 126 10 42 1 0.20703724960773262 0 0.20703724960773262 0 0.20703724960773262 0 0
52 0 63 1 52 127 11 43 1 0.20703724960773262 0 0.20703724960773262 0 0.20703724960773262 0 0
53 0 54 0 53 54 1 0 1 1.5483719497275521 0 1.5483719497275521 0 1.5483719497275521 0 0
53 0 55 0 53 55 2 1 1 -0.62106902470630421 0 -0.62106902470630421 0 -0.62106902470630421 0 0
53 0 56 0 53 56 3 2 1 1.4591568302030655 0 1.4591568302030655 0 1.4591568302030655 0 0
53 0 57 0 53 57 4 3 1 -0.65922634871850916 0 -0.65922634871850916 0 -0.65922634871850916 0 0
53 0 58 0 53 58 5 4 1 1.4380193841453996 0 1.4380193841453996 0 1.4380193841453996 0 0
53 0 59 0 53 59 6 5 1 -0.67262681213945552 0 -0.67262681213945552 0 -0.67262681213945552 0 0
53 0 60 0 53 60 7 6 1 1.4287857099143846 0 1.4287857099143846 0 1.4287857099143846 0 0
53 0 61 0 53 61 8 7 1 -0.67935965176948165 0 -0.67935965176948165 0 -0.67935965176948165 0 0
53 0 62 0 53 62 9 8 1 1.423671853971749 0 1.423671853971749 0 1.423671853971749 0 0
53 0 63 0 53 63 10 9 1 -0.68336495168385192 0 -0.68336495168385192 0 -0.68336495168385192 0 0
53 0 0 1 53 64 11 43 -1 0.20703724960773262 0 -0.20703724960773262 0 -0.20703724960773262 0 0
53 0 1 1 53 65 12 44 -1 0.20703724960773262 0 -0.20703724960773262 0 -0.20703724960773262 0 0
53 0 2 1 53 66 13 45 -1 0.20703724960773262 0 -0.20703724960773262 0 -0.20703724960773262 0 0
53 0 3 1 53 67 14 46 -1 0.20703724960773262 0 -0.20703724960773262 0 -0.20703724960773262 0 0
53 0 4 1 53 68 15 47 -1 0.20703724960773262 0 -0.20703724960773262 0 -0.20703724960773262 0 0
53 0 5 1 53 69 16 48 -1 0.20703724960773262 0 -0.20703724960773262 0 -0.20703724960773262 0 0
53 0 6 1 53 70 17 49 -1 0.20703724960773262 0 -0.20703724960773262 0 -0.20703724960773262 0 0
53 0 7 1 53 71 18 50 -1 0.20703724960773262 0 -0.20703724960773262 0 -0.20703724960773262 0 0
53 0 8 1 53 72 19 51 -1 0.20703724960773262 0 -0.20703724960773262 0 -0.20703724960773262 0 0
53 0 9 1 53 73 20 52 -1 0.20703724960773262 0 -0.20703724960773262 0 -0.20703724960773262 0 0
53 0 10 1 53 74 21 53 -1 0.20703724960773262 0 -0.20703724960773262 0 -0.20703724960773262 0 0
53 0 11 1 53 75 22 54 -1 0.20703724960773262 0 -0.20703724960773262 0 -0.20703724960773262 0 0
53 0 12 1 53 76 23 55 -1 0.20703724960773262 0 -0.20703724960773262 0 -0.20703724960773262 0 0
53 0 13 1 53 77 24 56 -1 0.20703724960773262 0 -0.20703724960773262 0 -0.20703724960773262 0 0
53 0 14 1 53 78 25 57 -1 0.20703724960773262 0 -0.20703724960773262 0 -0.20703724960773262 0 0
53 0 15 1 53 79 26 58 -1 0.20703724960773262 0 -0.20703724960773262 0 -0.20703724960773262 0 0
53 0 16 1 53 80 27 59 -1 0.20703724960773262 0 -0.20703724960773262 0 -0.20703724960773262 0 0
53 0 17 1 53 81 28 60 -1 0.20703724960773262 0 -0.20703724960773262 0 -0.20703724960773262 0 0
53 0 18 1 53 82 29 61 -1 0.20703724960773262 0 -0.20703724960773262 0 -0.20703724960773262 0 0
53 0 19 1 53 83 30 62 -1 0.20703724960773262 0 -0.20703724960773262 0 -0.20703724960773262 0 0
53 0 20 1 53 84 31 63 -1 0.20703724960773262 0 -0.20703724960773262 0 -0.20703724960773262 0 0
53 0 21 1 53 85 32 64 -1 0.20703724960773262 0 -0.20703724960773262 0 -0.20703724960773262 0 0
53 0 22 1 53 86 31 63 -1 0.20703724960773262 0 -0.20703724960773262 0 -0.20703724960773262 0 0
53 0 23 1 53 87 30 62 -1 0.20703724960773262 0 -0.20703724960773262 0 -0.20703724960773262 0 0
53 0 24 1 53 88 29 61 -1 0.20703724960773262 0 -0.20703724960773262 0 -0.20703724960773262 0 0
53 0 25 1 53 89 28 60 -1 0.20703724960773262 0 -0.20703724960773262 0 -0.20703724960773262 0 0
53 0 26 1 53 90 27 59 -1 0.20703724960773262 0 -0.20703724960773262 0 -0.20703724960773262 0 0
53 0 27 1 53 91 26 58 -1 0.20703724960773262 0 -0.20703724960773262 0 -0.20703724960773262 0 0
53 0 28 1 53 92 25 57 -1 0.20703724960773262 0 -0.20703724960773262 0 -0.20703724960773262 0 0
53 0 29 1 53 93 24 56 -1 0.20703724960773262 0 -0.20703724960773262 0 -0.20703724960773262 0 0
53 0 30 1 53 94 23 55 -1 0.20703724960773262 0 -0.20703724960773262 0 -0.20703724960773262 0 0
53 0 31 1 53 95 22 54 -1 0.20703724960773262 0 -0.20703724960773262 0 -0.20703724960773262 0 0
53 0 32 1 53 96 21 53 -1 0.20703724960773262 0 -0.20703724960773262 0 -0.20703724960773262 0 0
53 0 33 1 53 97 20 52 -1 0.20703724960773262 0 -0.20703724960773262 0 -0.20703724960773262 0 0
53 0 34 1 53 98 19 51 -1 0.20703724960773262 0 -0.20703724960773262 0 -0.20703724960773262 0 0
53 0 35 1 53 99 18 50 -1 0.20703724960773262 0 -0.20703724960773262 0 -0.20703724960773262 0 0
53 0 36 1 53 100 17 49 -1 0.20703724960773262 0 -0.20703724960773262 0 -0.20703724960773262 0 0
53 0 37 1 53 101 16 48 -1 0.20703724960773262 0 -0.20703724960773262 0 -0.20703724960773262 0 0
53 0 38 1 53 102 15 47 -1 0.20703724960773262 0 -0.20703724960773262 0 -0.20703724960773262 0 0
53 0 39 1 53 103 14 46 -1 0.20703724960773262 0 -0.20703724960773262 0 -0.20703724960773262 0 0
53 0 40 1 53 104 13 45 -1 0.20703724960773262 0 -0.20703724960773262 0 -0.20703724960773262 0 0
53 0 41 1 53 105 12 44 -1 0.20703724960773262 0 -0.20703724960773262 0 -0.20703724960773262 0 0
53 0 42 1 53 106 11 43 -1 0.20703724960773262 0 -0.20703724960773262 0 -0.20703724960773262 0 0
53 0 43 1 53 107 10 42 -1 0.20703724960773262 0 -0.20703724960773262 0 -0.20703724960773262 0 0
53 0 44 1 53 108 9 41 -1 0.20703724960773262 0 -0.20703724960773262 0 -0.20703724960773262 0 0
53 0 45 1 53 109 8 40 -1 0.20703724960773262 0 -0.20703724960773262 0 -0.20703724960773262 0 0
53 0 46 1 53 110 7 39 -1 0.20703724960773262 0 -0.20703724960773262 0 -0.20703724960773262 0 0
53 0 47 1 53 111 6 38 -1 0.20703724960773262 0 -0.20703724960773262 0 -0.20703724960773262 0 0
53 0 48 1 53 112 5 37 -1 0.20703724960773262 0 -0.20703724960773262 0 -0.20703724960773262 0 0
53 0 49 1 53 113 4 36 -1 0.20703724960773262 0 -0.20703724960773262 0 -0.20703724960773262 0 0
53 0 50 1 53 114 3 35 -1 0.20703724960773262 0 -0.20703724960773262 0 -0.20703724960773262 0 0
53 0 51 1 53 115 2 34 -1 0.20703724960773262 0 -0.20703724960773262 0 -0.20703724960773262 0 0
53 0 52 1 53 116 1 33 -1 0.20703724960773262 0 -0.20703724960773262 0 -0.20703724960773262 0 0
53 0 53 1 53 117 0 32 1 0 0 0 0 0 0 0
53 0 54 1 53 118 1 33 1 0.20703724960773262 0 0.20703724960773262 0 0.20703724960773262 0 0
53 0 55 1 53 119 2 34 1 0.20703724960773262 0 0.20703724960773262 0 0.20703724960773262 0 0
53 0 56 1 53 120 3 35 1 0.20703724960773262 0 0.20703724960773262 0 0.20703724960773262 0 0
53 0 57 1 53 121 4 36 1 0.20703724960773262 0 0.20703724960773262 0 0.20703724960773262 0 0
53 0 58 1 53 122 5 37 1 0.20703724960773262 0 0.20703724960773262 0 0.20703724960773262 0 0
53 0 59 1 53 123 6 38 1 0.20703724960773262 0 0.20703724960773262 0 0.20703724960773262 0 0
53 0 60 1 53 124 7 39 1 0.20703724960773262 0 0.20703724960773262 0 0.20703724960773262 0 0
53 0 61 1 53 125 8 40 1 0.20703724960773262 0 0.20703724960773262 0 0.20703724960773262 0 0
53 0 62 1 53 126 9 41 1 0.20703724960773262 0 0.20703724960773262 0 0.20703724960773262 0 0
53 0 63 1 53 127 10 42 1 0.20703724960773262 0 0.20703724960773262 0 0.20703724960773262 0 0
54 0 55 0 54 55 1 0 1 1.5483719497275521 0 1.5483719497275521 0 1.5483719497275521 0 0
54 0 56 0 54 56 2 1 1 -0.62106902470630421 0 -0.62106902470630421 0 -0.62106902470630421 0 0
54 0 57 0 54 57 3 2 1 1.4591568302030655 0 1.4591568302030655 0 1.4591568302030655 0 0
54 0 58 0 54 58 4 3 1 -0.65922634871850916 0 -0.65922634871850916 0 -0.65922634871850916 0 0
54 0 59 0 54 59 5 4 1 1.4380193841453996 0 1.4380193841453996 0 1.4380193841453996 0 0
54 0 60 0 54 60 6 5 1 -0.67262681213945552 0 -0.67262681213945552 0 -0.67262681213945552 0 0
54 0 61 0 54 61 7 6 1 1.4287857099143846 0 1.4287857099143846 0 1.4287857099143846 0 0
54 0 62 0 54 62 8 7 1 -0.67935965176948165 0 -0.67935965176948165 0 -0.67935965176948165 0 0
54 0 63 0 54 63 9 8 1 1.423671853971749 0 1.423671853971749 0 1.423671853971749 0 0
54 0 0 1 54 64 10 42 -1 0.20703724960773262 0 -0.20703724960773262 0 -0.20703724960773262 0 0
54 0 1 1 54 65 11 43 -1 0.20703724960773262 0 -0.20703724960773262 0 -0.20703724960773262 0 0
54 0 2 1 54 66 12 44 -1 0.20703724960773262 0 -0.20703724960773262 0 -0.20703724960773262 0 0
54 0 3 1 54 67 13 45 -1 0.20703724960773262 0 -0.20703724960773262 0 -0.20703724960773262 0 0
54 0 4 1 54 68 14 46 -1 0.20703724960773262 0 -0.20703724960773262 0 -0.20703724960773262 0 0
54 0 5 1 54 69 15 47 -1 0.20703724960773262 0 -0.20703724960773262 0 -0.20703724960773262 0 0
54 0 6 1 54 70 16 48 -1 0.20703724960773262 0 -0.20703724960773262 0 -0.20703724960773262 0 0
54 0 7 1 54 71 17 49 -1 0.20703724960773262 0 -0.20703724960773262 0 -0.20703724960773262 0 0
54 0 8 1 54 72 18 50 -1 0.20703724960773262 0 -0.20703724960773262 0 -0.20703724960773262 0 0
54 0 9 1 54 73 19 51 -1 0.20703724960773262 0 -0.20703724960773262 0 -0.20703724960773262 0 0
54 0 10 1 54 74 20 52 -1 0.20703724960773262 0 -0.20703724960773262 0 -0.20703724960773262 0 0
54 0 11 1 54 75 21 53 -1 0.20703724960773262 0 -0.20703724960773262 0 -0.20703724960773262 0 0
54 0 12 1 54 76 22 54 -1 0.20703724960773262 0 -0.20703724960773262 0 -0.20703724960773262 0 0
54 0 13 1 54 77 23 55 -1 0.20703724960773262 0 -0.20703724960773262 0 -0.20703724960773262 0 0
54 0 14 1 54 78 24 56 -1 0.20703724960773262 0 -0.20703724960773262 0 -0.20703724960773262 0 0
54 0 15 1 54 79 25 57 -1 0.20703724960773262 0 -0.20703724960773262 0 -0.20703724960773262 0 0
54 0 16 1 54 80 26 58 -1 0.20703724960773262 0 -0.20703724960773262 0 -0.20703724960773262 0 0
54 0 17 1 54 81 27 59 -1 0.20703724960773262 0 -0.20703724960773262 0 -0.20703724960773262 0 0
54 0 18 1 54 82 28 60 -1 0.20703724960773262 0 -0.20703724960773262 0 -0.20703724960773262 0 0
54 0 19 1 54 83 29 61 -1 0.20703724960773262 0 -0.20703724960773262 0 -0.20703724960773262 0 0
54 0 20 1 54 84 30 62 -1 0.20703724960773262 0 -0.20703724960773262 0 -0.20703724960773262 0 0
54 0 21 1 54 85 31 63 -1 0.20703724960773262 0 -0.20703724960773262 0 -0.20703724960773262 0 0
54 0 22 1 54 86 32 64 -1 0.20703724960773262 0 -0.20703724960773262 0 -0.20703724960773262 0 0
54 0 23 1 54 87 31 63 -1 0.20703724960773262 0 -0.20703724960773262 0 -0.20703724960773262 0 0
54 0 24 1 54 88 30 62 -1 0.20703724960773262 0 -0.20703724960773262 0 -0.20703724960773262 0 0
54 0 25 1 54 89 29 61 -1 0.20703724960773262 0 -0.20703724960773262 0 -0.20703724960773262 0 0
54 0 26 1 54 90 28 60 -1 0.20703724960773262 0 -0.20703724960773262 0 -0.20703724960773262 0 0
54 0 27 1 54 91 27 59 -1 0.20703724960773262 0 -0.20703724960773262 0 -0.20703724960773262 0 0
54 0 28 1 54 92 26 58 -1 0.20703724960773262 0 -0.20703724960773262 0 -0.20703724960773262 0 0
54 0 29 1 54 93 25 57 -1 0.20703724960773262 0 -0.20703724960773262 0 -0.20703724960773262 0 0
54 0 30 1 54 94 24 56 -1 0.20703724960773262 0 -0.20703724960773262 0 -0.20703724960773262 0 0
54 0 31 1 54 95 23 55 -1 0.20703724960773262 0 -0.20703724960773262 0 -0.20703724960773262 0 0
54 0 32 1 54 96 22 54 -1 0.20703724960773262 0 -0.20703724960773262 0 -0.20703724960773262 0 0
54 0 33 1 54 97 21 53 -1 0.20703724960773262 0 -0.20703724960773262 0 -0.20703724960773262 0 0
54 0 34 1 54 98 20 52 -1 0.20703724960773262 0 -0.20703724960773262 0 -0.20703724960773262 0 0
54 0 35 1 54 99 19 51 -1 0.20703724960773262 0 -0.20703724960773262 0 -0.20703724960773262 0 0
54 0 36 1 54 100 18 50 -1 0.20703724960773262 0 -0.20703724960773262 0 -0.20703724960773262 0 0
54 0 37 1 54 101 17 49 -1 0.20703724960773262 0 -0.20703724960773262 0 -0.20703724960773262 0 0
54 0 38 1 54 102 16 48 -1 0.20703724960773262 0 -0.20703724960773262 0 -0.20703724960773262 0 0
54 0 39 1 54 103 15 47 -1 0.20703724960773262 0 -0.20703724960773262 0 -0.20703724960773262 0 0
54 0 40 1 54 104 14 46 -1 0.20703724960773262 0 -0.20703724960773262 0 -0.20703724960773262 0 0
54 0 41 1 54 105 13 45 -1 0.20703724960773262 0 -0.20703724960773262 0 -0.20703724960773262 0 0
54 0 42 1 54 106 12 44 -1 0.20703724960773262 0 -0.20703724960773262 0 -0.20703724960773262 0 0
54 0 43 1 54 107 11 43 -1 0.20703724960773262 0 -0.20703724960773262 0 -0.20703724960773262 0 0
54 0 44 1 54 108 10 42 -1 0.20703724960773262 0 -0.20703724960773262 0 -0.20703724960773262 0 0
54 0 45 1 54 109 9 41 -1 0.20703724960773262 0 -0.20703724960773262 0 -0.20703724960773262 0 0
54 0 46 1 54 110 8 40 -1 0.20703724960773262 0 -0.20703724960773262 0 -0.20703724960773262 0 0
54 0 47 1 54 111 7 39 -1 0.20703724960773262 0 -0.20703724960773262 0 -0.20703724960773262 0 0
54 0 48 1 54 112 6 38 -1 0.20703724960773262 0 -0.20703724960773262 0 -0.20703724960773262 0 0
54 0 49 1 54 113 5 37 -1 0.20703724960773262 0 -0.20703724960773262 0 -0.20703724960773262 0 0
54 0 50 1 54 114 4 36 -1 0.20703724960773262 0 -0.20703724960773262 0 -0.20703724960773262 0 0
54 0 51 1 54 115 3 35 -1 0.20703724960773262 0 -0.20703724960773262 0 -0.20703724960773262 0 0
54 0 52 1 54 116 2 34 -1 0.20703724960773262 0 -0.20703724960773262 0 -0.20703724960773262 0 0
54 0 53 1 54 117 1 33 -1 0.20703724960773262 0 -0.20703724960773262 0 -0.20703724960773262 0 0
54 0 54 1 54 118 0 32 1 0 0 0 0 0 0 0
54 0 55 1 54 119 1 33 1 0.20703724960773262 0 0.20703724960773262 0 0.20703724960773262 0 0
54 0 56 1 54 120 2 34 1 0.20703724960773262 0 0.20703724960773262 0 0.20703724960773262 0 0
54 0 57 1 54 121 3 35 1 0.20703724960773262 0 0.20703724960773262 0 0.20703724960773262 0 0
54 0 58 1 54 122 4 36 1 0.20703724960773262 0 0.20703724960773262 0 0.20703724960773262 0 0
54 0 59 1 54 123 5 37 1 0.20703724960773262 0 0.20703724960773262 0 0.20703724960773262 0 0
54 0 60 1 54 124 6 38 1 0.20703724960773262 0 0.20703724960773262 0 0.20703724960773262 0 0
54 0 61 1 54 125 7 39 1 0.20703724960773262 0 0.20703724960773262 0 0.20703724960773262 0 0
54 0 62 1 54 126 8 40 1 0.20703724960773262 0 0.20703724960773262 0 0.20703724960773262 0 0
54 0 63 1 54 127 9 41 1 0.20703724960773262 0 0.20703724960773262 0 0.20703724960773262 0 0
55 0 56 0 55 56 1 0 1 1.5483719497275521 0 1.5483719497275521 0 1.5483719497275521 0 0
55 0 57 0 55 57 2 1 1 -0.62106902470630421 0 -0.62106902470630421 0 -0.62106902470630421 0 0
55 0 58 0 55 58 3 2 1 1.4591568302030655 0 1.4591568302030655 0 1.4591568302030655 0 0
55 0 59 0 55 59 4 3 1 -0.65922634871850916 0 -0.65922634871850916 0 -0.65922634871850916 0 0
55 0 60 0 55 60 5 4 1 1.4380193841453996 0 1.4380193841453996 0 1.4380193841453996 0 0
55 0 61 0 55 61 6 5 1 -0.67262681213945552 0 -0.67262681213945552 0 -0.67262681213945552 0 0
55 0 62 0 55 62 7 6 1 1.4287857099143846 0 1.4287857099143846 0 1.4287857099143846 0 0
55 0 63 0 55 63 8 7 1 -0.67935965176948165 0 -0.67935965176948165 0 -0.67935965176948165 0 0
55 0 0 1 55 64 9 41 -1 0.20703724960773262 0 -0.20703724960773262 0 -0.20703724960773262 0 0
55 0 1 1 55 65 10 42 -1 0.20703724960773262 0 -0.20703724960773262 0 -0.20703724960773262 0 0
55 0 2 1 55 66 11 43 -1 0.20703724960773262 0 -0.20703724960773262 0 -0.20703724960773262 0 0
55 0 3 1 55 67 12 44 -1 0.20703724960773262 0 -0.20703724960773262 0 -0.20703724960773262 0 0
55 0 4 1 55 68 13 45 -1 0.20703724960773262 0 -0.20703724960773262 0 -0.20703724960773262 0 0
55 0 5 1 55 69 14 46 -1 0.20703724960773262 0 -0.20703724960773262 0 -0.20703724960773262 0 0
55 0 6 1 55 70 15 47 -1 0.20703724960773262 0 -0.20703724960773262 0 -0.20703724960773262 0 0
55 0 7 1 55 71 16 48 -1 0.20703724960773262 0 -0.20703724960773262 0 -0.20703724960773262 0 0
55 0 8 1 55 72 17 49 -1 0.20703724960773262 0 -0.20703724960773262 0 -0.20703724960773262 0 0
55 0 9 1 55 73 18 50 -1 0.20703724960773262 0 -0.20703724960773262 0 -0.20703724960773262 0 0
55 0 10 1 55 74 19 51 -1 0.20703724960773262 0 -0.20703724960773262 0 -0.20703724960773262 0 0
55 0 11 1 55 75 20 52 -1 0.20703724960773262 0 -0.20703724960773262 0 -0.20703724960773262 0 0
55 0 12 1 55 76 21 53 -1 0.20703724960773262 0 -0.20703724960773262 0 -0.20703724960773262 0 0
55 0 13 1 55 77 22 54 -1 0.20703724960773262 0 -0.20703724960773262 0 -0.20703724960773262 0 0
55 0 14 1 55 78 23 55 -1 0.20703724960773262 0 -0.20703724960773262 0 -0.20703724960773262 0 0
55 0 15 1 55 79 24 56 -1 0.20703724960773262 0 -0.20703724960773262 0 -0.20703724960773262 0 0
55 0 16 1 55 80 25 57 -1 0.20703724960773262 0 -0.20703724960773262 0 -0.20703724960773262 0 0
55 0 17 1 55 81 26 58 -1 0.20703724960773262 0 -0.20703724960773262 0 -0.20703724960773262 0 0
55 0 18 1 55 82 27 59 -1 0.20703724960773262 0 -0.20703724960773262 0 -0.20703724960773262 0 0
55 0 19 1 55 83 28 60 -1 0.20703724960773262 0 -0.20703724960773262 0 -0.20703724960773262 0 0
55 0 20 1 55 84 29 61 -1 0.20703724960773262 0 -0.20703724960773262 0 -0.20703724960773262 0 0
55 0 21 1 55 85 30 62 -1 0.20703724960773262 0 -0.20703724960773262 0 -0.20703724960773262 0 0
55 0 22 1 55 86 31 63 -1 0.20703724960773262 0 -0.20703724960773262 0 -0.20703724960773262 0 0
55 0 23 1 55 87 32 64 -1 0.20703724960773262 0 -0.20703724960773262 0 -0.20703724960773262 0 0
55 0 24 1 55 88 31 63 -1 0.20703724960773262 0 -0.20703724960773262 0 -0.20703724960773262 0 0
55 0 25 1 55 89 30 62 -1 0.20703724960773262 0 -0.20703724960773262 0 -0.20703724960773262 0 0
55 0 26 1 55 90 29 61 -1 0.20703724960773262 0 -0.20703724960773262 0 -0.20703724960773262 0 0
55 0 27 1 55 91 28 60 -1 0.20703724960773262 0 -0.20703724960773262 0 -0.20703724960773262 0 0
55 0 28 1 55 92 27 59 -1 0.20703724960773262 0 -0.20703724960773262 0 -0.20703724960773262 0 0
55 0 29 1 55 93 26 58 -1 0.20703724960773262 0 -0.20703724960773262 0 -0.20703724960773262 0 0
55 0 30 1 55 94 25 57 -1 0.20703724960773262 0 -0.20703724960773262 0 -0.20703724960773262 0 0
55 0 31 1 55 95 24 56 -1 0.20703724960773262 0 -0.20703724960773262 0 -0.20703724960773262 0 0
55 0 32 1 55 96 23 55 -1 0.20703724960773262 0 -0.20703724960773262 0 -0.20703724960773262 0 0
55 0 33 1 55 97 22 54 -1 0.20703724960773262 0 -0.20703724960773262 0 -0.20703724960773262 0 0
55 0 34 1 55 98 21 53 -1 0.20703724960773262 0 -0.20703724960773262 0 -0.20703724960773262 0 0
55 0 35 1 55 99 20 52 -1 0.20703724960773262 0 -0.20703724960773262 0 -0.20703724960773262 0 0
55 0 36 1 55 100 19 51 -1 0.20703724960773262 0 -0.20703724960773262 0 -0.20703724960773262 0 0
55 0 37 1 55 101 18 50 -1 0.20703724960773262 0 -0.20703724960773262 0 -0.20703724960773262 0 0
55 0 38 1 55 102 17 49 -1 0.20703724960773262 0 -0.20703724960773262 0 -0.20703724960773262 0 0
55 0 39 1 55 103 16 48 -1 0.20703724960773262 0 -0.20703724960773262 0 -0.20703724960773262 0 0
55 0 40 1 55 104 15 47 -1 0.20703724960773262 0 -0.20703724960773262 0 -0.20703724960773262 0 0
55 0 41 1 55 105 14 46 -1 0.20703724960773262 0 -0.20703724960773262 0 -0.20703724960773262 0 0
55 0 42 1 55 106 13 45 -1 0.20703724960773262 0 -0.20703724960773262 0 -0.20703724960773262 0 0
55 0 43 1 55 107 12 44 -1 0.20703724960773262 0 -0.20703724960773262 0 -0.20703724960773262 0 0
55 0 44 1 55 108 11 43 -1 0.20703724960773262 0 -0.20703724960773262 0 -0.20703724960773262 0 0
55 0 45 1 55 109 10 42 -1 0.20703724960773262 0 -0.20703724960773262 0 -0.20703724960773262 0 0
55 0 46 1 55 110 9 41 -1 0.20703724960773262 0 -0.20703724960773262 0 -0.20703724960773262 0 0
55 0 47 1 55 111 8 40 -1 0.20703724960773262 0 -0.20703724960773262 0 -0.20703724960773262 0 0
55 0 48 1 55 112 7 39 -1 0.20703724960773262 0 -0.20703724960773262 0 -0.20703724960773262 0 0
55 0 49 1 55 113 6 38 -1 0.20703724960773262 0 -0.20703724960773262 0 -0.20703724960773262 0 0
55 0 50 1 55 114 5 37 -1 0.20703724960773262 0 -0.20703724960773262 0 -0.20703724960773262 0 0
55 0 51 1 55 115 4 36 -1 0.20703724960773262 0 -0.20703724960773262 0 -0.20703724960773262 0 0
55 0 52 1 55 116 3 35 -1 0.20703724960773262 0 -0.20703724960773262 0 -0.20703724960773262 0 0
55 0 53 1 55 117 2 34 -1 0.20703724960773262 0 -0.20703724960773262 0 -0.20703724960773262 0 0
55 0 54 1 55 118 1 33 -1 0.20703724960773262 0 -0.20703724960773262 0 -0.20703724960773262 0 0
55 0 55 1 55 119 0 32 1 0 0 0 0 0 0 0
55 0 56 1 55 120 1 33 1 0.20703724960773262 0 0.20703724960773262 0 0.20703724960773262 0 0
55 0 57 1 55 121 2 34 1 0.20703724960773262 0 0.20703724960773262 0 0.20703724960773262 0 0
55 0 58 1 55 122 3 35 1 0.20703724960773262 0 0.20703724960773262 0 0.20703724960773262 0 0
55 0 59 1 55 123 4 36 1 0.20703724960773262 0 0.20703724960773262 0 0.20703724960773262 0 0
55 0 60 1 55 124 5 37 1 0.20703724960773262 0 0.20703724960773262 0 0.20703724960773262 0 0
55 0 61 1 55 125 6 38 1 0.20703724960773262 0 0.20703724960773262 0 0.20703724960773262 0 0
55 0 62 1 55 126 7 39 1 0.20703724960773262 0 0.20703724960773262 0 0.20703724960773262 0 0
55 0 63 1 55 127 8 40 1 0.20703724960773262 0 0.20703724960773262 0 0.20703724960773262 0 0
56 0 57 0 56 57 1 0 1 1.5483719497275521 0 1.5483719497275521 0 1.5483719497275521 0 0
56 0 58 0 56 58 2 1 1 -0.62106902470630421 0 -0.62106902470630421 0 -0.62106902470630421 0 0
56 0 59 0 56 59 3 2 1 1.4591568302030655 0 1.4591568302030655 0 1.4591568302030655 0 0
56 0 60 0 56 60 4 3 1 -0.65922634871850916 0 -0.65922634871850916 0 -0.65922634871850916 0 0
56 0 61 0 56 61 5 4 1 1.4380193841453996 0 1.4380193841453996 0 1.4380193841453996 0 0
56 0 62 0 56 62 6 5 1 -0.67262681213945552 0 -0.67262681213945552 0 -0.67262681213945552 0 0
56 0 63 0 56 63 7 6 1 1.4287857099143846 0 1.4287857099143846 0 1.4287857099143846 0 0
56 0 0 1 56 64 8 40 -1 0.20703724960773262 0 -0.20703724960773262 0 -0.20703724960773262 0 0
56 0 1 1 56 65 9 41 -1 0.20703724960773262 0 -0.20703724960773262 0 -0.20703724960773262 0 0
56 0 2 1 56 66 10 42 -1 0.20703724960773262 0 -0.20703724960773262 0 -0.20703724960773262 0 0
56 0 3 1 56 67 11 43 -1 0.20703724960773262 0 -0.20703724960773262 0 -0.20703724960773262 0 0
56 0 4 1 56 68 12 44 -1 0.20703724960773262 0 -0.20703724960773262 0 -0.20703724960773262 0 0
56 0 5 1 56 69 13 45 -1 0.20703724960773262 0 -0.20703724960773262 0 -0.20703724960773262 0 0
56 0 6 1 56 70 14 46 -1 0.20703724960773262 0 -0.20703724960773262 0 -0.20703724960773262 0 0
56 0 7 1 56 71 15 47 -1 0.20703724960773262 0 -0.20703724960773262 0 -0.20703724960773262 0 0
56 0 8 1 56 72 16 48 -1 0.20703724960773262 0 -0.20703724960773262 0 -0.20703724960773262 0 0
56 0 9 1 56 73 17 49 -1 0.20703724960773262 0 -0.20703724960773262 0 -0.20703724960773262 0 0
56 0 10 1 56 74 18 50 -1 0.20703724960773262 0 -0.20703724960773262 0 -0.20703724960773262 0 0
56 0 11 1 56 75 19 51 -1 0.20703724960773262 0 -0.20703724960773262 0 -0.20703724960773262 0 0
56 0 12 1 56 76 20 52 -1 0.20703724960773262 0 -0.20703724960773262 0 -0.20703724960773262 0 0
56 0 13 1 56 77 21 53 -1 0.20703724960773262 0 -0.20703724960773262 0 -0.20703724960773262 0 0
56 0 14 1 56 78 22 54 -1 0.20703724960773262 0 -0.20703724960773262 0 -0.20703724960773262 0 0
56 0 15 1 56 79 23 55 -1 0.20703724960773262 0 -0.20703724960773262 0 -0.20703724960773262 0 0
56 0 16 1 56 80 24 56 -1 0.20703724960773262 0 -0.20703724960773262 0 -0.20703724960773262 0 0
56 0 17 1 56 81 25 57 -1 0.20703724960773262 0 -0.20703724960773262 0 -0.20703724960773262 0 0
56 0 18 1 56 82 26 58 -1 0.20703724960773262 0 -0.20703724960773262 0 -0.20703724960773262 0 0
56 0 19 1 56 83 27 59 -1 0.20703724960773262 0 -0.20703724960773262 0 -0.20703724960773262 0 0
56 0 20 1 56 84 28 60 -1 0.20703724960773262 0 -0.20703724960773262 0 -0.20703724960773262 0 0
56 0 21 1 56 85 29 61 -1 0.20703724960773262 0 -0.20703724960773262 0 -0.20703724960773262 0 0
56 0 22 1 56 86 30 62 -1 0.20703724960773262 0 -0.20703724960773262 0 -0.20703724960773262 0 0
56 0 23 1 56 87 31 63 -1 0.20703724960773262 0 -0.20703724960773262 0 -0.20703724960773262 0 0
56 0 24 1 56 88 32 64 -1 0.20703724960773262 0 -0.20703724960773262 0 -0.20703724960773262 0 0
56 0 25 1 56 89 31 63 -1 0.20703724960773262 0 -0.20703724960773262 0 -0.20703724960773262 0 0
56 0 26 1 56 90 30 62 -1 0.20703724960773262 0 -0.20703724960773262 0 -0.20703724960773262 0 0
56 0 27 1 56 91 29 61 -1 0.20703724960773262 0 -0.20703724960773262 0 -0.20703724960773262 0 0
56 0 28 1 56 92 28 60 -1 0.20703724960773262 0 -0.20703724960773262 0 -0.20703724960773262 0 0
56 0 29 1 56 93 27 59 -1 0.20703724960773262 0 -0.20703724960773262 0 -0.20703724960773262 0 0
56 0 30 1 56 94 26 58 -1 0.20703724960773262 0 -0.20703724960773262 0 -0.20703724960773262 0 0
56 0 31 1 56 95 25 57 -1 0.20703724960773262 0 -0.20703724960773262 0 -0.20703724960773262 0 0
56 0 32 1 56 96 24 56 -1 0.20703724960773262 0 -0.20703724960773262 0 -0.20703724960773262 0 0
56 0 33 1 56 97 23 55 -1 0.20703724960773262 0 -0.20703724960773262 0 -0.20703724960773262 0 0
56 0 34 1 56 98 22 54 -1 0.20703724960773262 0 -0.20703724960773262 0 -0.20703724960773262 0 0
56 0 35 1 56 99 21 53 -1 0.20703724960773262 0 -0.20703724960773262 0 -0.20703724960773262 0 0
56 0 36 1 56 100 20 52 -1 0.20703724960773262 0 -0.20703724960773262 0 -0.20703724960773262 0 0
56 0 37 1 56 101 19 51 -1 0.20703724960773262 0 -0.20703724960773262 0 -0.20703724960773262 0 0
56 0 38 1 56 102 18 50 -1 0.20703724960773262 0 -0.20703724960773262 0 -0.20703724960773262 0 0
56 0 39 1 56 103 17 49 -1 0.20703724960773262 0 -0.20703724960773262 0 -0.20703724960773262 0 0
56 0 40 1 56 104 16 48 -1 0.20703724960773262 0 -0.20703724960773262 0 -0.20703724960773262 0 0
56 0 41 1 56 105 15 47 -1 0.20703724960773262 0 -0.20703724960773262 0 -0.20703724960773262 0 0
56 0 42 1 56 106 14 46 -1 0.20703724960773262 0 -0.20703724960773262 0 -0.20703724960773262 0 0
56 0 43 1 56 107 13 45 -1 0.20703724960773262 0 -0.20703724960773262 0 -0.20703724960773262 0 0
56 0 44 1 56 108 12 44 -1 0.20703724960773262 0 -0.20703724960773262 0 -0.20703724960773262 0 0
56 0 45 1 56 109 11 43 -1 0.20703724960773262 0 -0.20703724960773262 0 -0.20703724960773262 0 0
56 0 46 1 56 110 10 42 -1 0.20703724960773262 0 -0.20703724960773262 0 -0.20703724960773262 0 0
56 0 47 1 56 111 9 41 -1 0.20703724960773262 0 -0.20703724960773262 0 -0.20703724960773262 0 0
56 0 48 1 56 112 8 40 -1 0.20703724960773262 0 -0.20703724960773262 0 -0.20703724960773262 0 0
56 0 49 1 56 113 7 39 -1 0.20703724960773262 0 -0.20703724960773262 0 -0.20703724960773262 0 0
56 0 50 1 56 114 6 38 -1 0.20703724960773262 0 -0.20703724960773262 0 -0.20703724960773262 0 0
56 0 51 1 56 115 5 37 -1 0.20703724960773262 0 -0.20703724960773262 0 -0.20703724960773262 0 0
56 0 52 1 56 116 4 36 -1 0.20703724960773262 0 -0.20703724960773262 0 -0.20703724960773262 0 0
56 0 53 1 56 117 3 35 -1 0.20703724960773262 0 -0.20703724960773262 0 -0.20703724960773262 0 0
56 0 54 1 56 118 2 34 -1 0.20703724960773262 0 -0.20703724960773262 0 -0.20703724960773262 0 0
56 0 55 1 56 119 1 33 -1 0.20703724960773262 0 -0.20703724960773262 0 -0.20703724960773262 0 0
56 0 56 1 56 120 0 32 1 0 0 0 0 0 0 0
56 0 57 1 56 121 1 33 1 0.20703724960773262 0 0.20703724960773262 0 0.20703724960773262 0 0
56 0 58 1 56 122 2 34 1 0.20703724960773262 0 0.20703724960773262 0 0.20703724960773262 0 0
56 0 59 1 56 123 3 35 1 0.20703724960773262 0 0.20703724960773262 0 0.20703724960773262 0 0
56 0 60 1 56 124 4 36 1 0.20703724960773262 0 0.20703724960773262 0 0.20703724960773262 0 0
56 0 61 1 56 125 5 37 1 0.20703724960773262 0 0.20703724960773262 0 0.20703724960773262 0 0
56 0 62 1 56 126 6 38 1 0.20703724960773262 0 0.20703724960773262 0 0.20703724960773262 0 0
56 0 63 1 56 127 7 39 1 0.20703724960773262 0 0.20703724960773262 0 0.20703724960773262 0 0
57 0 58 0 57 58 1 0 1 1.5483719497275521 0 1.5483719497275521 0 1.5483719497275521 0 0
57 0 59 0 57 59 2 1 1 -0.62106902470630421 0 -0.62106902470630421 0 -0.62106902470630421 0 0
57 0 60 0 57 60 3 2 1 1.4591568302030655 0 1.4591568302030655 0 1.4591568302030655 0 0
57 0 61 0 57 61 4 3 1 -0.65922634871850916 0 -0.65922634871850916 0 -0.65922634871850916 0 0
57 0 62 0 57 62 5 4 1 1.4380193841453996 0 1.4380193841453996 0 1.4380193841453996 0 0
57 0 63 0 57 63 6 5 1 -0.67262681213945552 0 -0.67262681213945552 0 -0.67262681213945552 0 0
57 0 0 1 57 64 7 39 -1 0.20703724960773262 0 -0.20703724960773262 0 -0.20703724960773262 0 0
57 0 1 1 57 65 8 40 -1 0.20703724960773262 0 -0.20703724960773262 0 -0.20703724960773262 0 0
57 0 2 1 57 66 9 41 -1 0.20703724960773262 0 -0.20703724960773262 0 -0.20703724960773262 0 0
57 0 3 1 57 67 10 42 -1 0.20703724960773262 0 -0.20703724960773262 0 -0.20703724960773262 0 0
57 0 4 1 57 68 11 43 -1 0.20703724960773262 0 -0.20703724960773262 0 -0.20703724960773262 0 0
57 0 5 1 57 69 12 44 -1 0.20703724960773262 0 -0.20703724960773262 0 -0.20703724960773262 0 0
57 0 6 1 57 70 13 45 -1 0.20703724960773262 0 -0.20703724960773262 0 -0.20703724960773262 0 0
57 0 7 1 57 71 14 46 -1 0.20703724960773262 0 -0.20703724960773262 0 -0.20703724960773262 0 0
57 0 8 1 57 72 15 47 -1 0.20703724960773262 0 -0.20703724960773262 0 -0.20703724960773262 0 0
57 0 9 1 57 73 16 48 -1 0.20703724960773262 0 -0.20703724960773262 0 -0.20703724960773262 0 0
57 0 10 1 57 74 17 49 -1 0.20703724960773262 0 -0.20703724960773262 0 -0.20703724960773262 0 0
57 0 11 1 57 75 18 50 -1 0.20703724960773262 0 -0.20703724960773262 0 -0.20703724960773262 0 0
57 0 12 1 57 76 19 51 -1 0.20703724960773262 0 -0.20703724960773262 0 -0.20703724960773262 0 0
57 0 13 1 57 77 20 52 -1 0.20703724960773262 0 -0.20703724960773262 0 -0.20703724960773262 0 0
57 0 14 1 57 78 21 53 -1 0.20703724960773262 0 -0.20703724960773262 0 -0.20703724960773262 0 0
57 0 15 1 57 79 22 54 -1 0.20703724960773262 0 -0.20703724960773262 0 -0.20703724960773262 0 0
57 0 16 1 57 80 23 55 -1 0.20703724960773262 0 -0.20703724960773262 0 -0.20703724960773262 0 0
57 0 17 1 57 81 24 56 -1 0.20703724960773262 0 -0.20703724960773262 0 -0.20703724960773262 0 0
57 0 18 1 57 82 25 57 -1 0.20703724960773262 0 -0.20703724960773262 0 -0.20703724960773262 0 0
57 0 19 1 57 83 26 58 -1 0.20703724960773262 0 -0.20703724960773262 0 -0.20703724960773262 0 0
57 0 20 1 57 84 27 59 -1 0.20703724960773262 0 -0.20703724960773262 0 -0.20703724960773262 0 0
57 0 21 1 57 85 28 60 -1 0.20703724960773262 0 -0.20703724960773262 0 -0.20703724960773262 0 0
57 0 22 1 57 86 29 61 -1 0.20703724960773262 0 -0.20703724960773262 0 -0.20703724960773262 0 0
57 0 23 1 57 87 30 62 -1 0.20703724960773262 0 -0.20703724960773262 0 -0.20703724960773262 0 0
57 0 24 1 57 88 31 63 -1 0.20703724960773262 0 -0.20703724960773262 0 -0.20703724960773262 0 0
57 0 25 1 57 89 32 64 -1 0.20703724960773262 0 -0.20703724960773262 0 -0.20703724960773262 0 0
57 0 26 1 57 90 31 63 -1 0.20703724960773262 0 -0.20703724960773262 0 -0.20703724960773262 0 0
57 0 27 1 57 91 30 62 -1 0.20703724960773262 0 -0.20703724960773262 0 -0.20703724960773262 0 0
57 0 28 1 57 92 29 61 -1 0.20703724960773262 0 -0.20703724960773262 0 -0.20703724960773262 0 0
57 0 29 1 57 93 28 60 -1 0.20703724960773262 0 -0.20703724960773262 0 -0.20703724960773262 0 0
57 0 30 1 57 94 27 59 -1 0.20703724960773262 0 -0.20703724960773262 0 -0.20703724960773262 0 0
57 0 31 1 57 95 26 58 -1 0.20703724960773262 0 -0.20703724960773262 0 -0.20703724960773262 0 0
57 0 32 1 57 96 25 57 -1 0.20703724960773262 0 -0.20703724960773262 0 -0.20703724960773262 0 0
57 0 33 1 57 97 24 56 -1 0.20703724960773262 0 -0.20703724960773262 0 -0.20703724960773262 0 0
57 0 34 1 57 98 23 55 -1 0.20703724960773262 0 -0.20703724960773262 0 -0.20703724960773262 0 0
57 0 35 1 57 99 22 54 -1 0.20703724960773262 0 -0.20703724960773262 0 -0.20703724960773262 0 0
57 0 36 1 57 100 21 53 -1 0.20703724960773262 0 -0.20703724960773262 0 -0.20703724960773262 0 0
57 0 37 1 57 101 20 52 -1 0.20703724960773262 0 -0.20703724960773262 0 -0.20703724960773262 0 0
57 0 38 1 57 102 19 51 -1 0.20703724960773262 0 -0.20703724960773262 0 -0.20703724960773262 0 0
57 0 39 1 57 103 18 50 -1 0.20703724960773262 0 -0.20703724960773262 0 -0.20703724960773262 0 0
57 0 40 1 57 104 17 49 -1 0.20703724960773262 0 -0.20703724960773262 0 -0.20703724960773262 0 0
57 0 41 1 57 105 16 48 -1 0.20703724960773262 0 -0.20703724960773262 0 -0.20703724960773262 0 0
57 0 42 1 57 106 15 47 -1 0.20703724960773262 0 -0.20703724960773262 0 -0.20703724960773262 0 0
57 0 43 1 57 107 14 46 -1 0.20703724960773262 0 -0.20703724960773262 0 -0.20703724960773262 0 0
57 0 44 1 57 108 13 45 -1 0.20703724960773262 0 -0.20703724960773262 0 -0.20703724960773262 0 0
57 0 45 1 57 109 12 44 -1 0.20703724960773262 0 -0.20703724960773262 0 -0.20703724960773262 0 0
57 0 46 1 57 110 11 43 -1 0.20703724960773262 0 -0.20703724960773262 0 -0.20703724960773262 0 0
57 0 47 1 57 111 10 42 -1 0.20703724960773262 0 -0.20703724960773262 0 -0.20703724960773262 0 0
57 0 48 1 57 112 9 41 -1 0.20703724960773262 0 -0.20703724960773262 0 -0.20703724960773262 0 0
57 0 49 1 57 113 8 40 -1 0.20703724960773262 0 -0.20703724960773262 0 -0.20703724960773262 0 0
57 0 50 1 57 114 7 39 -1 0.20703724960773262 0 -0.20703724960773262 0 -0.20703724960773262 0 0
57 0 51 1 57 115 6 38 -1 0.20703724960773262 0 -0.20703724960773262 0 -0.20703724960773262 0 0
57 0 52 1 57 116 5 37 -1 0.20703724960773262 0 -0.20703724960773262 0 -0.20703724960773262 0 0
57 0 53 1 57 117 4 36 -1 0.20703724960773262 0 -0.20703724960773262 0 -0.20703724960773262 0 0
57 0 54 1 57 118 3 35 -1 0.20703724960773262 0 -0.20703724960773262 0 -0.20703724960773262 0 0
57 0 55 1 57 119 2 34 -1 0.20703724960773262 0 -0.20703724960773262 0 -0.20703724960773262 0 0
57 0 56 1 57 120 1 33 -1 0.20703724960773262 0 -0.20703724960773262 0 -0.20703724960773262 0 0
57 0 57 1 57 121 0 32 1 0 0 0 0 0 0 0
57 0 58 1 57 122 1 33 1 0.20703724960773262 0 0.20703724960773262 0 0.20703724960773262 0 0
57 0 59 1 57 123 2 34 1 0.20703724960773262 0 0.20703724960773262 0 0.20703724960773262 0 0
57 0 60 1 57 124 3 35 1 0.20703724960773262 0 0.20703724960773262 0 0.20703724960773262 0 0
57 0 61 1 57 125 4 36 1 0.20703724960773262 0 0.20703724960773262 0 0.20703724960773262 0 0
57 0 62 1 57 126 5 37 1 0.20703724960773262 0 0.20703724960773262 0 0.20703724960773262 0 0
57 0 63 1 57 127 6 38 1 0.20703724960773262 0 0.20703724960773262 0 0.20703724960773262 0 0
58 0 59 0 58 59 1 0 1 1.5483719497275521 0 1.5483719497275521 0 1.5483719497275521 0 0
58 0 60 0 58 60 2 1 1 -0.62106902470630421 0 -0.62106902470630421 0 -0.62106902470630421 0 0
58 0 61 0 58 61 3 2 1 1.4591568302030655 0 1.4591568302030655 0 1.4591568302030655 0 0
58 0 62 0 58 62 4 3 1 -0.65922634871850916 0 -0.65922634871850916 0 -0.65922634871850916 0 0
58 0 63 0 58 63 5 4 1 1.4380193841453996 0 1.4380193841453996 0 1.4380193841453996 0 0
58 0 0 1 58 64 6 38 -1 0.20703724960773262 0 -0.20703724960773262 0 -0.20703724960773262 0 0
58 0 1 1 58 65 7 39 -1 0.20703724960773262 0 -0.20703724960773262 0 -0.20703724960773262 0 0
58 0 2 1 58 66 8 40 -1 0.20703724960773262 0 -0.20703724960773262 0 -0.20703724960773262 0 0
58 0 3 1 58 67 9 41 -1 0.20703724960773262 0 -0.20703724960773262 0 -0.20703724960773262 0 0
58 0 4 1 58 68 10 42 -1 0.20703724960773262 0 -0.20703724960773262 0 -0.20703724960773262 0 0
58 0 5 1 58 69 11 43 -1 0.20703724960773262 0 -0.20703724960773262 0 -0.20703724960773262 0 0
58 0 6 1 58 70 12 44 -1 0.20703724960773262 0 -0.20703724960773262 0 -0.20703724960773262 0 0
58 0 7 1 58 71 13 45 -1 0.20703724960773262 0 -0.20703724960773262 0 -0.20703724960773262 0 0
58 0 8 1 58 72 14 46 -1 0.20703724960773262 0 -0.20703724960773262 0 -0.20703724960773262 0 0
58 0 9 1 58 73 15 47 -1 0.20703724960773262 0 -0.20703724960773262 0 -0.20703724960773262 0 0
58 0 10 1 58 74 16 48 -1 0.20703724960773262 0 -0.20703724960773262 0 -0.20703724960773262 0 0
58 0 11 1 58 75 17 49 -1 0.20703724960773262 0 -0.20703724960773262 0 -0.20703724960773262 0 0
58 0 12 1 58 76 18 50 -1 0.20703724960773262 0 -0.20703724960773262 0 -0.20703724960773262 0 0
58 0 13 1 58 77 19 51 -1 0.20703724960773262 0 -0.20703724960773262 0 -0.20703724960773262 0 0
58 0 14 1 58 78 20 52 -1 0.20703724960773262 0 -0.20703724960773262 0 -0.20703724960773262 0 0
58 0 15 1 58 79 21 53 -1 0.20703724960773262 0 -0.20703724960773262 0 -0.20703724960773262 0 0
58 0 16 1 58 80 22 54 -1 0.20703724960773262 0 -0.20703724960773262 0 -0.20703724960773262 0 0
58 0 17 1 58 81 23 55 -1 0.20703724960773262 0 -0.20703724960773262 0 -0.20703724960773262 0 0
58 0 18 1 58 82 24 56 -1 0.20703724960773262 0 -0.20703724960773262 0 -0.20703724960773262 0 0
58 0 19 1 58 83 25 57 -1 0.20703724960773262 0 -0.20703724960773262 0 -0.20703724960773262 0 0
58 0 20 1 58 84 26 58 -1 0.20703724960773262 0 -0.20703724960773262 0 -0.20703724960773262 0 0
58 0 21 1 58 85 27 59 -1 0.20703724960773262 0 -0.20703724960773262 0 -0.20703724960773262 0 0
58 0 22 1 58 86 28 60 -1 0.20703724960773262 0 -0.20703724960773262 0 -0.20703724960773262 0 0
58 0 23 1 58 87 29 61 -1 0.20703724960773262 0 -0.20703724960773262 0 -0.20703724960773262 0 0
58 0 24 1 58 88 30 62 -1 0.20703724960773262 0 -0.20703724960773262 0 -0.20703724960773262 0 0
58 0 25 1 58 89 31 63 -1 0.20703724960773262 0 -0.20703724960773262 0 -0.20703724960773262 0 0
58 0 26 1 58 90 32 64 -1 0.20703724960773262 0 -0.20703724960773262 0 -0.20703724960773262 0 0
58 0 27 1 58 91 31 63 -1 0.20703724960773262 0 -0.20703724960773262 0 -0.20703724960773262 0 0
58 0 28 1 58 92 30 62 -1 0.20703724960773262 0 -0.20703724960773262 0 -0.20703724960773262 0 0
58 0 29 1 58 93 29 61 -1 0.20703724960773262 0 -0.20703724960773262 0 -0.20703724960773262 0 0
58 0 30 1 58 94 28 60 -1 0.20703724960773262 0 -0.20703724960773262 0 -0.20703724960773262 0 0
58 0 31 1 58 95 27 59 -1 0.20703724960773262 0 -0.20703724960773262 0 -0.20703724960773262 0 0
58 0 32 1 58 96 26 58 -1 0.20703724960773262 0 -0.20703724960773262 0 -0.20703724960773262 0 0
58 0 33 1 58 97 25 57 -1 0.20703724960773262 0 -0.20703724960773262 0 -0.20703724960773262 0 0
58 0 34 1 58 98 24 56 -1 0.20703724960773262 0 -0.20703724960773262 0 -0.20703724960773262 0 0
58 0 35 1 58 99 23 55 -1 0.20703724960773262 0 -0.20703724960773262 0 -0.20703724960773262 0 0
58 0 36 1 58 100 22 54 -1 0.20703724960773262 0 -0.20703724960773262 0 -0.20703724960773262 0 0
58 0 37 1 58 101 21 53 -1 0.20703724960773262 0 -0.20703724960773262 0 -0.20703724960773262 0 0
58 0 38 1 58 102 20 52 -1 0.20703724960773262 0 -0.20703724960773262 0 -0.20703724960773262 0 0
58 0 39 1 58 103 19 51 -1 0.20703724960773262 0 -0.20703724960773262 0 -0.20703724960773262 0 0
58 0 40 1 58 104 18 50 -1 0.20703724960773262 0 -0.20703724960773262 0 -0.20703724960773262 0 0
58 0 41 1 58 105 17 49 -1 0.20703724960773262 0 -0.20703724960773262 0 -0.20703724960773262 0 0
58 0 42 1 58 106 16 48 -1 0.20703724960773262 0 -0.20703724960773262 0 -0.20703724960773262 0 0
58 0 43 1 58 107 15 47 -1 0.20703724960773262 0 -0.20703724960773262 0 -0.20703724960773262 0 0
58 0 44 1 58 108 14 46 -1 0.20703724960773262 0 -0.20703724960773262 0 -0.20703724960773262 0 0
58 0 45 1 58 109 13 45 -1 0.20703724960773262 0 -0.20703724960773262 0 -0.20703724960773262 0 0
58 0 46 1 58 110 12 44 -1 0.20703724960773262 0 -0.20703724960773262 0 -0.20703724960773262 0 0
58 0 47 1 58 111 11 43 -1 0.20703724960773262 0 -0.20703724960773262 0 -0.20703724960773262 0 0
58 0 48 1 58 112 10 42 -1 0.20703724960773262 0 -0.20703724960773262 0 -0.20703724960773262 0 0
58 0 49 1 58 113 9 41 -1 0.20703724960773262 0 -0.20703724960773262 0 -0.20703724960773262 0 0
58 0 50 1 58 114 8 40 -1 0.20703724960773262 0 -0.20703724960773262 0 -0.20703724960773262 0 0
58 0 51 1 58 115 7 39 -1 0.20703724960773262 0 -0.20703724960773262 0 -0.20703724960773262 0 0
58 0 52 1 58 116 6 38 -1 0.20703724960773262 0 -0.20703724960773262 0 -0.20703724960773262 0 0
58 0 53 1 58 117 5 37 -1 0.20703724960773262 0 -0.20703724960773262 0 -0.20703724960773262 0 0
58 0 54 1 58 118 4 36 -1 0.20703724960773262 0 -0.20703724960773262 0 -0.20703724960773262 0 0
58 0 55 1 58 119 3 35 -1 0.20703724960773262 0 -0.20703724960773262 0 -0.20703724960773262 0 0
58 0 56 1 58 120 2 34 -1 0.20703724960773262 0 -0.20703724960773262 0 -0.20703724960773262 0 0
58 0 57 1 58 121 1 33 -1 0.20703724960773262 0 -0.20703724960773262 0 -0.20703724960773262 0 0
58 0 58 1 58 122 0 32 1 0 0 0 0 0 0 0
58 0 59 1 58 123 1 33 1 0.20703724960773262 0 0.20703724960773262 0 0.20703724960773262 0 0
58 0 60 1 58 124 2 34 1 0.20703724960773262 0 0.20703724960773262 0 0.20703724960773262 0 0
58 0 61 1 58 125 3 35 1 0.20703724960773262 0 0.20703724960773262 0 0.20703724960773262 0 0
58 0 62 1 58 126 4 36 1 0.20703724960773262 0 0.20703724960773262 0 0.20703724960773262 0 0
58 0 63 1 58 127 5 37 1 0.20703724960773262 0 0.20703724960773262 0 0.20703724960773262 0 0
59 0 60 0 59 60 1 0 1 1.5483719497275521 0 1.5483719497275521 0 1.5483719497275521 0 0
59 0 61 0 59 61 2 1 1 -0.62106902470630421 0 -0.62106902470630421 0 -0.62106902470630421 0 0
59 0 62 0 59 62 3 2 1 1.4591568302030655 0 1.4591568302030655 0 1.4591568302030655 0 0
59 0 63 0 59 63 4 3 1 -0.65922634871850916 0 -0.65922634871850916 0 -0.65922634871850916 0 0
59 0 0 1 59 64 5 37 -1 0.20703724960773262 0 -0.20703724960773262 0 -0.20703724960773262 0 0
59 0 1 1 59 65 6 38 -1 0.20703724960773262 0 -0.20703724960773262 0 -0.20703724960773262 0 0
59 0 2 1 59 66 7 39 -1 0.20703724960773262 0 -0.20703724960773262 0 -0.20703724960773262 0 0
59 0 3 1 59 67 8 40 -1 0.20703724960773262 0 -0.20703724960773262 0 -0.20703724960773262 0 0
59 0 4 1 59 68 9 41 -1 0.20703724960773262 0 -0.20703724960773262 0 -0.20703724960773262 0 0
59 0 5 1 59 69 10 42 -1 0.20703724960773262 0 -0.20703724960773262 0 -0.20703724960773262 0 0
59 0 6 1 59 70 11 43 -1 0.20703724960773262 0 -0.20703724960773262 0 -0.20703724960773262 0 0
59 0 7 1 59 71 12 44 -1 0.20703724960773262 0 -0.20703724960773262 0 -0.20703724960773262 0 0
59 0 8 1 59 72 13 45 -1 0.20703724960773262 0 -0.20703724960773262 0 -0.20703724960773262 0 0
59 0 9 1 59 73 14 46 -1 0.20703724960773262 0 -0.20703724960773262 0 -0.20703724960773262 0 0
59 0 10 1 59 74 15 47 -1 0.20703724960773262 0 -0.20703724960773262 0 -0.20703724960773262 0 0
59 0 11 1 59 75 16 48 -1 0.20703724960773262 0 -0.20703724960773262 0 -0.20703724960773262 0 0
59 0 12 1 59 76 17 49 -1 0.20703724960773262 0 -0.20703724960773262 0 -0.20703724960773262 0 0
59 0 13 1 59 77 18 50 -1 0.20703724960773262 0 -0.20703724960773262 0 -0.20703724960773262 0 0
59 0 14 1 59 78 19 51 -1 0.20703724960773262 0 -0.20703724960773262 0 -0.20703724960773262 0 0
59 0 15 1 59 79 20 52 -1 0.20703724960773262 0 -0.20703724960773262 0 -0.20703724960773262 0 0
59 0 16 1 59 80 21 53 -1 0.20703724960773262 0 -0.20703724960773262 0 -0.20703724960773262 0 0
59 0 17 1 59 81 22 54 -1 0.20703724960773262 0 -0.20703724960773262 0 -0.20703724960773262 0 0
59 0 18 1 59 82 23 55 -1 0.20703724960773262 0 -0.20703724960773262 0 -0.20703724960773262 0 0
59 0 19 1 59 83 24 56 -1 0.20703724960773262 0 -0.20703724960773262 0 -0.20703724960773262 0 0
59 0 20 1 59 84 25 57 -1 0.20703724960773262 0 -0.20703724960773262 0 -0.20703724960773262 0 0
59 0 21 1 59 85 26 58 -1 0.20703724960773262 0 -0.20703724960773262 0 -0.20703724960773262 0 0
59 0 22 1 59 86 27 59 -1 0.20703724960773262 0 -0.20703724960773262 0 -0.20703724960773262 0 0
59 0 23 1 59 87 28 60 -1 0.20703724960773262 0 -0.20703724960773262 0 -0.20703724960773262 0 0
59 0 24 1 59 88 29 61 -1 0.20703724960773262 0 -0.20703724960773262 0 -0.20703724960773262 0 0
59 0 25 1 59 89 30 62 -1 0.20703724960773262 0 -0.20703724960773262 0 -0.20703724960773262 0 0
59 0 26 1 59 90 31 63 -1 0.20703724960773262 0 -0.20703724960773262 0 -0.20703724960773262 0 0
59 0 27 1 59 91 32 64 -1 0.20703724960773262 0 -0.20703724960773262 0 -0.20703724960773262 0 0
59 0 28 1 59 92 31 63 -1 0.20703724960773262 0 -0.20703724960773262 0 -0.20703724960773262 0 0
59 0 29 1 59 93 30 62 -1 0.20703724960773262 0 -0.20703724960773262 0 -0.20703724960773262 0 0
59 0 30 1 59 94 29 61 -1 0.20703724960773262 0 -0.20703724960773262 0 -0.20703724960773262 0 0
59 0 31 1 59 95 28 60 -1 0.20703724960773262 0 -0.20703724960773262 0 -0.20703724960773262 0 0
59 0 32 1 59 96 27 59 -1 0.20703724960773262 0 -0.20703724960773262 0 -0.20703724960773262 0 0
59 0 33 1 59 97 26 58 -1 0.20703724960773262 0 -0.20703724960773262 0 -0.20703724960773262 0 0
59 0 34 1 59 98 25 57 -1 0.20703724960773262 0 -0.20703724960773262 0 -0.20703724960773262 0 0
59 0 35 1 59 99 24 56 -1 0.20703724960773262 0 -0.20703724960773262 0 -0.20703724960773262 0 0
59 0 36 1 59 100 23 55 -1 0.20703724960773262 0 -0.20703724960773262 0 -0.20703724960773262 0 0
59 0 37 1 59 101 22 54 -1 0.20703724960773262 0 -0.20703724960773262 0 -0.20703724960773262 0 0
59 0 38 1 59 102 21 53 -1 0.20703724960773262 0 -0.20703724960773262 0 -0.20703724960773262 0 0
59 0 39 1 59 103 20 52 -1 0.20703724960773262 0 -0.20703724960773262 0 -0.20703724960773262 0 0
59 0 40 1 59 104 19 51 -1 0.20703724960773262 0 -0.20703724960773262 0 -0.20703724960773262 0 0
59 0 41 1 59 105 18 50 -1 0.20703724960773262 0 -0.20703724960773262 0 -0.20703724960773262 0 0
59 0 42 1 59 106 17 49 -1 0.20703724960773262 0 -0.20703724960773262 0 -0.20703724960773262 0 0
59 0 43 1 59 107 16 48 -1 0.20703724960773262 0 -0.20703724960773262 0 -0.20703724960773262 0 0
59 0 44 1 59 108 15 47 -1 0.20703724960773262 0 -0.20703724960773262 0 -0.20703724960773262 0 0
59 0 45 1 59 109 14 46 -1 0.20703724960773262 0 -0.20703724960773262 0 -0.20703724960773262 0 0
59 0 46 1 59 110 13 45 -1 0.20703724960773262 0 -0.20703724960773262 0 -0.20703724960773262 0 0
59 0 47 1 59 111 12 44 -1 0.20703724960773262 0 -0.20703724960773262 0 -0.20703724960773262 0 0
59 0 48 1 59 112 11 43 -1 0.20703724960773262 0 -0.20703724960773262 0 -0.20703724960773262 0 0
59 0 49 1 59 113 10 42 -1 0.20703724960773262 0 -0.20703724960773262 0 -0.20703724960773262 0 0
59 0 50 1 59 114 9 41 -1 0.20703724960773262 0 -0.20703724960773262 0 -0.20703724960773262 0 0
59 0 51 1 59 115 8 40 -1 0.20703724960773262 0 -0.20703724960773262 0 -0.20703724960773262 0 0
59 0 52 1 59 116 7 39 -1 0.20703724960773262 0 -0.20703724960773262 0 -0.20703724960773262 0 0
59 0 53 1 59 117 6 38 -1 0.20703724960773262 0 -0.20703724960773262 0 -0.20703724960773262 0 0
59 0 54 1 59 118 5 37 -1 0.20703724960773262 0 -0.20703724960773262 0 -0.20703724960773262 0 0
59 0 55 1 59 119 4 36 -1 0.20703724960773262 0 -0.20703724960773262 0 -0.20703724960773262 0 0
59 0 56 1 59 120 3 35 -1 0.20703724960773262 0 -0.20703724960773262 0 -0.20703724960773262 0 0
59 0 57 1 59 121 2 34 -1 0.20703724960773262 0 -0.20703724960773262 0 -0.20703724960773262 0 0
59 0 58 1 59 122 1 33 -1 0.20703724960773262 0 -0.20703724960773262 0 -0.20703724960773262 0 0
59 0 59 1 59 123 0 32 1 0 0 0 0 0 0 0
59 0 60 1 59 124 1 33 1 0.20703724960773262 0 0.20703724960773262 0 0.20703724960773262 0 0
59 0 61 1 59 125 2 34 1 0.20703724960773262 0 0.20703724960773262 0 0.20703724960773262 0 0
59 0 62 1 59 126 3 35 1 0.20703724960773262 0 0.20703724960773262 0 0.20703724960773262 0 0
59 0 63 1 59 127 4 36 1 0.20703724960773262 0 0.20703724960773262 0 0.20703724960773262 0 0
60 0 61 0 60 61 1 0 1 1.5483719497275521 0 1.5483719497275521 0 1.5483719497275521 0 0
60 0 62 0 60 62 2 1 1 -0.62106902470630421 0 -0.62106902470630421 0 -0.62106902470630421 0 0
60 0 63 0 60 63 3 2 1 1.4591568302030655 0 1.4591568302030655 0 1.4591568302030655 0 0
60 0 0 1 60 64 4 36 -1 0.20703724960773262 0 -0.20703724960773262 0 -0.20703724960773262 0 0
60 0 1 1 60 65 5 37 -1 0.20703724960773262 0 -0.20703724960773262 0 -0.20703724960773262 0 0
60 0 2 1 60 66 6 38 -1 0.20703724960773262 0 -0.20703724960773262 0 -0.20703724960773262 0 0
60 0 3 1 60 67 7 39 -1 0.20703724960773262 0 -0.20703724960773262 0 -0.20703724960773262 0 0
60 0 4 1 60 68 8 40 -1 0.20703724960773262 0 -0.20703724960773262 0 -0.20703724960773262 0 0
60 0 5 1 60 69 9 41 -1 0.20703724960773262 0 -0.20703724960773262 0 -0.20703724960773262 0 0
60 0 6 1 60 70 10 42 -1 0.20703724960773262 0 -0.20703724960773262 0 -0.20703724960773262 0 0
60 0 7 1 60 71 11 43 -1 0.20703724960773262 0 -0.20703724960773262 0 -0.20703724960773262 0 0
60 0 8 1 60 72 12 44 -1 0.20703724960773262 0 -0.20703724960773262 0 -0.20703724960773262 0 0
60 0 9 1 60 73 13 45 -1 0.20703724960773262 0 -0.20703724960773262 0 -0.20703724960773262 0 0
60 0 10 1 60 74 14 46 -1 0.20703724960773262 0 -0.20703724960773262 0 -0.20703724960773262 0 0
60 0 11 1 60 75 15 47 -1 0.20703724960773262 0 -0.20703724960773262 0 -0.20703724960773262 0 0
60 0 12 1 60 76 16 48 -1 0.20703724960773262 0 -0.20703724960773262 0 -0.20703724960773262 0 0
60 0 13 1 60 77 17 49 -1 0.20703724960773262 0 -0.20703724960773262 0 -0.20703724960773262 0 0
60 0 14 1 60 78 18 50 -1 0.20703724960773262 0 -0.20703724960773262 0 -0.20703724960773262 0 0
60 0 15 1 60 79 19 51 -1 0.20703724960773262 0 -0.20703724960773262 0 -0.20703724960773262 0 0
60 0 16 1 60 80 20 52 -1 0.20703724960773262 0 -0.20703724960773262 0 -0.20703724960773262 0 0
60 0 17 1 60 81 21 53 -1 0.20703724960773262 0 -0.20703724960773262 0 -0.20703724960773262 0 0
60 0 18 1 60 82 22 54 -1 0.20703724960773262 0 -0.20703724960773262 0 -0.20703724960773262 0 0
60 0 19 1 60 83 23 55 -1 0.20703724960773262 0 -0.20703724960773262 0 -0.20703724960773262 0 0
60 0 20 1 60 84 24 56 -1 0.20703724960773262 0 -0.20703724960773262 0 -0.20703724960773262 0 0
60 0 21 1 60 85 25 57 -1 0.20703724960773262 0 -0.20703724960773262 0 -0.20703724960773262 0 0
60 0 22 1 60 86 26 58 -1 0.20703724960773262 0 -0.20703724960773262 0 -0.20703724960773262 0 0
60 0 23 1 60 87 27 59 -1 0.20703724960773262 0 -0.20703724960773262 0 -0.20703724960773262 0 0
60 0 24 1 60 88 28 60 -1 0.20703724960773262 0 -0.20703724960773262 0 -0.20703724960773262 0 0
60 0 25 1 60 89 29 61 -1 0.20703724960773262 0 -0.20703724960773262 0 -0.20703724960773262 0 0
60 0 26 1 60 90 30 62 -1 0.20703724960773262 0 -0.20703724960773262 0 -0.20703724960773262 0 0
60 0 27 1 60 91 31 63 -1 0.20703724960773262 0 -0.20703724960773262 0 -0.20703724960773262 0 0
60 0 28 1 60 92 32 64 -1 0.20703724960773262 0 -0.20703724960773262 0 -0.20703724960773262 0 0
60 0 29 1 60 93 31 63 -1 0.20703724960773262 0 -0.20703724960773262 0 -0.20703724960773262 0 0
60 0 30 1 60 94 30 62 -1 0.20703724960773262 0 -0.20703724960773262 0 -0.20703724960773262 0 0
60 0 31 1 60 95 29 61 -1 0.20703724960773262 0 -0.20703724960773262 0 -0.20703724960773262 0 0
60 0 32 1 60 96 28 60 -1 0.20703724960773262 0 -0.20703724960773262 0 -0.20703724960773262 0 0
60 0 33 1 60 97 27 59 -1 0.20703724960773262 0 -0.20703724960773262 0 -0.20703724960773262 0 0
60 0 34 1 60 98 26 58 -1 0.20703724960773262 0 -0.20703724960773262 0 -0.20703724960773262 0 0
60 0 35 1 60 99 25 57 -1 0.20703724960773262 0 -0.20703724960773262 0 -0.20703724960773262 0 0
60 0 36 1 60 100 24 56 -1 0.20703724960773262 0 -0.20703724960773262 0 -0.20703724960773262 0 0
60 0 37 1 60 101 23 55 -1 0.20703724960773262 0 -0.20703724960773262 0 -0.20703724960773262 0 0
60 0 38 1 60 102 22 54 -1 0.20703724960773262 0 -0.20703724960773262 0 -0.20703724960773262 0 0
60 0 39 1 60 103 21 53 -1 0.20703724960773262 0 -0.20703724960773262 0 -0.20703724960773262 0 0
60 0 40 1 60 104 20 52 -1 0.20703724960773262 0 -0.20703724960773262 0 -0.20703724960773262 0 0
60 0 41 1 60 105 19 51 -1 0.20703724960773262 0 -0.20703724960773262 0 -0.20703724960773262 0 0
60 0 42 1 60 106 18 50 -1 0.20703724960773262 0 -0.20703724960773262 0 -0.20703724960773262 0 0
60 0 43 1 60 107 17 49 -1 0.20703724960773262 0 -0.20703724960773262 0 -0.20703724960773262 0 0
60 0 44 1 60 108 16 48 -1 0.20703724960773262 0 -0.20703724960773262 0 -0.20703724960773262 0 0
60 0 45 1 60 109 15 47 -1 0.20703724960773262 0 -0.20703724960773262 0 -0.20703724960773262 0 0
60 0 46 1 60 110 14 46 -1 0.20703724960773262 0 -0.20703724960773262 0 -0.20703724960773262 0 0
60 0 47 1 60 111 13 45 -1 0.20703724960773262 0 -0.20703724960773262 0 -0.20703724960773262 0 0
60 0 48 1 60 112 12 44 -1 0.20703724960773262 0 -0.20703724960773262 0 -0.20703724960773262 0 0
60 0 49 1 60 113 11 43 -1 0.20703724960773262 0 -0.20703724960773262 0 -0.20703724960773262 0 0
60 0 50 1 60 114 10 42 -1 0.20703724960773262 0 -0.20703724960773262 0 -0.20703724960773262 0 0
60 0 51 1 60 115 9 41 -1 0.20703724960773262 0 -0.20703724960773262 0 -0.20703724960773262 0 0
60 0 52 1 60 116 8 40 -1 0.20703724960773262 0 -0.20703724960773262 0 -0.20703724960773262 0 0
60 0 53 1 60 117 7 39 -1 0.20703724960773262 0 -0.20703724960773262 0 -0.20703724960773262 0 0
60 0 54 1 60 118 6 38 -1 0.20703724960773262 0 -0.20703724960773262 0 -0.20703724960773262 0 0
60 0 55 1 60 119 5 37 -1 0.20703724960773262 0 -0.20703724960773262 0 -0.20703724960773262 0 0
60 0 56 1 60 120 4 36 -1 0.20703724960773262 0 -0.20703724960773262 0 -0.20703724960773262 0 0
60 0 57 1 60 121 3 35 -1 0.20703724960773262 0 -0.20703724960773262 0 -0.20703724960773262 0 0
60 0 58 1 60 122 2 34 -1 0.20703724960773262 0 -0.20703724960773262 0 -0.20703724960773262 0 0
60 0 59 1 60 123 1 33 -1 0.20703724960773262 0 -0.20703724960773262 0 -0.20703724960773262 0 0
60 0 60 1 60 124 0 32 1 0 0 0 0 0 0 0
60 0 61 1 60 125 1 33 1 0.20703724960773262 0 0.20703724960773262 0 0.20703724960773262 0 0
60 0 62 1 60 126 2 34 1 0.20703724960773262 0 0.20703724960773262 0 0.20703724960773262 0 0
60 0 63 1 60 127 3 35 1 0.20703724960773262 0 0.20703724960773262 0 0.20703724960773262 0 0
61 0 62 0 61 62 1 0 1 1.5483719497275521 0 1.5483719497275521 0 1.5483719497275521 0 0
61 0 63 0 61 63 2 1 1 -0.62106902470630421 0 -0.62106902470630421 0 -0.62106902470630421 0 0
61 0 0 1 61 64 3 35 -1 0.20703724960773262 0 -0.20703724960773262 0 -0.20703724960773262 0 0
61 0 1 1 61 65 4 36 -1 0.20703724960773262 0 -0.20703724960773262 0 -0.20703724960773262 0 0
61 0 2 1 61 66 5 37 -1 0.20703724960773262 0 -0.20703724960773262 0 -0.20703724960773262 0 0
61 0 3 1 61 67 6 38 -1 0.20703724960773262 0 -0.20703724960773262 0 -0.20703724960773262 0 0
61 0 4 1 61 68 7 39 -1 0.20703724960773262 0 -0.20703724960773262 0 -0.20703724960773262 0 0
61 0 5 1 61 69 8 40 -1 0.20703724960773262 0 -0.20703724960773262 0 -0.20703724960773262 0 0
61 0 6 1 61 70 9 41 -1 0.20703724960773262 0 -0.20703724960773262 0 -0.20703724960773262 0 0
61 0 7 1 61 71 10 42 -1 0.20703724960773262 0 -0.20703724960773262 0 -0.20703724960773262 0 0
61 0 8 1 61 72 11 43 -1 0.20703724960773262 0 -0.20703724960773262 0 -0.20703724960773262 0 0
61 0 9 1 61 73 12 44 -1 0.20703724960773262 0 -0.20703724960773262 0 -0.20703724960773262 0 0
61 0 10 1 61 74 13 45 -1 0.20703724960773262 0 -0.20703724960773262 0 -0.20703724960773262 0 0
61 0 11 1 61 75 14 46 -1 0.20703724960773262 0 -0.20703724960773262 0 -0.20703724960773262 0 0
61 0 12 1 61 76 15 47 -1 0.20703724960773262 0 -0.20703724960773262 0 -0.20703724960773262 0 0
61 0 13 1 61 77 16 48 -1 0.20703724960773262 0 -0.20703724960773262 0 -0.20703724960773262 0 0
61 0 14 1 61 78 17 49 -1 0.20703724960773262 0 -0.20703724960773262 0 -0.20703724960773262 0 0
61 0 15 1 61 79 18 50 -1 0.20703724960773262 0 -0.20703724960773262 0 -0.20703724960773262 0 0
61 0 16 1 61 80 19 51 -1 0.20703724960773262 0 -0.20703724960773262 0 -0.20703724960773262 0 0
61 0 17 1 61 81 20 52 -1 0.20703724960773262 0 -0.20703724960773262 0 -0.20703724960773262 0 0
61 0 18 1 61 82 21 53 -1 0.20703724960773262 0 -0.20703724960773262 0 -0.20703724960773262 0 0
61 0 19 1 61 83 22 54 -1 0.20703724960773262 0 -0.20703724960773262 0 -0.20703724960773262 0 0
61 0 20 1 61 84 23 55 -1 0.20703724960773262 0 -0.20703724960773262 0 -0.20703724960773262 0 0
61 0 21 1 61 85 24 56 -1 0.20703724960773262 0 -0.20703724960773262 0 -0.20703724960773262 0 0
61 0 22 1 61 86 25 57 -1 0.20703724960773262 0 -0.20703724960773262 0 -0.20703724960773262 0 0
61 0 23 1 61 87 26 58 -1 0.20703724960773262 0 -0.20703724960773262 0 -0.20703724960773262 0 0
61 0 24 1 61 88 27 59 -1 0.20703724960773262 0 -0.20703724960773262 0 -0.20703724960773262 0 0
61 0 25 1 61 89 28 60 -1 0.20703724960773262 0 -0.20703724960773262 0 -0.20703724960773262 0 0
61 0 26 1 61 90 29 61 -1 0.20703724960773262 0 -0.20703724960773262 0 -0.20703724960773262 0 0
61 0 27 1 61 91 30 62 -1 0.20703724960773262 0 -0.20703724960773262 0 -0.20703724960773262 0 0
61 0 28 1 61 92 31 63 -1 0.20703724960773262 0 -0.20703724960773262 0 -0.20703724960773262 0 0
61 0 29 1 61 93 32 64 -1 0.20703724960773262 0 -0.20703724960773262 0 -0.20703724960773262 0 0
61 0 30 1 61 94 31 63 -1 0.20703724960773262 0 -0.20703724960773262 0 -0.20703724960773262 0 0
61 0 31 1 61 95 30 62 -1 0.20703724960773262 0 -0.20703724960773262 0 -0.20703724960773262 0 0
61 0 32 1 61 96 29 61 -1 0.20703724960773262 0 -0.20703724960773262 0 -0.20703724960773262 0 0
61 0 33 1 61 97 28 60 -1 0.20703724960773262 0 -0.20703724960773262 0 -0.20703724960773262 0 0
61 0 34 1 61 98 27 59 -1 0.20703724960773262 0 -0.20703724960773262 0 -0.20703724960773262 0 0
61 0 35 1 61 99 26 58 -1 0.20703724960773262 0 -0.20703724960773262 0 -0.20703724960773262 0 0
61 0 36 1 61 100 25 57 -1 0.20703724960773262 0 -0.20703724960773262 0 -0.20703724960773262 0 0
61 0 37 1 61 101 24 56 -1 0.20703724960773262 0 -0.20703724960773262 0 -0.20703724960773262 0 0
61 0 38 1 61 102 23 55 -1 0.20703724960773262 0 -0.20703724960773262 0 -0.20703724960773262 0 0
61 0 39 1 61 103 22 54 -1 0.20703724960773262 0 -0.20703724960773262 0 -0.20703724960773262 0 0
61 0 40 1 61 104 21 53 -1 0.20703724960773262 0 -0.20703724960773262 0 -0.20703724960773262 0 0
61 0 41 1 61 105 20 52 -1 0.20703724960773262 0 -0.20703724960773262 0 -0.20703724960773262 0 0
61 0 42 1 61 106 19 51 -1 0.20703724960773262 0 -0.20703724960773262 0 -0.20703724960773262 0 0
61 0 43 1 61 107 18 50 -1 0.20703724960773262 0 -0.20703724960773262 0 -0.20703724960773262 0 0
61 0 44 1 61 108 17 49 -1 0.20703724960773262 0 -0.20703724960773262 0 -0.20703724960773262 0 0
61 0 45 1 61 109 16 48 -1 0.20703724960773262 0 -0.20703724960773262 0 -0.20703724960773262 0 0
61 0 46 1 61 110 15 47 -1 0.20703724960773262 0 -0.20703724960773262 0 -0.20703724960773262 0 0
61 0 47 1 61 111 14 46 -1 0.20703724960773262 0 -0.20703724960773262 0 -0.20703724960773262 0 0
61 0 48 1 61 112 13 45 -1 0.20703724960773262 0 -0.20703724960773262 0 -0.20703724960773262 0 0
61 0 49 1 61 113 12 44 -1 0.20703724960773262 0 -0.20703724960773262 0 -0.20703724960773262 0 0
61 0 50 1 61 114 11 43 -1 0.20703724960773262 0 -0.20703724960773262 0 -0.20703724960773262 0 0
61 0 51 1 61 115 10 42 -1 0.20703724960773262 0 -0.20703724960773262 0 -0.20703724960773262 0 0
61 0 52 1 61 116 9 41 -1 0.20703724960773262 0 -0.20703724960773262 0 -0.20703724960773262 0 0
61 0 53 1 61 117 8 40 -1 0.20703724960773262 0 -0.20703724960773262 0 -0.20703724960773262 0 0
61 0 54 1 61 118 7 39 -1 0.20703724960773262 0 -0.20703724960773262 0 -0.20703724960773262 0 0
61 0 55 1 61 119 6 38 -1 0.20703724960773262 0 -0.20703724960773262 0 -0.20703724960773262 0 0
61 0 56 1 61 120 5 37 -1 0.20703724960773262 0 -0.20703724960773262 0 -0.20703724960773262 0 0
61 0 57 1 61 121 4 36 -1 0.20703724960773262 0 -0.20703724960773262 0 -0.20703724960773262 0 0
61 0 58 1 61 122 3 35 -1 0.20703724960773262 0 -0.20703724960773262 0 -0.20703724960773262 0 0
61 0 59 1 61 123 2 34 -1 0.20703724960773262 0 -0.20703724960773262 0 -0.20703724960773262 0 0
61 0 60 1 61 124 1 33 -1 0.20703724960773262 0 -0.20703724960773262 0 -0.20703724960773262 0 0
61 0 61 1 61 125 0 32 1 0 0 0 0 0 0 0
61 0 62 1 61 126 1 33 1 0.20703724960773262 0 0.20703724960773262 0 0.20703724960773262 0 0
61 0 63 1 61 127 2 34 1 0.20703724960773262 0 0.20703724960773262 0 0.20703724960773262 0 0
62 0 63 0 62 63 1 0 1 1.5483719497275521 0 1.5483719497275521 0 1.5483719497275521 0 0
62 0 0 1 62 64 2 34 -1 0.20703724960773262 0 -0.20703724960773262 0 -0.20703724960773262 0 0
62 0 1 1 62 65 3 35 -1 0.20703724960773262 0 -0.20703724960773262 0 -0.20703724960773262 0 0
62 0 2 1 62 66 4 36 -1 0.20703724960773262 0 -0.20703724960773262 0 -0.20703724960773262 0 0
62 0 3 1 62 67 5 37 -1 0.20703724960773262 0 -0.20703724960773262 0 -0.20703724960773262 0 0
62 0 4 1 62 68 6 38 -1 0.20703724960773262 0 -0.20703724960773262 0 -0.20703724960773262 0 0
62 0 5 1 62 69 7 39 -1 0.20703724960773262 0 -0.20703724960773262 0 -0.20703724960773262 0 0
62 0 6 1 62 70 8 40 -1 0.20703724960773262 0 -0.20703724960773262 0 -0.20703724960773262 0 0
62 0 7 1 62 71 9 41 -1 0.20703724960773262 0 -0.20703724960773262 0 -0.20703724960773262 0 0
62 0 8 1 62 72 10 42 -1 0.20703724960773262 0 -0.20703724960773262 0 -0.20703724960773262 0 0
62 0 9 1 62 73 11 43 -1 0.20703724960773262 0 -0.20703724960773262 0 -0.20703724960773262 0 0
62 0 10 1 62 74 12 44 -1 0.20703724960773262 0 -0.20703724960773262 0 -0.20703724960773262 0 0
62 0 11 1 62 75 13 45 -1 0.20703724960773262 0 -0.20703724960773262 0 -0.20703724960773262 0 0
62 0 12 1 62 76 14 46 -1 0.20703724960773262 0 -0.20703724960773262 0 -0.20703724960773262 0 0
62 0 13 1 62 77 15 47 -1 0.20703724960773262 0 -0.20703724960773262 0 -0.20703724960773262 0 0
62 0 14 1 62 78 16 48 -1 0.20703724960773262 0 -0.20703724960773262 0 -0.20703724960773262 0 0
62 0 15 1 62 79 17 49 -1 0.20703724960773262 0 -0.20703724960773262 0 -0.20703724960773262 0 0
62 0 16 1 62 80 18 50 -1 0.20703724960773262 0 -0.20703724960773262 0 -0.20703724960773262 0 0
62 0 17 1 62 81 19 51 -1 0.20703724960773262 0 -0.20703724960773262 0 -0.20703724960773262 0 0
62 0 18 1 62 82 20 52 -1 0.20703724960773262 0 -0.20703724960773262 0 -0.20703724960773262 0 0
62 0 19 1 62 83 21 53 -1 0.20703724960773262 0 -0.20703724960773262 0 -0.20703724960773262 0 0
62 0 20 1 62 84 22 54 -1 0.20703724960773262 0 -0.20703724960773262 0 -0.20703724960773262 0 0
62 0 21 1 62 85 23 55 -1 0.20703724960773262 0 -0.20703724960773262 0 -0.20703724960773262 0 0
62 0 22 1 62 86 24 56 -1 0.20703724960773262 0 -0.20703724960773262 0 -0.20703724960773262 0 0
62 0 23 1 62 87 25 57 -1 0.20703724960773262 0 -0.20703724960773262 0 -0.20703724960773262 0 0
62 0 24 1 62 88 26 58 -1 0.20703724960773262 0 -0.20703724960773262 0 -0.20703724960773262 0 0
62 0 25 1 62 89 27 59 -1 0.20703724960773262 0 -0.20703724960773262 0 -0.20703724960773262 0 0
62 0 26 1 62 90 28 60 -1 0.20703724960773262 0 -0.20703724960773262 0 -0.20703724960773262 0 0
62 0 27 1 62 91 29 61 -1 0.20703724960773262 0 -0.20703724960773262 0 -0.20703724960773262 0 0
62 0 28 1 62 92 30 62 -1 0.20703724960773262 0 -0.20703724960773262 0 -0.20703724960773262 0 0
62 0 29 1 62 93 31 63 -1 0.20703724960773262 0 -0.20703724960773262 0 -0.20703724960773262 0 0
62 0 30 1 62 94 32 64 -1 0.20703724960773262 0 -0.20703724960773262 0 -0.20703724960773262 0 0
62 0 31 1 62 95 31 63 -1 0.20703724960773262 0 -0.20703724960773262 0 -0.20703724960773262 0 0
62 0 32 1 62 96 30 62 -1 0.20703724960773262 0 -0.20703724960773262 0 -0.20703724960773262 0 0
62 0 33 1 62 97 29 61 -1 0.20703724960773262 0 -0.20703724960773262 0 -0.20703724960773262 0 0
62 0 34 1 62 98 28 60 -1 0.20703724960773262 0 -0.20703724960773262 0 -0.20703724960773262 0 0
62 0 35 1 62 99 27 59 -1 0.20703724960773262 0 -0.20703724960773262 0 -0.20703724960773262 0 0
62 0 36 1 62 100 26 58 -1 0.20703724960773262 0 -0.20703724960773262 0 -0.20703724960773262 0 0
62 0 37 1 62 101 25 57 -1 0.20703724960773262 0 -0.20703724960773262 0 -0.20703724960773262 0 0
62 0 38 1 62 102 24 56 -1 0.20703724960773262 0 -0.20703724960773262 0 -0.20703724960773262 0 0
62 0 39 1 62 103 23 55 -1 0.20703724960773262 0 -0.20703724960773262 0 -0.20703724960773262 0 0
62 0 40 1 62 104 22 54 -1 0.20703724960773262 0 -0.20703724960773262 0 -0.20703724960773262 0 0
62 0 41 1 62 105 21 53 -1 0.20703724960773262 0 -0.20703724960773262 0 -0.20703724960773262 0 0
62 0 42 1 62 106 20 52 -1 0.20703724960773262 0 -0.20703724960773262 0 -0.20703724960773262 0 0
62 0 43 1 62 107 19 51 -1 0.20703724960773262 0 -0.20703724960773262 0 -0.20703724960773262 0 0
62 0 44 1 62 108 18 50 -1 0.20703724960773262 0 -0.20703724960773262 0 -0.20703724960773262 0 0
62 0 45 1 62 109 17 49 -1 0.20703724960773262 0 -0.20703724960773262 0 -0.20703724960773262 0 0
62 0 46 1 62 110 16 48 -1 0.20703724960773262 0 -0.20703724960773262 0 -0.20703724960773262 0 0
62 0 47 1 62 111 15 47 -1 0.20703724960773262 0 -0.20703724960773262 0 -0.20703724960773262 0 0
62 0 48 1 62 112 14 46 -1 0.20703724960773262 0 -0.20703724960773262 0 -0.20703724960773262 0 0
62 0 49 1 62 113 13 45 -1 0.20703724960773262 0 -0.20703724960773262 0 -0.20703724960773262 0 0
62 0 50 1 62 114 12 44 -1 0.20703724960773262 0 -0.20703724960773262 0 -0.20703724960773262 0 0
62 0 51 1 62 115 11 43 -1 0.20703724960773262 0 -0.20703724960773262 0 -0.20703724960773262 0 0
62 0 52 1 62 116 10 42 -1 0.20703724960773262 0 -0.20703724960773262 0 -0.20703724960773262 0 0
62 0 53 1 62 117 9 41 -1 0.20703724960773262 0 -0.20703724960773262 0 -0.20703724960773262 0 0
62 0 54 1 62 118 8 40 -1 0.20703724960773262 0 -0.20703724960773262 0 -0.20703724960773262 0 0
62 0 55 1 62 119 7 39 -1 0.20703724960773262 0 -0.20703724960773262 0 -0.20703724960773262 0 0
62 0 56 1 62 120 6 38 -1 0.20703724960773262 0 -0.20703724960773262 0 -0.20703724960773262 0 0
62 0 57 1 62 121 5 37 -1 0.20703724960773262 0 -0.20703724960773262 0 -0.20703724960773262 0 0
62 0 58 1 62 122 4 36 -1 0.20703724960773262 0 -0.20703724960773262 0 -0.20703724960773262 0 0
62 0 59 1 62 123 3 35 -1 0.20703724960773262 0 -0.20703724960773262 0 -0.20703724960773262 0 0
62 0 60 1 62 124 2 34 -1 0.20703724960773262 0 -0.20703724960773262 0 -0.20703724960773262 0 0
62 0 61 1 62 125 1 33 -1 0.20703724960773262 0 -0.20703724960773262 0 -0.20703724960773262 0 0
62 0 62 1 62 126 0 32 1 0 0 0 0 0 0 0
62 0 63 1 62 127 1 33 1 0.20703724960773262 0 0.20703724960773262 0 0.20703724960773262 0 0
63 0 0 1 63 64 1 33 -1 0.20703724960773262 0 -0.20703724960773262 0 -0.20703724960773262 0 0
63 0 1 1 63 65 2 34 -1 0.20703724960773262 0 -0.20703724960773262 0 -0.20703724960773262 0 0
63 0 2 1 63 66 3 35 -1 0.20703724960773262 0 -0.20703724960773262 0 -0.20703724960773262 0 0
63 0 3 1 63 67 4 36 -1 0.20703724960773262 0 -0.20703724960773262 0 -0.20703724960773262 0 0
63 0 4 1 63 68 5 37 -1 0.20703724960773262 0 -0.20703724960773262 0 -0.20703724960773262 0 0
63 0 5 1 63 69 6 38 -1 0.20703724960773262 0 -0.20703724960773262 0 -0.20703724960773262 0 0
63 0 6 1 63 70 7 39 -1 0.20703724960773262 0 -0.20703724960773262 0 -0.20703724960773262 0 0
63 0 7 1 63 71 8 40 -1 0.20703724960773262 0 -0.20703724960773262 0 -0.20703724960773262 0 0
63 0 8 1 63 72 9 41 -1 0.20703724960773262 0 -0.20703724960773262 0 -0.20703724960773262 0 0
63 0 9 1 63 73 10 42 -1 0.20703724960773262 0 -0.20703724960773262 0 -0.20703724960773262 0 0
63 0 10 1 63 74 11 43 -1 0.20703724960773262 0 -0.20703724960773262 0 -0.20703724960773262 0 0
63 0 11 1 63 75 12 44 -1 0.20703724960773262 0 -0.20703724960773262 0 -0.20703724960773262 0 0
63 0 12 1 63 76 13 45 -1 0.20703724960773262 0 -0.20703724960773262 0 -0.20703724960773262 0 0
63 0 13 1 63 77 14 46 -1 0.20703724960773262 0 -0.20703724960773262 0 -0.20703724960773262 0 0
63 0 14 1 63 78 15 47 -1 0.20703724960773262 0 -0.20703724960773262 0 -0.20703724960773262 0 0
63 0 15 1 63 79 16 48 -1 0.20703724960773262 0 -0.20703724960773262 0 -0.20703724960773262 0 0
63 0 16 1 63 80 17 49 -1 0.20703724960773262 0 -0.20703724960773262 0 -0.20703724960773262 0 0
63 0 17 1 63 81 18 50 -1 0.20703724960773262 0 -0.20703724960773262 0 -0.20703724960773262 0 0
63 0 18 1 63 82 19 51 -1 0.20703724960773262 0 -0.20703724960773262 0 -0.20703724960773262 0 0
63 0 19 1 63 83 20 52 -1 0.20703724960773262 0 -0.20703724960773262 0 -0.20703724960773262 0 0
63 0 20 1 63 84 21 53 -1 0.20703724960773262 0 -0.20703724960773262 0 -0.20703724960773262 0 0
63 0 21 1 63 85 22 54 -1 0.20703724960773262 0 -0.20703724960773262 0 -0.20703724960773262 0 0
63 0 22 1 63 86 23 55 -1 0.20703724960773262 0 -0.20703724960773262 0 -0.20703724960773262 0 0
63 0 23 1 63 87 24 56 -1 0.20703724960773262 0 -0.20703724960773262 0 -0.20703724960773262 0 0
63 0 24 1 63 88 25 57 -1 0.20703724960773262 0 -0.20703724960773262 0 -0.20703724960773262 0 0
63 0 25 1 63 89 26 58 -1 0.20703724960773262 0 -0.20703724960773262 0 -0.20703724960773262 0 0
63 0 26 1 63 90 27 59 -1 0.20703724960773262 0 -0.20703724960773262 0 -0.20703724960773262 0 0
63 0 27 1 63 91 28 60 -1 0.20703724960773262 0 -0.20703724960773262 0 -0.20703724960773262 0 0
63 0 28 1 63 92 29 61 -1 0.20703724960773262 0 -0.20703724960773262 0 -0.20703724960773262 0 0
63 0 29 1 63 93 30 62 -1 0.20703724960773262 0 -0.20703724960773262 0 -0.20703724960773262 0 0
63 0 30 1 63 94 31 63 -1 0.20703724960773262 0 -0.20703724960773262 0 -0.20703724960773262 0 0
63 0 31 1 63 95 32 64 -1 0.20703724960773262 0 -0.20703724960773262 0 -0.20703724960773262 0 0
63 0 32 1 63 96 31 63 -1 0.20703724960773262 0 -0.20703724960773262 0 -0.20703724960773262 0 0
63 0 33 1 63 97 30 62 -1 0.20703724960773262 0 -0.20703724960773262 0 -0.20703724960773262 0 0
63 0 34 1 63 98 29 61 -1 0.20703724960773262 0 -0.20703724960773262 0 -0.20703724960773262 0 0
63 0 35 1 63 99 28 60 -1 0.20703724960773262 0 -0.20703724960773262 0 -0.20703724960773262 0 0
63 0 36 1 63 100 27 59 -1 0.20703724960773262 0 -0.20703724960773262 0 -0.20703724960773262 0 0
63 0 37 1 63 101 26 58 -1 0.20703724960773262 0 -0.20703724960773262 0 -0.20703724960773262 0 0
63 0 38 1 63 102 25 57 -1 0.20703724960773262 0 -0.20703724960773262 0 -0.20703724960773262 0 0
63 0 39 1 63 103 24 56 -1 0.20703724960773262 0 -0.20703724960773262 0 -0.20703724960773262 0 0
63 0 40 1 63 104 23 55 -1 0.20703724960773262 0 -0.20703724960773262 0 -0.20703724960773262 0 0
63 0 41 1 63 105 22 54 -1 0.20703724960773262 0 -0.20703724960773262 0 -0.20703724960773262 0 0
63 0 42 1 63 106 21 53 -1 0.20703724960773262 0 -0.20703724960773262 0 -0.20703724960773262 0 0
63 0 43 1 63 107 20 52 -1 0.20703724960773262 0 -0.20703724960773262 0 -0.20703724960773262 0 0
63 0 44 1 63 108 19 51 -1 0.20703724960773262 0 -0.20703724960773262 0 -0.20703724960773262 0 0
63 0 45 1 63 109 18 50 -1 0.20703724960773262 0 -0.20703724960773262 0 -0.20703724960773262 0 0
63 0 46 1 63 110 17 49 -1 0.20703724960773262 0 -0.20703724960773262 0 -0.20703724960773262 0 0
63 0 47 1 63 111 16 48 -1 0.20703724960773262 0 -0.20703724960773262 0 -0.20703724960773262 0 0
63 0 48 1 63 112 15 47 -1 0.20703724960773262 0 -0.20703724960773262 0 -0.20703724960773262 0 0
63 0 49 1 63 113 14 46 -1 0.20703724960773262 0 -0.20703724960773262 0 -0.20703724960773262 0 0
63 0 50 1 63 114 13 45 -1 0.20703724960773262 0 -0.20703724960773262 0 -0.20703724960773262 0 0
63 0 51 1 63 115 12 44 -1 0.20703724960773262 0 -0.20703724960773262 0 -0.20703724960773262 0 0
63 0 52 1 63 116 11 43 -1 0.20703724960773262 0 -0.20703724960773262 0 -0.20703724960773262 0 0
63 0 53 1 63 117 10 42 -1 0.20703724960773262 0 -0.20703724960773262 0 -0.20703724960773262 0 0
63 0 54 1 63 118 9 41 -1 0.20703724960773262 0 -0.20703724960773262 0 -0.20703724960773262 0 0
63 0 55 1 63 119 8 40 -1 0.20703724960773262 0 -0.20703724960773262 0 -0.20703724960773262 0 0
63 0 56 1 63 120 7 39 -1 0.20703724960773262 0 -0.20703724960773262 0 -0.20703724960773262 0 0
63 0 57 1 63 121 6 38 -1 0.20703724960773262 0 -0.20703724960773262 0 -0.20703724960773262 0 0
63 0 58 1 63 122 5 37 -1 0.20703724960773262 0 -0.20703724960773262 0 -0.20703724960773262 0 0
63 0 59 1 63 123 4 36 -1 0.20703724960773262 0 -0.20703724960773262 0 -0.20703724960773262 0 0
63 0 60 1 63 124 3 35 -1 0.20703724960773262 0 -0.20703724960773262 0 -0.20703724960773262 0 0
63 0 61 1 63 125 2 34 -1 0.20703724960773262 0 -0.20703724960773262 0 -0.20703724960773262 0 0
63 0 62 1 63 126 1 33 -1 0.20703724960773262 0 -0.20703724960773262 0 -0.20703724960773262 0 0
63 0 63 1 63 127 0 32 1 0 0 0 0 0 0 0
0 1 1 1 64 65 1 65 1 0.64813720051032397 0 0.64813720051032397 0 0.64813720051032397 0 0
0 1 2 1 64 66 2 66 1 0.64813720051032397 0 0.64813720051032397 0 0.64813720051032397 0 0
0 1 3 1 64 67 3 67 1 0.64813720051032397 0 0.64813720051032397 0 0.64813720051032397 0 0
0 1 4 1 64 68 4 68 1 0.64813720051032397 0 0.64813720051032397 0 0.64813720051032397 0 0
0 1 5 1 64 69 5 69 1 0.64813720051032397 0 0.64813720051032397 0 0.64813720051032397 0 0
0 1 6 1 64 70 6 70 1 0.64813720051032397 0 0.64813720051032397 0 0.64813720051032397 0 0
0 1 7 1 64 71 7 71 1 0.64813720051032397 0 0.64813720051032397 0 0.64813720051032397 0 0
0 1 8 1 64 72 8 72 1 0.64813720051032397 0 0.64813720051032397 0 0.64813720051032397 0 0
0 1 9 1 64 73 9 73 1 0.64813720051032397 0 0.64813720051032397 0 0.64813720051032397 0 0
0 1 10 1 64 74 10 74 1 0.64813720051032397 0 0.64813720051032397 0 0.64813720051032397 0 0
0 1 11 1 64 75 11 75 1 0.64813720051032397 0 0.64813720051032397 0 0.64813720051032397 0 0
0 1 12 1 64 76 12 76 1 0.64813720051032397 0 0.64813720051032397 0 0.64813720051032397 0 0
0 1 13 1 64 77 13 77 1 0.64813720051032397 0 0.64813720051032397 0 0.64813720051032397 0 0
0 1 14 1 64 78 14 78 1 0.64813720051032397 0 0.64813720051032397 0 0.64813720051032397 0 0
0 1 15 1 64 79 15 79 1 0.64813720051032397 0 0.64813720051032397 0 0.64813720051032397 0 0
0 1 16 1 64 80 16 80 1 0.64813720051032397 0 0.64813720051032397 0 0.64813720051032397 0 0
0 1 17 1 64 81 17 81 1 0.64813720051032397 0 0.64813720051032397 0 0.64813720051032397 0 0
0 1 18 1 64 82 18 82 1 0.64813720051032397 0 0.64813720051032397 0 0.64813720051032397 0 0
0 1 19 1 64 83 19 83 1 0.64813720051032397 0 0.64813720051032397 0 0.64813720051032397 0 0
0 1 20 1 64 84 20 84 1 0.64813720051032397 0 0.64813720051032397 0 0.64813720051032397 0 0
0 1 21 1 64 85 21 85 1 0.64813720051032397 0 0.64813720051032397 0 0.64813720051032397 0 0
0 1 22 1 64 86 22 86 1 0.64813720051032397 0 0.64813720051032397 0 0.64813720051032397 0 0
0 1 23 1 64 87 23 87 1 0.64813720051032397 0 0.64813720051032397 0 0.64813720051032397 0 0
0 1 24 1 64 88 24 88 1 0.64813720051032397 0 0.64813720051032397 0 0.64813720051032397 0 0
0 1 25 1 64 89 25 89 1 0.64813720051032397 0 0.64813720051032397 0 0.64813720051032397 0 0
0 1 26 1 64 90 26 90 1 0.64813720051032397 0 0.64813720051032397 0 0.64813720051032397 0 0
0 1 27 1 64 91 27 91 1 0.64813720051032397 0 0.64813720051032397 0 0.64813720051032397 0 0
0 1 28 1 64 92 28 92 1 0.64813720051032397 0 0.64813720051032397 0 0.64813720051032397 0 0
0 1 29 1 64 93 29 93 1 0.64813720051032397 0 0.64813720051032397 0 0.64813720051032397 0 0
0 1 30 1 64 94 30 94 1 0.64813720051032397 0 0.64813720051032397 0 0.64813720051032397 0 0
0 1 31 1 64 95 31 95 1 0.64813720051032397 0 0.64813720051032397 0 0.64813720051032397 0 0
0 1 32 1 64 96 32 96 1 0.64813720051032397 0 0.64813720051032397 0 0.64813720051032397 0 0
0 1 33 1 64 97 31 95 1 0.64813720051032397 0 0.64813720051032397 0 0.64813720051032397 0 0
0 1 34 1 64 98 30 94 1 0.64813720051032397 0 0.64813720051032397 0 0.64813720051032397 0 0
0 1 35 1 64 99 29 93 1 0.64813720051032397 0 0.64813720051032397 0 0.64813720051032397 0 0
0 1 36 1 64 100 28 92 1 0.64813720051032397 0 0.64813720051032397 0 0.64813720051032397 0 0
0 1 37 1 64 101 27 91 1 0.64813720051032397 0 0.64813720051032397 0 0.64813720051032397 0 0
0 1 38 1 64 102 26 90 1 0.64813720051032397 0 0.64813720051032397 0 0.64813720051032397 0 0
0 1 39 1 64 103 25 89 1 0.64813720051032397 0 0.64813720051032397 0 0.64813720051032397 0 0
0 1 40 1 64 104 24 88 1 0.64813720051032397 0 0.64813720051032397 0 0.64813720051032397 0 0
0 1 41 1 64 105 23 87 1 0.64813720051032397 0 0.64813720051032397 0 0.64813720051032397 0 0
0 1 42 1 64 106 22 86 1 0.64813720051032397 0 0.64813720051032397 0 0.64813720051032397 0 0
0 1 43 1 64 107 21 85 1 0.64813720051032397 0 0.64813720051032397 0 0.64813720051032397 0 0
0 1 44 1 64 108 20 84 1 0.64813720051032397 0 0.64813720051032397 0 0.64813720051032397 0 0
0 1 45 1 64 109 19 83 1 0.64813720051032397 0 0.64813720051032397 0 0.64813720051032397 0 0
0 1 46 1 64 110 18 82 1 0.64813720051032397 0 0.64813720051032397 0 0.64813720051032397 0 0
0 1 47 1 64 111 17 81 1 0.64813720051032397 0 0.64813720051032397 0 0.64813720051032397 0 0
0 1 48 1 64 112 16 80 1 0.64813720051032397 0 0.64813720051032397 0 0.64813720051032397 0 0
0 1 49 1 64 113 15 79 1 0.64813720051032397 0 0.64813720051032397 0 0.64813720051032397 0 0
0 1 50 1 64 114 14 78 1 0.64813720051032397 0 0.64813720051032397 0 0.64813720051032397 0 0
0 1 51 1 64 115 13 77 1 0.64813720051032397 0 0.64813720051032397 0 0.64813720051032397 0 0
0 1 52 1 64 116 12 76 1 0.64813720051032397 0 0.64813720051032397 0 0.64813720051032397 0 0
0 1 53 1 64 117 11 75 1 0.64813720051032397 0 0.64813720051032397 0 0.64813720051032397 0 0
0 1 54 1 64 118 10 74 1 0.64813720051032397 0 0.64813720051032397 0 0.64813720051032397 0 0
0 1 55 1 64 119 9 73 1 0.64813720051032397 0 0.64813720051032397 0 0.64813720051032397 0 0
0 1 56 1 64 120 8 72 1 0.64813720051032397 0 0.64813720051032397 0 0.64813720051032397 0 0
0 1 57 1 64 121 7 71 1 0.64813720051032397 0 0.64813720051032397 0 0.64813720051032397 0 0
0 1 58 1 64 122 6 70 1 0.64813720051032397 0 0.64813720051032397 0 0.64813720051032397 0 0
0 1 59 1 64 123 5 69 1 0.64813720051032397 0 0.64813720051032397 0 0.64813720051032397 0 0
0 1 60 1 64 124 4 68 1 0.64813720051032397 0 0.64813720051032397 0 0.64813720051032397 0 0
0 1 61 1 64 125 3 67 1 0.64813720051032397 0 0.64813720051032397 0 0.64813720051032397 0 0
0 1 62 1 64 126 2 66 1 0.64813720051032397 0 0.64813720051032397 0 0.64813720051032397 0 0
0 1 63 1 64 127 1 65 1 0.64813720051032397 0 0.64813720051032397 0 0.64813720051032397 0 0
1 1 2 1 65 66 1 65 1 0.64813720051032397 0 0.64813720051032397 0 0.64813720051032397 0 0
1 1 3 1 65 67 2 66 1 0.64813720051032397 0 0.64813720051032397 0 0.64813720051032397 0 0
1 1 4 1 65 68 3 67 1 0.64813720051032397 0 0.64813720051032397 0 0.64813720051032397 0 0
1 1 5 1 65 69 4 68 1 0.64813720051032397 0 0.64813720051032397 0 0.64813720051032397 0 0
1 1 6 1 65 70 5 69 1 0.64813720051032397 0 0.64813720051032397 0 0.64813720051032397 0 0
1 1 7 1 65 71 6 70 1 0.64813720051032397 0 0.64813720051032397 0 0.64813720051032397 0 0
1 1 8 1 65 72 7 71 1 0.64813720051032397 0 0.64813720051032397 0 0.64813720051032397 0 0
1 1 9 1 65 73 8 72 1 0.64813720051032397 0 0.64813720051032397 0 0.64813720051032397 0 0
1 1 10 1 65 74 9 73 1 0.64813720051032397 0 0.64813720051032397 0 0.64813720051032397 0 0
1 1 11 1 65 75 10 74 1 0.64813720051032397 0 0.64813720051032397 0 0.64813720051032397 0 0
1 1 12 1 65 76 11 75 1 0.64813720051032397 0 0.64813720051032397 0 0.64813720051032397 0 0
1 1 13 1 65 77 12 76 1 0.64813720051032397 0 0.64813720051032397 0 0.64813720051032397 0 0
1 1 14 1 65 78 13 77 1 0.64813720051032397 0 0.64813720051032397 0 0.64813720051032397 0 0
1 1 15 1 65 79 14 78 1 0.64813720051032397 0 0.64813720051032397 0 0.64813720051032397 0 0
1 1 16 1 65 80 15 79 1 0.64813720051032397 0 0.64813720051032397 0 0.64813720051032397 0 0
1 1 17 1 65 81 16 80 1 0.64813720051032397 0 0.64813720051032397 0 0.64813720051032397 0 0
1 1 18 1 65 82 17 81 1 0.64813720051032397 0 0.64813720051032397 0 0.64813720051032397 0 0
1 1 19 1 65 83 18 82 1 0.64813720051032397 0 0.64813720051032397 0 0.64813720051032397 0 0
1 1 20 1 65 84 19 83 1 0.64813720051032397 0 0.64813720051032397 0 0.64813720051032397 0 0
1 1 21 1 65 85 20 84 1 0.64813720051032397 0 0.64813720051032397 0 0.64813720051032397 0 0
1 1 22 1 65 86 21 85 1 0.64813720051032397 0 0.64813720051032397 0 0.64813720051032397 0 0
1 1 23 1 65 87 22 86 1 0.64813720051032397 0 0.64813720051032397 0 0.64813720051032397 0 0
1 1 24 1 65 88 23 87 1 0.64813720051032397 0 0.64813720051032397 0 0.64813720051032397 0 0
1 1 25 1 65 89 24 88 1 0.64813720051032397 0 0.64813720051032397 0 0.64813720051032397 0 0
1 1 26 1 65 90 25 89 1 0.64813720051032397 0 0.64813720051032397 0 0.64813720051032397 0 0
1 1 27 1 65 91 26 90 1 0.64813720051032397 0 0.64813720051032397 0 0.64813720051032397 0 0
1 1 28 1 65 92 27 91 1 0.64813720051032397 0 0.64813720051032397 0 0.64813720051032397 0 0
1 1 29 1 65 93 28 92 1 0.64813720051032397 0 0.64813720051032397 0 0.64813720051032397 0 0
1 1 30 1 65 94 29 93 1 0.64813720051032397 0 0.64813720051032397 0 0.64813720051032397 0 0
1 1 31 1 65 95 30 94 1 0.64813720051032397 0 0.64813720051032397 0 0.64813720051032397 0 0
1 1 32 1 65 96 31 95 1 0.64813720051032397 0 0.64813720051032397 0 0.64813720051032397 0 0
1 1 33 1 65 97 32 96 1 0.64813720051032397 0 0.64813720051032397 0 0.64813720051032397 0 0
1 1 34 1 65 98 31 95 1 0.64813720051032397 0 0.64813720051032397 0 0.64813720051032397 0 0
1 1 35 1 65 99 30 94 1 0.64813720051032397 0 0.64813720051032397 0 0.64813720051032397 0 0
1 1 36 1 65 100 29 93 1 0.64813720051032397 0 0.64813720051032397 0 0.64813720051032397 0 0
1 1 37 1 65 101 28 92 1 0.64813720051032397 0 0.64813720051032397 0 0.64813720051032397 0 0
1 1 38 1 65 102 27 91 1 0.64813720051032397 0 0.64813720051032397 0 0.64813720051032397 0 0
1 1 39 1 65 103 26 90 1 0.64813720051032397 0 0.64813720051032397 0 0.64813720051032397 0 0
1 1 40 1 65 104 25 89 1 0.64813720051032397 0 0.64813720051032397 0 0.64813720051032397 0 0
1 1 41 1 65 105 24 88 1 0.64813720051032397 0 0.64813720051032397 0 0.64813720051032397 0 0
1 1 42 1 65 106 23 87 1 0.64813720051032397 0 0.64813720051032397 0 0.64813720051032397 0 0
1 1 43 1 65 107 22 86 1 0.64813720051032397 0 0.64813720051032397 0 0.64813720051032397 0 0
1 1 44 1 65 108 21 85 1 0.64813720051032397 0 0.64813720051032397 0 0.64813720051032397 0 0
1 1 45 1 65 109 20 84 1 0.64813720051032397 0 0.64813720051032397 0 0.64813720051032397 0 0
1 1 46 1 65 110 19 83 1 0.64813720051032397 0 0.64813720051032397 0 0.64813720051032397 0 0
1 1 47 1 65 111 18 82 1 0.64813720051032397 0 0.64813720051032397 0 0.64813720051032397 0 0
1 1 48 1 65 112 17 81 1 0.64813720051032397 0 0.64813720051032397 0 0.64813720051032397 0 0
1 1 49 1 65 113 16 80 1 0.64813720051032397 0 0.64813720051032397 0 0.64813720051032397 0 0
1 1 50 1 65 114 15 79 1 0.64813720051032397 0 0.64813720051032397 0 0.64813720051032397 0 0
1 1 51 1 65 115 14 78 1 0.64813720051032397 0 0.64813720051032397 0 0.64813720051032397 0 0
1 1 52 1 65 116 13 77 1 0.64813720051032397 0 0.64813720051032397 0 0.64813720051032397 0 0
1 1 53 1 65 117 12 76 1 0.64813720051032397 0 0.64813720051032397 0 0.64813720051032397 0 0
1 1 54 1 65 118 11 75 1 0.64813720051032397 0 0.64813720051032397 0 0.64813720051032397 0 0
1 1 55 1 65 119 10 74 1 0.64813720051032397 0 0.64813720051032397 0 0.64813720051032397 0 0
1 1 56 1 65 120 9 73 1 0.64813720051032397 0 0.64813720051032397 0 0.64813720051032397 0 0
1 1 57 1 65 121 8 72 1 0.64813720051032397 0 0.64813720051032397 0 0.64813720051032397 0 0
1 1 58 1 65 122 7 71 1 0.64813720051032397 0 0.64813720051032397 0 0.64813720051032397 0 0
1 1 59 1 65 123 6 70 1 0.64813720051032397 0 0.64813720051032397 0 0.64813720051032397 0 0
1 1 60 1 65 124 5 69 1 0.64813720051032397 0 0.64813720051032397 0 0.64813720051032397 0 0
1 1 61 1 65 125 4 68 1 0.64813720051032397 0 0.64813720051032397 0 0.64813720051032397 0 0
1 1 62 1 65 126 3 67 1 0.64813720051032397 0 0.64813720051032397 0 0.64813720051032397 0 0
1 1 63 1 65 127 2 66 1 0.64813720051032397 0 0.64813720051032397 0 0.64813720051032397 0 0
2 1 3 1 66 67 1 65 1 0.64813720051032397 0 0.64813720051032397 0 0.64813720051032397 0 0
2 1 4 1 66 68 2 66 1 0.64813720051032397 0 0.64813720051032397 0 0.64813720051032397 0 0
2 1 5 1 66 69 3 67 1 0.64813720051032397 0 0.64813720051032397 0 0.64813720051032397 0 0
2 1 6 1 66 70 4 68 1 0.64813720051032397 0 0.64813720051032397 0 0.64813720051032397 0 0
2 1 7 1 66 71 5 69 1 0.64813720051032397 0 0.64813720051032397 0 0.64813720051032397 0 0
2 1 8 1 66 72 6 70 1 0.64813720051032397 0 0.64813720051032397 0 0.64813720051032397 0 0
2 1 9 1 66 73 7 71 1 0.64813720051032397 0 0.64813720051032397 0 0.64813720051032397 0 0
2 1 10 1 66 74 8 72 1 0.64813720051032397 0 0.64813720051032397 0 0.64813720051032397 0 0
2 1 11 1 66 75 9 73 1 0.64813720051032397 0 0.64813720051032397 0 0.64813720051032397 0 0
2 1 12 1 66 76 10 74 1 0.64813720051032397 0 0.64813720051032397 0 0.64813720051032397 0 0
2 1 13 1 66 77 11 75 1 0.64813720051032397 0 0.64813720051032397 0 0.64813720051032397 0 0
2 1 14 1 66 78 12 76 1 0.64813720051032397 0 0.64813720051032397 0 0.64813720051032397 0 0
2 1 15 1 66 79 13 77 1 0.64813720051032397 0 0.64813720051032397 0 0.64813720051032397 0 0
2 1 16 1 66 80 14 78 1 0.64813720051032397 0 0.64813720051032397 0 0.64813720051032397 0 0
2 1 17 1 66 81 15 79 1 0.64813720051032397 0 0.64813720051032397 0 0.64813720051032397 0 0
2 1 18 1 66 82 16 80 1 0.64813720051032397 0 0.64813720051032397 0 0.64813720051032397 0 0
2 1 19 1 66 83 17 81 1 0.64813720051032397 0 0.64813720051032397 0 0.64813720051032397 0 0
2 1 20 1 66 84 18 82 1 0.64813720051032397 0 0.64813720051032397 0 0.64813720051032397 0 0
2 1 21 1 66 85 19 83 1 0.64813720051032397 0 0.64813720051032397 0 0.64813720051032397 0 0
2 1 22 1 66 86 20 84 1 0.64813720051032397 0 0.64813720051032397 0 0.64813720051032397 0 0
2 1 23 1 66 87 21 85 1 0.64813720051032397 0 0.64813720051032397 0 0.64813720051032397 0 0
2 1 24 1 66 88 22 86 1 0.64813720051032397 0 0.64813720051032397 0 0.64813720051032397 0 0
2 1 25 1 66 89 23 87 1 0.64813720051032397 0 0.64813720051032397 0 0.64813720051032397 0 0
2 1 26 1 66 90 24 88 1 0.64813720051032397 0 0.64813720051032397 0 0.64813720051032397 0 0
2 1 27 1 66 91 25 89 1 0.64813720051032397 0 0.64813720051032397 0 0.64813720051032397 0 0
2 1 28 1 66 92 26 90 1 0.64813720051032397 0 0.64813720051032397 0 0.64813720051032397 0 0
2 1 29 1 66 93 27 91 1 0.64813720051032397 0 0.64813720051032397 0 0.64813720051032397 0 0
2 1 30 1 66 94 28 92 1 0.64813720051032397 0 0.64813720051032397 0 0.64813720051032397 0 0
2 1 31 1 66 95 29 93 1 0.64813720051032397 0 0.64813720051032397 0 0.64813720051032397 0 0
2 1 32 1 66 96 30 94 1 0.64813720051032397 0 0.64813720051032397 0 0.64813720051032397 0 0
2 1 33 1 66 97 31 95 1 0.64813720051032397 0 0.64813720051032397 0 0.64813720051032397 0 0
2 1 34 1 66 98 32 96 1 0.64813720051032397 0 0.64813720051032397 0 0.64813720051032397 0 0
2 1 35 1 66 99 31 95 1 0.64813720051032397 0 0.64813720051032397 0 0.64813720051032397 0 0
2 1 36 1 66 100 30 94 1 0.64813720051032397 0 0.64813720051032397 0 0.64813720051032397 0 0
2 1 37 1 66 101 29 93 1 0.64813720051032397 0 0.64813720051032397 0 0.64813720051032397 0 0
2 1 38 1 66 102 28 92 1 0.64813720051032397 0 0.64813720051032397 0 0.64813720051032397 0 0
2 1 39 1 66 103 27 91 1 0.64813720051032397 0 0.64813720051032397 0 0.64813720051032397 0 0
2 1 40 1 66 104 26 90 1 0.64813720051032397 0 0.64813720051032397 0 0.64813720051032397 0 0
2 1 41 1 66 105 25 89 1 0.64813720051032397 0 0.64813720051032397 0 0.64813720051032397 0 0
2 1 42 1 66 106 24 88 1 0.64813720051032397 0 0.64813720051032397 0 0.64813720051032397 0 0
2 1 43 1 66 107 23 87 1 0.64813720051032397 0 0.64813720051032397 0 0.64813720051032397 0 0
2 1 44 1 66 108 22 86 1 0.64813720051032397 0 0.64813720051032397 0 0.64813720051032397 0 0
2 1 45 1 66 109 21 85 1 0.64813720051032397 0 0.64813720051032397 0 0.64813720051032397 0 0
2 1 46 1 66 110 20 84 1 0.64813720051032397 0 0.64813720051032397 0 0.64813720051032397 0 0
2 1 47 1 66 111 19 83 1 0.64813720051032397 0 0.64813720051032397 0 0.64813720051032397 0 0
2 1 48 1 66 112 18 82 1 0.64813720051032397 0 0.64813720051032397 0 0.64813720051032397 0 0
2 1 49 1 66 113 17 81 1 0.64813720051032397 0 0.64813720051032397 0 0.64813720051032397 0 0
2 1 50 1 66 114 16 80 1 0.64813720051032397 0 0.64813720051032397 0 0.64813720051032397 0 0
2 1 51 1 66 115 15 79 1 0.64813720051032397 0 0.64813720051032397 0 0.64813720051032397 0 0
2 1 52 1 66 116 14 78 1 0.64813720051032397 0 0.64813720051032397 0 0.64813720051032397 0 0
2 1 53 1 66 117 13 77 1 0.64813720051032397 0 0.64813720051032397 0 0.64813720051032397 0 0
2 1 54 1 66 118 12 76 1 0.64813720051032397 0 0.64813720051032397 0 0.64813720051032397 0 0
2 1 55 1 66 119 11 75 1 0.64813720051032397 0 0.64813720051032397 0 0.64813720051032397 0 0
2 1 56 1 66 120 10 74 1 0.64813720051032397 0 0.64813720051032397 0 0.64813720051032397 0 0
2 1 57 1 66 121 9 73 1 0.64813720051032397 0 0.64813720051032397 0 0.64813720051032397 0 0
2 1 58 1 66 122 8 72 1 0.64813720051032397 0 0.64813720051032397 0 0.64813720051032397 0 0
2 1 59 1 66 123 7 71 1 0.64813720051032397 0 0.64813720051032397 0 0.64813720051032397 0 0
2 1 60 1 66 124 6 70 1 0.64813720051032397 0 0.64813720051032397 0 0.64813720051032397 0 0
2 1 61 1 66 125 5 69 1 0.64813720051032397 0 0.64813720051032397 0 0.64813720051032397 0 0
2 1 62 1 66 126 4 68 1 0.64813720051032397 0 0.64813720051032397 0 0.64813720051032397 0 0
2 1 63 1 66 127 3 67 1 0.64813720051032397 0 0.64813720051032397 0 0.64813720051032397 0 0
3 1 4 1 67 68 1 65 1 0.64813720051032397 0 0.64813720051032397 0 0.64813720051032397 0 0
3 1 5 1 67 69 2 66 1 0.64813720051032397 0 0.64813720051032397 0 0.64813720051032397 0 0
3 1 6 1 67 70 3 67 1 0.64813720051032397 0 0.64813720051032397 0 0.64813720051032397 0 0
3 1 7 1 67 71 4 68 1 0.64813720051032397 0 0.64813720051032397 0 0.64813720051032397 0 0
3 1 8 1 67 72 5 69 1 0.64813720051032397 0 0.64813720051032397 0 0.64813720051032397 0 0
3 1 9 1 67 73 6 70 1 0.64813720051032397 0 0.64813720051032397 0 0.64813720051032397 0 0
3 1 10 1 67 74 7 71 1 0.64813720051032397 0 0.64813720051032397 0 0.64813720051032397 0 0
3 1 11 1 67 75 8 72 1 0.64813720051032397 0 0.64813720051032397 0 0.64813720051032397 0 0
3 1 12 1 67 76 9 73 1 0.64813720051032397 0 0.64813720051032397 0 0.64813720051032397 0 0
3 1 13 1 67 77 10 74 1 0.64813720051032397 0 0.64813720051032397 0 0.64813720051032397 0 0
3 1 14 1 67 78 11 75 1 0.64813720051032397 0 0.64813720051032397 0 0.64813720051032397 0 0
3 1 15 1 67 79 12 76 1 0.64813720051032397 0 0.64813720051032397 0 0.64813720051032397 0 0
3 1 16 1 67 80 13 77 1 0.64813720051032397 0 0.64813720051032397 0 0.64813720051032397 0 0
3 1 17 1 67 81 14 78 1 0.64813720051032397 0 0.64813720051032397 0 0.64813720051032397 0 0
3 1 18 1 67 82 15 79 1 0.64813720051032397 0 0.64813720051032397 0 0.64813720051032397 0 0
3 1 19 1 67 83 16 80 1 0.64813720051032397 0 0.64813720051032397 0 0.64813720051032397 0 0
3 1 20 1 67 84 17 81 1 0.64813720051032397 0 0.64813720051032397 0 0.64813720051032397 0 0
3 1 21 1 67 85 18 82 1 0.64813720051032397 0 0.64813720051032397 0 0.64813720051032397 0 0
3 1 22 1 67 86 19 83 1 0.64813720051032397 0 0.64813720051032397 0 0.64813720051032397 0 0
3 1 23 1 67 87 20 84 1 0.64813720051032397 0 0.64813720051032397 0 0.64813720051032397 0 0
3 1 24 1 67 88 21 85 1 0.64813720051032397 0 0.64813720051032397 0 0.64813720051032397 0 0
3 1 25 1 67 89 22 86 1 0.64813720051032397 0 0.64813720051032397 0 0.64813720051032397 0 0
3 1 26 1 67 90 23 87 1 0.64813720051032397 0 0.64813720051032397 0 0.64813720051032397 0 0
3 1 27 1 67 91 24 88 1 0.64813720051032397 0 0.64813720051032397 0 0.64813720051032397 0 0
3 1 28 1 67 92 25 89 1 0.64813720051032397 0 0.64813720051032397 0 0.64813720051032397 0 0
3 1 29 1 67 93 26 90 1 0.64813720051032397 0 0.64813720051032397 0 0.64813720051032397 0 0
3 1 30 1 67 94 27 91 1 0.64813720051032397 0 0.64813720051032397 0 0.64813720051032397 0 0
3 1 31 1 67 95 28 92 1 0.64813720051032397 0 0.64813720051032397 0 0.64813720051032397 0 0
3 1 32 1 67 96 29 93 1 0.64813720051032397 0 0.64813720051032397 0 0.64813720051032397 0 0
3 1 33 1 67 97 30 94 1 0.64813720051032397 0 0.64813720051032397 0 0.64813720051032397 0 0
3 1 34 1 67 98 31 95 1 0.64813720051032397 0 0.64813720051032397 0 0.64813720051032397 0 0
3 1 35 1 67 99 32 96 1 0.64813720051032397 0 0.64813720051032397 0 0.64813720051032397 0 0
3 1 36 1 67 100 31 95 1 0.64813720051032397 0 0.64813720051032397 0 0.64813720051032397 0 0
3 1 37 1 67 101 30 94 1 0.64813720051032397 0 0.64813720051032397 0 0.64813720051032397 0 0
3 1 38 1 67 102 29 93 1 0.64813720051032397 0 0.64813720051032397 0 0.64813720051032397 0 0
3 1 39 1 67 103 28 92 1 0.64813720051032397 0 0.64813720051032397 0 0.64813720051032397 0 0
3 1 40 1 67 104 27 91 1 0.64813720051032397 0 0.64813720051032397 0 0.64813720051032397 0 0
3 1 41 1 67 105 26 90 1 0.64813720051032397 0 0.64813720051032397 0 0.64813720051032397 0 0
3 1 42 1 67 106 25 89 1 0.64813720051032397 0 0.64813720051032397 0 0.64813720051032397 0 0
3 1 43 1 67 107 24 88 1 0.64813720051032397 0 0.64813720051032397 0 0.64813720051032397 0 0
3 1 44 1 67 108 23 87 1 0.64813720051032397 0 0.64813720051032397 0 0.64813720051032397 0 0
3 1 45 1 67 109 22 86 1 0.64813720051032397 0 0.64813720051032397 0 0.64813720051032397 0 0
3 1 46 1 67 110 21 85 1 0.64813720051032397 0 0.64813720051032397 0 0.64813720051032397 0 0
3 1 47 1 67 111 20 84 1 0.64813720051032397 0 0.64813720051032397 0 0.64813720051032397 0 0
3 1 48 1 67 112 19 83 1 0.64813720051032397 0 0.64813720051032397 0 0.64813720051032397 0 0
3 1 49 1 67 113 18 82 1 0.64813720051032397 0 0.64813720051032397 0 0.64813720051032397 0 0
3 1 50 1 67 114 17 81 1 0.64813720051032397 0 0.64813720051032397 0 0.64813720051032397 0 0
3 1 51 1 67 115 16 80 1 0.64813720051032397 0 0.64813720051032397 0 0.64813720051032397 0 0
3 1 52 1 67 116 15 79 1 0.64813720051032397 0 0.64813720051032397 0 0.64813720051032397 0 0
3 1 53 1 67 117 14 78 1 0.64813720051032397 0 0.64813720051032397 0 0.64813720051032397 0 0
3 1 54 1 67 118 13 77 1 0.64813720051032397 0 0.64813720051032397 0 0.64813720051032397 0 0
3 1 55 1 67 119 12 76 1 0.64813720051032397 0 0.64813720051032397 0 0.64813720051032397 0 0
3 1 56 1 67 120 11 75 1 0.64813720051032397 0 0.64813720051032397 0 0.64813720051032397 0 0
3 1 57 1 67 121 10 74 1 0.64813720051032397 0 0.64813720051032397 0 0.64813720051032397 0 0
3 1 58 1 67 122 9 73 1 0.64813720051032397 0 0.64813720051032397 0 0.64813720051032397 0 0
3 1 59 1 67 123 8 72 1 0.64813720051032397 0 0.64813720051032397 0 0.64813720051032397 0 0
3 1 60 1 67 124 7 71 1 0.64813720051032397 0 0.64813720051032397 0 0.64813720051032397 0 0
3 1 61 1 67 125 6 70 1 0.64813720051032397 0 0.64813720051032397 0 0.64813720051032397 0 0
3 1 62 1 67 126 5 69 1 0.64813720051032397 0 0.64813720051032397 0 0.64813720051032397 0 0
3 1 63 1 67 127 4 68 1 0.64813720051032397 0 0.64813720051032397 0 0.64813720051032397 0 0
4 1 5 1 68 69 1 65 1 0.64813720051032397 0 0.64813720051032397 0 0.64813720051032397 0 0
4 1 6 1 68 70 2 66 1 0.64813720051032397 0 0.64813720051032397 0 0.64813720051032397 0 0
4 1 7 1 68 71 3 67 1 0.64813720051032397 0 0.64813720051032397 0 0.64813720051032397 0 0
4 1 8 1 68 72 4 68 1 0.64813720051032397 0 0.64813720051032397 0 0.64813720051032397 0 0
4 1 9 1 68 73 5 69 1 0.64813720051032397 0 0.64813720051032397 0 0.64813720051032397 0 0
4 1 10 1 68 74 6 70 1 0.64813720051032397 0 0.64813720051032397 0 0.64813720051032397 0 0
4 1 11 1 68 75 7 71 1 0.64813720051032397 0 0.64813720051032397 0 0.64813720051032397 0 0
4 1 12 1 68 76 8 72 1 0.64813720051032397 0 0.64813720051032397 0 0.64813720051032397 0 0
4 1 13 1 68 77 9 73 1 0.64813720051032397 0 0.64813720051032397 0 0.64813720051032397 0 0
4 1 14 1 68 78 10 74 1 0.64813720051032397 0 0.64813720051032397 0 0.64813720051032397 0 0
4 1 15 1 68 79 11 75 1 0.64813720051032397 0 0.64813720051032397 0 0.64813720051032397 0 0
4 1 16 1 68 80 12 76 1 0.64813720051032397 0 0.64813720051032397 0 0.64813720051032397 0 0
4 1 17 1 68 81 13 77 1 0.64813720051032397 0 0.64813720051032397 0 0.64813720051032397 0 0
4 1 18 1 68 82 14 78 1 0.64813720051032397 0 0.64813720051032397 0 0.64813720051032397 0 0
4 1 19 1 68 83 15 79 1 0.64813720051032397 0 0.64813720051032397 0 0.64813720051032397 0 0
4 1 20 1 68 84 16 80 1 0.64813720051032397 0 0.64813720051032397 0 0.64813720051032397 0 0
4 1 21 1 68 85 17 81 1 0.64813720051032397 0 0.64813720051032397 0 0.64813720051032397 0 0
4 1 22 1 68 86 18 82 1 0.64813720051032397 0 0.64813720051032397 0 0.64813720051032397 0 0
4 1 23 1 68 87 19 83 1 0.64813720051032397 0 0.64813720051032397 0 0.64813720051032397 0 0
4 1 24 1 68 88 20 84 1 0.64813720051032397 0 0.64813720051032397 0 0.64813720051032397 0 0
4 1 25 1 68 89 21 85 1 0.64813720051032397 0 0.64813720051032397 0 0.64813720051032397 0 0
4 1 26 1 68 90 22 86 1 0.64813720051032397 0 0.64813720051032397 0 0.64813720051032397 0 0
4 1 27 1 68 91 23 87 1 0.64813720051032397 0 0.64813720051032397 0 0.64813720051032397 0 0
4 1 28 1 68 92 24 88 1 0.64813720051032397 0 0.64813720051032397 0 0.64813720051032397 0 0
4 1 29 1 68 93 25 89 1 0.64813720051032397 0 0.64813720051032397 0 0.64813720051032397 0 0
4 1 30 1 68 94 26 90 1 0.64813720051032397 0 0.64813720051032397 0 0.64813720051032397 0 0
4 1 31 1 68 95 27 91 1 0.64813720051032397 0 0.64813720051032397 0 0.64813720051032397 0 0
4 1 32 1 68 96 28 92 1 0.64813720051032397 0 0.64813720051032397 0 0.64813720051032397 0 0
4 1 33 1 68 97 29 93 1 0.64813720051032397 0 0.64813720051032397 0 0.64813720051032397 0 0
4 1 34 1 68 98 30 94 1 0.64813720051032397 0 0.64813720051032397 0 0.64813720051032397 0 0
4 1 35 1 68 99 31 95 1 0.64813720051032397 0 0.64813720051032397 0 0.64813720051032397 0 0
4 1 36 1 68 100 32 96 1 0.64813720051032397 0 0.64813720051032397 0 0.64813720051032397 0 0
4 1 37 1 68 101 31 95 1 0.64813720051032397 0 0.64813720051032397 0 0.64813720051032397 0 0
4 1 38 1 68 102 30 94 1 0.64813720051032397 0 0.64813720051032397 0 0.64813720051032397 0 0
4 1 39 1 68 103 29 93 1 0.64813720051032397 0 0.64813720051032397 0 0.64813720051032397 0 0
4 1 40 1 68 104 28 92 1 0.64813720051032397 0 0.64813720051032397 0 0.64813720051032397 0 0
4 1 41 1 68 105 27 91 1 0.64813720051032397 0 0.64813720051032397 0 0.64813720051032397 0 0
4 1 42 1 68 106 26 90 1 0.64813720051032397 0 0.64813720051032397 0 0.64813720051032397 0 0
4 1 43 1 68 107 25 89 1 0.64813720051032397 0 0.64813720051032397 0 0.64813720051032397 0 0
4 1 44 1 68 108 24 88 1 0.64813720051032397 0 0.64813720051032397 0 0.64813720051032397 0 0
4 1 45 1 68 109 23 87 1 0.64813720051032397 0 0.64813720051032397 0 0.64813720051032397 0 0
4 1 46 1 68 110 22 86 1 0.64813720051032397 0 0.64813720051032397 0 0.64813720051032397 0 0
4 1 47 1 68 111 21 85 1 0.64813720051032397 0 0.64813720051032397 0 0.64813720051032397 0 0
4 1 48 1 68 112 20 84 1 0.64813720051032397 0 0.64813720051032397 0 0.64813720051032397 0 0
4 1 49 1 68 113 19 83 1 0.64813720051032397 0 0.64813720051032397 0 0.64813720051032397 0 0
4 1 50 1 68 114 18 82 1 0.64813720051032397 0 0.64813720051032397 0 0.64813720051032397 0 0
4 1 51 1 68 115 17 81 1 0.64813720051032397 0 0.64813720051032397 0 0.64813720051032397 0 0
4 1 52 1 68 116 16 80 1 0.64813720051032397 0 0.64813720051032397 0 0.64813720051032397 0 0
4 1 53 1 68 117 15 79 1 0.64813720051032397 0 0.64813720051032397 0 0.64813720051032397 0 0
4 1 54 1 68 118 14 78 1 0.64813720051032397 0 0.64813720051032397 0 0.64813720051032397 0 0
4 1 55 1 68 119 13 77 1 0.64813720051032397 0 0.64813720051032397 0 0.64813720051032397 0 0
4 1 56 1 68 120 12 76 1 0.64813720051032397 0 0.64813720051032397 0 0.64813720051032397 0 0
4 1 57 1 68 121 11 75 1 0.64813720051032397 0 0.64813720051032397 0 0.64813720051032397 0 0
4 1 58 1 68 122 10 74 1 0.64813720051032397 0 0.64813720051032397 0 0.64813720051032397 0 0
4 1 59 1 68 123 9 73 1 0.64813720051032397 0 0.64813720051032397 0 0.64813720051032397 0 0
4 1 60 1 68 124 8 72 1 0.64813720051032397 0 0.64813720051032397 0 0.64813720051032397 0 0
4 1 61 1 68 125 7 71 1 0.64813720051032397 0 0.64813720051032397 0 0.64813720051032397 0 0
4 1 62 1 68 126 6 70 1 0.64813720051032397 0 0.64813720051032397 0 0.64813720051032397 0 0
4 1 63 1 68 127 5 69 1 0.64813720051032397 0 0.64813720051032397 0 0.64813720051032397 0 0
5 1 6 1 69 70 1 65 1 0.64813720051032397 0 0.64813720051032397 0 0.64813720051032397 0 0
5 1 7 1 69 71 2 66 1 0.64813720051032397 0 0.64813720051032397 0 0.64813720051032397 0 0
5 1 8 1 69 72 3 67 1 0.64813720051032397 0 0.64813720051032397 0 0.64813720051032397 0 0
5 1 9 1 69 73 4 68 1 0.64813720051032397 0 0.64813720051032397 0 0.64813720051032397 0 0
5 1 10 1 69 74 5 69 1 0.64813720051032397 0 0.64813720051032397 0 0.64813720051032397 0 0
5 1 11 1 69 75 6 70 1 0.64813720051032397 0 0.64813720051032397 0 0.64813720051032397 0 0
5 1 12 1 69 76 7 71 1 0.64813720051032397 0 0.64813720051032397 0 0.64813720051032397 0 0
5 1 13 1 69 77 8 72 1 0.64813720051032397 0 0.64813720051032397 0 0.64813720051032397 0 0
5 1 14 1 69 78 9 73 1 0.64813720051032397 0 0.64813720051032397 0 0.64813720051032397 0 0
5 1 15 1 69 79 10 74 1 0.64813720051032397 0 0.64813720051032397 0 0.64813720051032397 0 0
5 1 16 1 69 80 11 75 1 0.64813720051032397 0 0.64813720051032397 0 0.64813720051032397 0 0
5 1 17 1 69 81 12 76 1 0.64813720051032397 0 0.64813720051032397 0 0.64813720051032397 0 0
5 1 18 1 69 82 13 77 1 0.64813720051032397 0 0.64813720051032397 0 0.64813720051032397 0 0
5 1 19 1 69 83 14 78 1 0.64813720051032397 0 0.64813720051032397 0 0.64813720051032397 0 0
5 1 20 1 69 84 15 79 1 0.64813720051032397 0 0.64813720051032397 0 0.64813720051032397 0 0
5 1 21 1 69 85 16 80 1 0.64813720051032397 0 0.64813720051032397 0 0.64813720051032397 0 0
5 1 22 1 69 86 17 81 1 0.64813720051032397 0 0.64813720051032397 0 0.64813720051032397 0 0
5 1 23 1 69 87 18 82 1 0.64813720051032397 0 0.64813720051032397 0 0.64813720051032397 0 0
5 1 24 1 69 88 19 83 1 0.64813720051032397 0 0.64813720051032397 0 0.64813720051032397 0 0
5 1 25 1 69 89 20 84 1 0.64813720051032397 0 0.64813720051032397 0 0.64813720051032397 0 0
5 1 26 1 69 90 21 85 1 0.64813720051032397 0 0.64813720051032397 0 0.64813720051032397 0 0
5 1 27 1 69 91 22 86 1 0.64813720051032397 0 0.64813720051032397 0 0.64813720051032397 0 0
5 1 28 1 69 92 23 87 1 0.64813720051032397 0 0.64813720051032397 0 0.64813720051032397 0 0
5 1 29 1 69 93 24 88 1 0.64813720051032397 0 0.64813720051032397 0 0.64813720051032397 0 0
5 1 30 1 69 94 25 89 1 0.64813720051032397 0 0.64813720051032397 0 0.64813720051032397 0 0
5 1 31 1 69 95 26 90 1 0.64813720051032397 0 0.64813720051032397 0 0.64813720051032397 0 0
5 1 32 1 69 96 27 91 1 0.64813720051032397 0 0.64813720051032397 0 0.64813720051032397 0 0
5 1 33 1 69 97 28 92 1 0.64813720051032397 0 0.64813720051032397 0 0.64813720051032397 0 0
5 1 34 1 69 98 29 93 1 0.64813720051032397 0 0.64813720051032397 0 0.64813720051032397 0 0
5 1 35 1 69 99 30 94 1 0.64813720051032397 0 0.64813720051032397 0 0.64813720051032397 0 0
5 1 36 1 69 100 31 95 1 0.64813720051032397 0 0.64813720051032397 0 0.64813720051032397 0 0
5 1 37 1 69 101 32 96 1 0.64813720051032397 0 0.64813720051032397 0 0.64813720051032397 0 0
5 1 38 1 69 102 31 95 1 0.64813720051032397 0 0.64813720051032397 0 0.64813720051032397 0 0
5 1 39 1 69 103 30 94 1 0.64813720051032397 0 0.64813720051032397 0 0.64813720051032397 0 0
5 1 40 1 69 104 29 93 1 0.64813720051032397 0 0.64813720051032397 0 0.64813720051032397 0 0
5 1 41 1 69 105 28 92 1 0.64813720051032397 0 0.64813720051032397 0 0.64813720051032397 0 0
5 1 42 1 69 106 27 91 1 0.64813720051032397 0 0.64813720051032397 0 0.64813720051032397 0 0
5 1 43 1 69 107 26 90 1 0.64813720051032397 0 0.64813720051032397 0 0.64813720051032397 0 0
5 1 44 1 69 108 25 89 1 0.64813720051032397 0 0.64813720051032397 0 0.64813720051032397 0 0
5 1 45 1 69 109 24 88 1 0.64813720051032397 0 0.64813720051032397 0 0.64813720051032397 0 0
5 1 46 1 69 110 23 87 1 0.64813720051032397 0 0.64813720051032397 0 0.64813720051032397 0 0
5 1 47 1 69 111 22 86 1 0.64813720051032397 0 0.64813720051032397 0 0.64813720051032397 0 0
5 1 48 1 69 112 21 85 1 0.64813720051032397 0 0.64813720051032397 0 0.64813720051032397 0 0
5 1 49 1 69 113 20 84 1 0.64813720051032397 0 0.64813720051032397 0 0.64813720051032397 0 0
5 1 50 1 69 114 19 83 1 0.64813720051032397 0 0.64813720051032397 0 0.64813720051032397 0 0
5 1 51 1 69 115 18 82 1 0.64813720051032397 0 0.64813720051032397 0 0.64813720051032397 0 0
5 1 52 1 69 116 17 81 1 0.64813720051032397 0 0.64813720051032397 0 0.64813720051032397 0 0
5 1 53 1 69 117 16 80 1 0.64813720051032397 0 0.64813720051032397 0 0.64813720051032397 0 0
5 1 54 1 69 118 15 79 1 0.64813720051032397 0 0.64813720051032397 0 0.64813720051032397 0 0
5 1 55 1 69 119 14 78 1 0.64813720051032397 0 0.64813720051032397 0 0.64813720051032397 0 0
5 1 56 1 69 120 13 77 1 0.64813720051032397 0 0.64813720051032397 0 0.64813720051032397 0 0
5 1 57 1 69 121 12 76 1 0.64813720051032397 0 0.64813720051032397 0 0.64813720051032397 0 0
5 1 58 1 69 122 11 75 1 0.64813720051032397 0 0.64813720051032397 0 0.64813720051032397 0 0
5 1 59 1 69 123 10 74 1 0.64813720051032397 0 0.64813720051032397 0 0.64813720051032397 0 0
5 1 60 1 69 124 9 73 1 0.64813720051032397 0 0.64813720051032397 0 0.64813720051032397 0 0
5 1 61 1 69 125 8 72 1 0.64813720051032397 0 0.64813720051032397 0 0.64813720051032397 0 0
5 1 62 1 69 126 7 71 1 0.64813720051032397 0 0.64813720051032397 0 0.64813720051032397 0 0
5 1 63 1 69 127 6 70 1 0.64813720051032397 0 0.64813720051032397 0 0.64813720051032397 0 0
6 1 7 1 70 71 1 65 1 0.64813720051032397 0 0.64813720051032397 0 0.64813720051032397 0 0
6 1 8 1 70 72 2 66 1 0.64813720051032397 0 0.64813720051032397 0 0.64813720051032397 0 0
6 1 9 1 70 73 3 67 1 0.64813720051032397 0 0.64813720051032397 0 0.64813720051032397 0 0
6 1 10 1 70 74 4 68 1 0.64813720051032397 0 0.64813720051032397 0 0.64813720051032397 0 0
6 1 11 1 70 75 5 69 1 0.64813720051032397 0 0.64813720051032397 0 0.64813720051032397 0 0
6 1 12 1 70 76 6 70 1 0.64813720051032397 0 0.64813720051032397 0 0.64813720051032397 0 0
6 1 13 1 70 77 7 71 1 0.64813720051032397 0 0.64813720051032397 0 0.64813720051032397 0 0
6 1 14 1 70 78 8 72 1 0.64813720051032397 0 0.64813720051032397 0 0.64813720051032397 0 0
6 1 15 1 70 79 9 73 1 0.64813720051032397 0 0.64813720051032397 0 0.64813720051032397 0 0
6 1 16 1 70 80 10 74 1 0.64813720051032397 0 0.64813720051032397 0 0.64813720051032397 0 0
6 1 17 1 70 81 11 75 1 0.64813720051032397 0 0.64813720051032397 0 0.64813720051032397 0 0
6 1 18 1 70 82 12 76 1 0.64813720051032397 0 0.64813720051032397 0 0.64813720051032397 0 0
6 1 19 1 70 83 13 77 1 0.64813720051032397 0 0.64813720051032397 0 0.64813720051032397 0 0
6 1 20 1 70 84 14 78 1 0.64813720051032397 0 0.64813720051032397 0 0.64813720051032397 0 0
6 1 21 1 70 85 15 79 1 0.64813720051032397 0 0.64813720051032397 0 0.64813720051032397 0 0
6 1 22 1 70 86 16 80 1 0.64813720051032397 0 0.64813720051032397 0 0.64813720051032397 0 0
6 1 23 1 70 87 17 81 1 0.64813720051032397 0 0.64813720051032397 0 0.64813720051032397 0 0
6 1 24 1 70 88 18 82 1 0.64813720051032397 0 0.64813720051032397 0 0.64813720051032397 0 0
6 1 25 1 70 89 19 83 1 0.64813720051032397 0 0.64813720051032397 0 0.64813720051032397 0 0
6 1 26 1 70 90 20 84 1 0.64813720051032397 0 0.64813720051032397 0 0.64813720051032397 0 0
6 1 27 1 70 91 21 85 1 0.64813720051032397 0 0.64813720051032397 0 0.64813720051032397 0 0
6 1 28 1 70 92 22 86 1 0.64813720051032397 0 0.64813720051032397 0 0.64813720051032397 0 0
6 1 29 1 70 93 23 87 1 0.64813720051032397 0 0.64813720051032397 0 0.64813720051032397 0 0
6 1 30 1 70 94 24 88 1 0.64813720051032397 0 0.64813720051032397 0 0.64813720051032397 0 0
6 1 31 1 70 95 25 89 1 0.64813720051032397 0 0.64813720051032397 0 0.64813720051032397 0 0
6 1 32 1 70 96 26 90 1 0.64813720051032397 0 0.64813720051032397 0 0.64813720051032397 0 0
6 1 33 1 70 97 27 91 1 0.64813720051032397 0 0.64813720051032397 0 0.64813720051032397 0 0
6 1 34 1 70 98 28 92 1 0.64813720051032397 0 0.64813720051032397 0 0.64813720051032397 0 0
6 1 35 1 70 99 29 93 1 0.64813720051032397 0 0.64813720051032397 0 0.64813720051032397 0 0
6 1 36 1 70 100 30 94 1 0.64813720051032397 0 0.64813720051032397 0 0.64813720051032397 0 0
6 1 37 1 70 101 31 95 1 0.64813720051032397 0 0.64813720051032397 0 0.64813720051032397 0 0
6 1 38 1 70 102 32 96 1 0.64813720051032397 0 0.64813720051032397 0 0.64813720051032397 0 0
6 1 39 1 70 103 31 95 1 0.64813720051032397 0 0.64813720051032397 0 0.64813720051032397 0 0
6 1 40 1 70 104 30 94 1 0.64813720051032397 0 0.64813720051032397 0 0.64813720051032397 0 0
6 1 41 1 70 105 29 93 1 0.64813720051032397 0 0.64813720051032397 0 0.64813720051032397 0 0
6 1 42 1 70 106 28 92 1 0.64813720051032397 0 0.64813720051032397 0 0.64813720051032397 0 0
6 1 43 1 70 107 27 91 1 0.64813720051032397 0 0.64813720051032397 0 0.64813720051032397 0 0
6 1 44 1 70 108 26 90 1 0.64813720051032397 0 0.64813720051032397 0 0.64813720051032397 0 0
6 1 45 1 70 109 25 89 1 0.64813720051032397 0 0.64813720051032397 0 0.64813720051032397 0 0
6 1 46 1 70 110 24 88 1 0.64813720051032397 0 0.64813720051032397 0 0.64813720051032397 0 0
6 1 47 1 70 111 23 87 1 0.64813720051032397 0 0.64813720051032397 0 0.64813720051032397 0 0
6 1 48 1 70 112 22 86 1 0.64813720051032397 0 0.64813720051032397 0 0.64813720051032397 0 0
6 1 49 1 70 113 21 85 1 0.64813720051032397 0 0.64813720051032397 0 0.64813720051032397 0 0
6 1 50 1 70 114 20 84 1 0.64813720051032397 0 0.64813720051032397 0 0.64813720051032397 0 0
6 1 51 1 70 115 19 83 1 0.64813720051032397 0 0.64813720051032397 0 0.64813720051032397 0 0
6 1 52 1 70 116 18 82 1 0.64813720051032397 0 0.64813720051032397 0 0.64813720051032397 0 0
6 1 53 1 70 117 17 81 1 0.64813720051032397 0 0.64813720051032397 0 0.64813720051032397 0 0
6 1 54 1 70 118 16 80 1 0.64813720051032397 0 0.64813720051032397 0 0.64813720051032397 0 0
6 1 55 1 70 119 15 79 1 0.64813720051032397 0 0.64813720051032397 0 0.64813720051032397 0 0
6 1 56 1 70 120 14 78 1 0.64813720051032397 0 0.64813720051032397 0 0.64813720051032397 0 0
6 1 57 1 70 121 13 77 1 0.64813720051032397 0 0.64813720051032397 0 0.64813720051032397 0 0
6 1 58 1 70 122 12 76 1 0.64813720051032397 0 0.64813720051032397 0 0.64813720051032397 0 0
6 1 59 1 70 123 11 75 1 0.64813720051032397 0 0.64813720051032397 0 0.64813720051032397 0 0
6 1 60 1 70 124 10 74 1 0.64813720051032397 0 0.64813720051032397 0 0.64813720051032397 0 0
6 1 61 1 70 125 9 73 1 0.64813720051032397 0 0.64813720051032397 0 0.64813720051032397 0 0
6 1 62 1 70 126 8 72 1 0.64813720051032397 0 0.64813720051032397 0 0.64813720051032397 0 0
6 1 63 1 70 127 7 71 1 0.64813720051032397 0 0.64813720051032397 0 0.64813720051032397 0 0
7 1 8 1 71 72 1 65 1 0.64813720051032397 0 0.64813720051032397 0 0.64813720051032397 0 0
7 1 9 1 71 73 2 66 1 0.64813720051032397 0 0.64813720051032397 0 0.64813720051032397 0 0
7 1 10 1 71 74 3 67 1 0.64813720051032397 0 0.64813720051032397 0 0.64813720051032397 0 0
7 1 11 1 71 75 4 68 1 0.64813720051032397 0 0.64813720051032397 0 0.64813720051032397 0 0
7 1 12 1 71 76 5 69 1 0.64813720051032397 0 0.64813720051032397 0 0.64813720051032397 0 0
7 1 13 1 71 77 6 70 1 0.64813720051032397 0 0.64813720051032397 0 0.64813720051032397 0 0
7 1 14 1 71 78 7 71 1 0.64813720051032397 0 0.64813720051032397 0 0.64813720051032397 0 0
7 1 15 1 71 79 8 72 1 0.64813720051032397 0 0.64813720051032397 0 0.64813720051032397 0 0
7 1 16 1 71 80 9 73 1 0.64813720051032397 0 0.64813720051032397 0 0.64813720051032397 0 0
7 1 17 1 71 81 10 74 1 0.64813720051032397 0 0.64813720051032397 0 0.64813720051032397 0 0
7 1 18 1 71 82 11 75 1 0.64813720051032397 0 0.64813720051032397 0 0.64813720051032397 0 0
7 1 19 1 71 83 12 76 1 0.64813720051032397 0 0.64813720051032397 0 0.64813720051032397 0 0
7 1 20 1 71 84 13 77 1 0.64813720051032397 0 0.64813720051032397 0 0.64813720051032397 0 0
7 1 21 1 71 85 14 78 1 0.64813720051032397 0 0.64813720051032397 0 0.64813720051032397 0 0
7 1 22 1 71 86 15 79 1 0.64813720051032397 0 0.64813720051032397 0 0.64813720051032397 0 0
7 1 23 1 71 87 16 80 1 0.64813720051032397 0 0.64813720051032397 0 0.64813720051032397 0 0
7 1 24 1 71 88 17 81 1 0.64813720051032397 0 0.64813720051032397 0 0.64813720051032397 0 0
7 1 25 1 71 89 18 82 1 0.64813720051032397 0 0.64813720051032397 0 0.64813720051032397 0 0
7 1 26 1 71 90 19 83 1 0.64813720051032397 0 0.64813720051032397 0 0.64813720051032397 0 0
7 1 27 1 71 91 20 84 1 0.64813720051032397 0 0.64813720051032397 0 0.64813720051032397 0 0
7 1 28 1 71 92 21 85 1 0.64813720051032397 0 0.64813720051032397 0 0.64813720051032397 0 0
7 1 29 1 71 93 22 86 1 0.64813720051032397 0 0.64813720051032397 0 0.64813720051032397 0 0
7 1 30 1 71 94 23 87 1 0.64813720051032397 0 0.64813720051032397 0 0.64813720051032397 0 0
7 1 31 1 71 95 24 88 1 0.64813720051032397 0 0.64813720051032397 0 0.64813720051032397 0 0
7 1 32 1 71 96 25 89 1 0.64813720051032397 0 0.64813720051032397 0 0.64813720051032397 0 0
7 1 33 1 71 97 26 90 1 0.64813720051032397 0 0.64813720051032397 0 0.64813720051032397 0 0
7 1 34 1 71 98 27 91 1 0.64813720051032397 0 0.64813720051032397 0 0.64813720051032397 0 0
7 1 35 1 71 99 28 92 1 0.64813720051032397 0 0.64813720051032397 0 0.64813720051032397 0 0
7 1 36 1 71 100 29 93 1 0.64813720051032397 0 0.64813720051032397 0 0.64813720051032397 0 0
7 1 37 1 71 101 30 94 1 0.64813720051032397 0 0.64813720051032397 0 0.64813720051032397 0 0
7 1 38 1 71 102 31 95 1 0.64813720051032397 0 0.64813720051032397 0 0.64813720051032397 0 0
7 1 39 1 71 103 32 96 1 0.64813720051032397 0 0.64813720051032397 0 0.64813720051032397 0 0
7 1 40 1 71 104 31 95 1 0.64813720051032397 0 0.64813720051032397 0 0.64813720051032397 0 0
7 1 41 1 71 105 30 94 1 0.64813720051032397 0 0.64813720051032397 0 0.64813720051032397 0 0
7 1 42 1 71 106 29 93 1 0.64813720051032397 0 0.64813720051032397 0 0.64813720051032397 0 0
7 1 43 1 71 107 28 92 1 0.64813720051032397 0 0.64813720051032397 0 0.64813720051032397 0 0
7 1 44 1 71 108 27 91 1 0.64813720051032397 0 0.64813720051032397 0 0.64813720051032397 0 0
7 1 45 1 71 109 26 90 1 0.64813720051032397 0 0.64813720051032397 0 0.64813720051032397 0 0
7 1 46 1 71 110 25 89 1 0.64813720051032397 0 0.64813720051032397 0 0.64813720051032397 0 0
7 1 47 1 71 111 24 88 1 0.64813720051032397 0 0.64813720051032397 0 0.64813720051032397 0 0
7 1 48 1 71 112 23 87 1 0.64813720051032397 0 0.64813720051032397 0 0.64813720051032397 0 0
7 1 49 1 71 113 22 86 1 0.64813720051032397 0 0.64813720051032397 0 0.64813720051032397 0 0
7 1 50 1 71 114 21 85 1 0.64813720051032397 0 0.64813720051032397 0 0.64813720051032397 0 0
7 1 51 1 71 115 20 84 1 0.64813720051032397 0 0.64813720051032397 0 0.64813720051032397 0 0
7 1 52 1 71 116 19 83 1 0.64813720051032397 0 0.64813720051032397 0 0.64813720051032397 0 0
7 1 53 1 71 117 18 82 1 0.64813720051032397 0 0.64813720051032397 0 0.64813720051032397 0 0
7 1 54 1 71 118 17 81 1 0.64813720051032397 0 0.64813720051032397 0 0.64813720051032397 0 0
7 1 55 1 71 119 16 80 1 0.64813720051032397 0 0.64813720051032397 0 0.64813720051032397 0 0
7 1 56 1 71 120 15 79 1 0.64813720051032397 0 0.64813720051032397 0 0.64813720051032397 0 0
7 1 57 1 71 121 14 78 1 0.64813720051032397 0 0.64813720051032397 0 0.64813720051032397 0 0
7 1 58 1 71 122 13 77 1 0.64813720051032397 0 0.64813720051032397 0 0.64813720051032397 0 0
7 1 59 1 71 123 12 76 1 0.64813720051032397 0 0.64813720051032397 0 0.64813720051032397 0 0
7 1 60 1 71 124 11 75 1 0.64813720051032397 0 0.64813720051032397 0 0.64813720051032397 0 0
7 1 61 1 71 125 10 74 1 0.64813720051032397 0 0.64813720051032397 0 0.64813720051032397 0 0
7 1 62 1 71 126 9 73 1 0.64813720051032397 0 0.64813720051032397 0 0.64813720051032397 0 0
7 1 63 1 71 127 8 72 1 0.64813720051032397 0 0.64813720051032397 0 0.64813720051032397 0 0
8 1 9 1 72 73 1 65 1 0.64813720051032397 0 0.64813720051032397 0 0.64813720051032397 0 0
8 1 10 1 72 74 2 66 1 0.64813720051032397 0 0.64813720051032397 0 0.64813720051032397 0 0
8 1 11 1 72 75 3 67 1 0.64813720051032397 0 0.64813720051032397 0 0.64813720051032397 0 0
8 1 12 1 72 76 4 68 1 0.64813720051032397 0 0.64813720051032397 0 0.64813720051032397 0 0
8 1 13 1 72 77 5 69 1 0.64813720051032397 0 0.64813720051032397 0 0.64813720051032397 0 0
8 1 14 1 72 78 6 70 1 0.64813720051032397 0 0.64813720051032397 0 0.64813720051032397 0 0
8 1 15 1 72 79 7 71 1 0.64813720051032397 0 0.64813720051032397 0 0.64813720051032397 0 0
8 1 16 1 72 80 8 72 1 0.64813720051032397 0 0.64813720051032397 0 0.64813720051032397 0 0
8 1 17 1 72 81 9 73 1 0.64813720051032397 0 0.64813720051032397 0 0.64813720051032397 0 0
8 1 18 1 72 82 10 74 1 0.64813720051032397 0 0.64813720051032397 0 0.64813720051032397 0 0
8 1 19 1 72 83 11 75 1 0.64813720051032397 0 0.64813720051032397 0 0.64813720051032397 0 0
8 1 20 1 72 84 12 76 1 0.64813720051032397 0 0.64813720051032397 0 0.64813720051032397 0 0
8 1 21 1 72 85 13 77 1 0.64813720051032397 0 0.64813720051032397 0 0.64813720051032397 0 0
8 1 22 1 72 86 14 78 1 0.64813720051032397 0 0.64813720051032397 0 0.64813720051032397 0 0
8 1 23 1 72 87 15 79 1 0.64813720051032397 0 0.64813720051032397 0 0.64813720051032397 0 0
8 1 24 1 72 88 16 80 1 0.64813720051032397 0 0.64813720051032397 0 0.64813720051032397 0 0
8 1 25 1 72 89 17 81 1 0.64813720051032397 0 0.64813720051032397 0 0.64813720051032397 0 0
8 1 26 1 72 90 18 82 1 0.64813720051032397 0 0.64813720051032397 0 0.64813720051032397 0 0
8 1 27 1 72 91 19 83 1 0.64813720051032397 0 0.64813720051032397 0 0.64813720051032397 0 0
8 1 28 1 72 92 20 84 1 0.64813720051032397 0 0.64813720051032397 0 0.64813720051032397 0 0
8 1 29 1 72 93 21 85 1 0.64813720051032397 0 0.64813720051032397 0 0.64813720051032397 0 0
8 1 30 1 72 94 22 86 1 0.64813720051032397 0 0.64813720051032397 0 0.64813720051032397 0 0
8 1 31 1 72 95 23 87 1 0.64813720051032397 0 0.64813720051032397 0 0.64813720051032397 0 0
8 1 32 1 72 96 24 88 1 0.64813720051032397 0 0.64813720051032397 0 0.64813720051032397 0 0
8 1 33 1 72 97 25 89 1 0.64813720051032397 0 0.64813720051032397 0 0.64813720051032397 0 0
8 1 34 1 72 98 26 90 1 0.64813720051032397 0 0.64813720051032397 0 0.64813720051032397 0 0
8 1 35 1 72 99 27 91 1 0.64813720051032397 0 0.64813720051032397 0 0.64813720051032397 0 0
8 1 36 1 72 100 28 92 1 0.64813720051032397 0 0.64813720051032397 0 0.64813720051032397 0 0
8 1 37 1 72 101 29 93 1 0.64813720051032397 0 0.64813720051032397 0 0.64813720051032397 0 0
8 1 38 1 72 102 30 94 1 0.64813720051032397 0 0.64813720051032397 0 0.64813720051032397 0 0
8 1 39 1 72 103 31 95 1 0.64813720051032397 0 0.64813720051032397 0 0.64813720051032397 0 0
8 1 40 1 72 104 32 96 1 0.64813720051032397 0 0.64813720051032397 0 0.64813720051032397 0 0
8 1 41 1 72 105 31 95 1 0.64813720051032397 0 0.64813720051032397 0 0.64813720051032397 0 0
8 1 42 1 72 106 30 94 1 0.64813720051032397 0 0.64813720051032397 0 0.64813720051032397 0 0
8 1 43 1 72 107 29 93 1 0.64813720051032397 0 0.64813720051032397 0 0.64813720051032397 0 0
8 1 44 1 72 108 28 92 1 0.64813720051032397 0 0.64813720051032397 0 0.64813720051032397 0 0
8 1 45 1 72 109 27 91 1 0.64813720051032397 0 0.64813720051032397 0 0.64813720051032397 0 0
8 1 46 1 72 110 26 90 1 0.64813720051032397 0 0.64813720051032397 0 0.64813720051032397 0 0
8 1 47 1 72 111 25 89 1 0.64813720051032397 0 0.64813720051032397 0 0.64813720051032397 0 0
8 1 48 1 72 112 24 88 1 0.64813720051032397 0 0.64813720051032397 0 0.64813720051032397 0 0
8 1 49 1 72 113 23 87 1 0.64813720051032397 0 0.64813720051032397 0 0.64813720051032397 0 0
8 1 50 1 72 114 22 86 1 0.64813720051032397 0 0.64813720051032397 0 0.64813720051032397 0 0
8 1 51 1 72 115 21 85 1 0.64813720051032397 0 0.64813720051032397 0 0.64813720051032397 0 0
8 1 52 1 72 116 20 84 1 0.64813720051032397 0 0.64813720051032397 0 0.64813720051032397 0 0
8 1 53 1 72 117 19 83 1 0.64813720051032397 0 0.64813720051032397 0 0.64813720051032397 0 0
8 1 54 1 72 118 18 82 1 0.64813720051032397 0 0.64813720051032397 0 0.64813720051032397 0 0
8 1 55 1 72 119 17 81 1 0.64813720051032397 0 0.64813720051032397 0 0.64813720051032397 0 0
8 1 56 1 72 120 16 80 1 0.64813720051032397 0 0.64813720051032397 0 0.64813720051032397 0 0
8 1 57 1 72 121 15 79 1 0.64813720051032397 0 0.64813720051032397 0 0.64813720051032397 0 0
8 1 58 1 72 122 14 78 1 0.64813720051032397 0 0.64813720051032397 0 0.64813720051032397 0 0
8 1 59 1 72 123 13 77 1 0.64813720051032397 0 0.64813720051032397 0 0.64813720051032397 0 0
8 1 60 1 72 124 12 76 1 0.64813720051032397 0 0.64813720051032397 0 0.64813720051032397 0 0
8 1 61 1 72 125 11 75 1 0.64813720051032397 0 0.64813720051032397 0 0.64813720051032397 0 0
8 1 62 1 72 126 10 74 1 0.64813720051032397 0 0.64813720051032397 0 0.64813720051032397 0 0
8 1 63 1 72 127 9 73 1 0.64813720051032397 0 0.64813720051032397 0 0.64813720051032397 0 0
9 1 10 1 73 74 1 65 1 0.64813720051032397 0 0.64813720051032397 0 0.64813720051032397 0 0
9 1 11 1 73 75 2 66 1 0.64813720051032397 0 0.64813720051032397 0 0.64813720051032397 0 0
9 1 12 1 73 76 3 67 1 0.64813720051032397 0 0.64813720051032397 0 0.64813720051032397 0 0
9 1 13 1 73 77 4 68 1 0.64813720051032397 0 0.64813720051032397 0 0.64813720051032397 0 0
9 1 14 1 73 78 5 69 1 0.64813720051032397 0 0.64813720051032397 0 0.64813720051032397 0 0
9 1 15 1 73 79 6 70 1 0.64813720051032397 0 0.64813720051032397 0 0.64813720051032397 0 0
9 1 16 1 73 80 7 71 1 0.64813720051032397 0 0.64813720051032397 0 0.64813720051032397 0 0
9 1 17 1 73 81 8 72 1 0.64813720051032397 0 0.64813720051032397 0 0.64813720051032397 0 0
9 1 18 1 73 82 9 73 1 0.64813720051032397 0 0.64813720051032397 0 0.64813720051032397 0 0
9 1 19 1 73 83 10 74 1 0.64813720051032397 0 0.64813720051032397 0 0.64813720051032397 0 0
9 1 20 1 73 84 11 75 1 0.64813720051032397 0 0.64813720051032397 0 0.64813720051032397 0 0
9 1 21 1 73 85 12 76 1 0.64813720051032397 0 0.64813720051032397 0 0.64813720051032397 0 0
9 1 22 1 73 86 13 77 1 0.64813720051032397 0 0.64813720051032397 0 0.64813720051032397 0 0
9 1 23 1 73 87 14 78 1 0.64813720051032397 0 0.64813720051032397 0 0.64813720051032397 0 0
9 1 24 1 73 88 15 79 1 0.64813720051032397 0 0.64813720051032397 0 0.64813720051032397 0 0
9 1 25 1 73 89 16 80 1 0.64813720051032397 0 0.64813720051032397 0 0.64813720051032397 0 0
9 1 26 1 73 90 17 81 1 0.64813720051032397 0 0.64813720051032397 0 0.64813720051032397 0 0
9 1 27 1 73 91 18 82 1 0.64813720051032397 0 0.64813720051032397 0 0.64813720051032397 0 0
9 1 28 1 73 92 19 83 1 0.64813720051032397 0 0.64813720051032397 0 0.64813720051032397 0 0
9 1 29 1 73 93 20 84 1 0.64813720051032397 0 0.64813720051032397 0 0.64813720051032397 0 0
9 1 30 1 73 94 21 85 1 0.64813720051032397 0 0.64813720051032397 0 0.64813720051032397 0 0
9 1 31 1 73 95 22 86 1 0.64813720051032397 0 0.64813720051032397 0 0.64813720051032397 0 0
9 1 32 1 73 96 23 87 1 0.64813720051032397 0 0.64813720051032397 0 0.64813720051032397 0 0
9 1 33 1 73 97 24 88 1 0.64813720051032397 0 0.64813720051032397 0 0.64813720051032397 0 0
9 1 34 1 73 98 25 89 1 0.64813720051032397 0 0.64813720051032397 0 0.64813720051032397 0 0
9 1 35 1 73 99 26 90 1 0.64813720051032397 0 0.64813720051032397 0 0.64813720051032397 0 0
9 1 36 1 73 100 27 91 1 0.64813720051032397 0 0.64813720051032397 0 0.64813720051032397 0 0
9 1 37 1 73 101 28 92 1 0.64813720051032397 0 0.64813720051032397 0 0.64813720051032397 0 0
9 1 38 1 73 102 29 93 1 0.64813720051032397 0 0.64813720051032397 0 0.64813720051032397 0 0
9 1 39 1 73 103 30 94 1 0.64813720051032397 0 0.64813720051032397 0 0.64813720051032397 0 0
9 1 40 1 73 104 31 95 1 0.64813720051032397 0 0.64813720051032397 0 0.64813720051032397 0 0
9 1 41 1 73 105 32 96 1 0.64813720051032397 0 0.64813720051032397 0 0.64813720051032397 0 0
9 1 42 1 73 106 31 95 1 0.64813720051032397 0 0.64813720051032397 0 0.64813720051032397 0 0
9 1 43 1 73 107 30 94 1 0.64813720051032397 0 0.64813720051032397 0 0.64813720051032397 0 0
9 1 44 1 73 108 29 93 1 0.64813720051032397 0 0.64813720051032397 0 0.64813720051032397 0 0
9 1 45 1 73 109 28 92 1 0.64813720051032397 0 0.64813720051032397 0 0.64813720051032397 0 0
9 1 46 1 73 110 27 91 1 0.64813720051032397 0 0.64813720051032397 0 0.64813720051032397 0 0
9 1 47 1 73 111 26 90 1 0.64813720051032397 0 0.64813720051032397 0 0.64813720051032397 0 0
9 1 48 1 73 112 25 89 1 0.64813720051032397 0 0.64813720051032397 0 0.64813720051032397 0 0
9 1 49 1 73 113 24 88 1 0.64813720051032397 0 0.64813720051032397 0 0.64813720051032397 0 0
9 1 50 1 73 114 23 87 1 0.64813720051032397 0 0.64813720051032397 0 0.64813720051032397 0 0
9 1 51 1 73 115 22 86 1 0.64813720051032397 0 0.64813720051032397 0 0.64813720051032397 0 0
9 1 52 1 73 116 21 85 1 0.64813720051032397 0 0.64813720051032397 0 0.64813720051032397 0 0
9 1 53 1 73 117 20 84 1 0.64813720051032397 0 0.64813720051032397 0 0.64813720051032397 0 0
9 1 54 1 73 118 19 83 1 0.64813720051032397 0 0.64813720051032397 0 0.64813720051032397 0 0
9 1 55 1 73 119 18 82 1 0.64813720051032397 0 0.64813720051032397 0 0.64813720051032397 0 0
9 1 56 1 73 120 17 81 1 0.64813720051032397 0 0.64813720051032397 0 0.64813720051032397 0 0
9 1 57 1 73 121 16 80 1 0.64813720051032397 0 0.64813720051032397 0 0.64813720051032397 0 0
9 1 58 1 73 122 15 79 1 0.64813720051032397 0 0.64813720051032397 0 0.64813720051032397 0 0
9 1 59 1 73 123 14 78 1 0.64813720051032397 0 0.64813720051032397 0 0.64813720051032397 0 0
9 1 60 1 73 124 13 77 1 0.64813720051032397 0 0.64813720051032397 0 0.64813720051032397 0 0
9 1 61 1 73 125 12 76 1 0.64813720051032397 0 0.64813720051032397 0 0.64813720051032397 0 0
9 1 62 1 73 126 11 75 1 0.64813720051032397 0 0.64813720051032397 0 0.64813720051032397 0 0
9 1 63 1 73 127 10 74 1 0.64813720051032397 0 0.64813720051032397 0 0.64813720051032397 0 0
10 1 11 1 74 75 1 65 1 0.64813720051032397 0 0.64813720051032397 0 0.64813720051032397 0 0
10 1 12 1 74 76 2 66 1 0.64813720051032397 0 0.64813720051032397 0 0.64813720051032397 0 0
10 1 13 1 74 77 3 67 1 0.64813720051032397 0 0.64813720051032397 0 0.64813720051032397 0 0
10 1 14 1 74 78 4 68 1 0.64813720051032397 0 0.64813720051032397 0 0.64813720051032397 0 0
10 1 15 1 74 79 5 69 1 0.64813720051032397 0 0.64813720051032397 0 0.64813720051032397 0 0
10 1 16 1 74 80 6 70 1 0.64813720051032397 0 0.64813720051032397 0 0.64813720051032397 0 0
10 1 17 1 74 81 7 71 1 0.64813720051032397 0 0.64813720051032397 0 0.64813720051032397 0 0
10 1 18 1 74 82 8 72 1 0.64813720051032397 0 0.64813720051032397 0 0.64813720051032397 0 0
10 1 19 1 74 83 9 73 1 0.64813720051032397 0 0.64813720051032397 0 0.64813720051032397 0 0
10 1 20 1 74 84 10 74 1 0.64813720051032397 0 0.64813720051032397 0 0.64813720051032397 0 0
10 1 21 1 74 85 11 75 1 0.64813720051032397 0 0.64813720051032397 0 0.64813720051032397 0 0
10 1 22 1 74 86 12 76 1 0.64813720051032397 0 0.64813720051032397 0 0.64813720051032397 0 0
10 1 23 1 74 87 13 77 1 0.64813720051032397 0 0.64813720051032397 0 0.64813720051032397 0 0
10 1 24 1 74 88 14 78 1 0.64813720051032397 0 0.64813720051032397 0 0.64813720051032397 0 0
10 1 25 1 74 89 15 79 1 0.64813720051032397 0 0.64813720051032397 0 0.64813720051032397 0 0
10 1 26 1 74 90 16 80 1 0.64813720051032397 0 0.64813720051032397 0 0.64813720051032397 0 0
10 1 27 1 74 91 17 81 1 0.64813720051032397 0 0.64813720051032397 0 0.64813720051032397 0 0
10 1 28 1 74 92 18 82 1 0.64813720051032397 0 0.64813720051032397 0 0.64813720051032397 0 0
10 1 29 1 74 93 19 83 1 0.64813720051032397 0 0.64813720051032397 0 0.64813720051032397 0 0
10 1 30 1 74 94 20 84 1 0.64813720051032397 0 0.64813720051032397 0 0.64813720051032397 0 0
10 1 31 1 74 95 21 85 1 0.64813720051032397 0 0.64813720051032397 0 0.64813720051032397 0 0
10 1 32 1 74 96 22 86 1 0.64813720051032397 0 0.64813720051032397 0 0.64813720051032397 0 0
10 1 33 1 74 97 23 87 1 0.64813720051032397 0 0.64813720051032397 0 0.64813720051032397 0 0
10 1 34 1 74 98 24 88 1 0.64813720051032397 0 0.64813720051032397 0 0.64813720051032397 0 0
10 1 35 1 74 99 25 89 1 0.64813720051032397 0 0.64813720051032397 0 0.64813720051032397 0 0
10 1 36 1 74 100 26 90 1 0.64813720051032397 0 0.64813720051032397 0 0.64813720051032397 0 0
10 1 37 1 74 101 27 91 1 0.64813720051032397 0 0.64813720051032397 0 0.64813720051032397 0 0
10 1 38 1 74 102 28 92 1 0.64813720051032397 0 0.64813720051032397 0 0.64813720051032397 0 0
10 1 39 1 74 103 29 93 1 0.64813720051032397 0 0.64813720051032397 0 0.64813720051032397 0 0
10 1 40 1 74 104 30 94 1 0.64813720051032397 0 0.64813720051032397 0 0.64813720051032397 0 0
10 1 41 1 74 105 31 95 1 0.64813720051032397 0 0.64813720051032397 0 0.64813720051032397 0 0
10 1 42 1 74 106 32 96 1 0.64813720051032397 0 0.64813720051032397 0 0.64813720051032397 0 0
10 1 43 1 74 107 31 95 1 0.64813720051032397 0 0.64813720051032397 0 0.64813720051032397 0 0
10 1 44 1 74 108 30 94 1 0.64813720051032397 0 0.64813720051032397 0 0.64813720051032397 0 0
10 1 45 1 74 109 29 93 1 0.64813720051032397 0 0.64813720051032397 0 0.64813720051032397 0 0
10 1 46 1 74 110 28 92 1 0.64813720051032397 0 0.64813720051032397 0 0.64813720051032397 0 0
10 1 47 1 74 111 27 91 1 0.64813720051032397 0 0.64813720051032397 0 0.64813720051032397 0 0
10 1 48 1 74 112 26 90 1 0.64813720051032397 0 0.64813720051032397 0 0.64813720051032397 0 0
10 1 49 1 74 113 25 89 1 0.64813720051032397 0 0.64813720051032397 0 0.64813720051032397 0 0
10 1 50 1 74 114 24 88 1 0.64813720051032397 0 0.64813720051032397 0 0.64813720051032397 0 0
10 1 51 1 74 115 23 87 1 0.64813720051032397 0 0.64813720051032397 0 0.64813720051032397 0 0
10 1 52 1 74 116 22 86 1 0.64813720051032397 0 0.64813720051032397 0 0.64813720051032397 0 0
10 1 53 1 74 117 21 85 1 0.64813720051032397 0 0.64813720051032397 0 0.64813720051032397 0 0
10 1 54 1 74 118 20 84 1 0.64813720051032397 0 0.64813720051032397 0 0.64813720051032397 0 0
10 1 55 1 74 119 19 83 1 0.64813720051032397 0 0.64813720051032397 0 0.64813720051032397 0 0
10 1 56 1 74 120 18 82 1 0.64813720051032397 0 0.64813720051032397 0 0.64813720051032397 0 0
10 1 57 1 74 121 17 81 1 0.64813720051032397 0 0.64813720051032397 0 0.64813720051032397 0 0
10 1 58 1 74 122 16 80 1 0.64813720051032397 0 0.64813720051032397 0 0.64813720051032397 0 0
10 1 59 1 74 123 15 79 1 0.64813720051032397 0 0.64813720051032397 0 0.64813720051032397 0 0
10 1 60 1 74 124 14 78 1 0.64813720051032397 0 0.64813720051032397 0 0.64813720051032397 0 0
10 1 61 1 74 125 13 77 1 0.64813720051032397 0 0.64813720051032397 0 0.64813720051032397 0 0
10 1 62 1 74 126 12 76 1 0.64813720051032397 0 0.64813720051032397 0 0.64813720051032397 0 0
10 1 63 1 74 127 11 75 1 0.64813720051032397 0 0.64813720051032397 0 0.64813720051032397 0 0
11 1 12 1 75 76 1 65 1 0.64813720051032397 0 0.64813720051032397 0 0.64813720051032397 0 0
11 1 13 1 75 77 2 66 1 0.64813720051032397 0 0.64813720051032397 0 0.64813720051032397 0 0
11 1 14 1 75 78 3 67 1 0.64813720051032397 0 0.64813720051032397 0 0.64813720051032397 0 0
11 1 15 1 75 79 4 68 1 0.64813720051032397 0 0.64813720051032397 0 0.64813720051032397 0 0
11 1 16 1 75 80 5 69 1 0.64813720051032397 0 0.64813720051032397 0 0.64813720051032397 0 0
11 1 17 1 75 81 6 70 1 0.64813720051032397 0 0.64813720051032397 0 0.64813720051032397 0 0
11 1 18 1 75 82 7 71 1 0.64813720051032397 0 0.64813720051032397 0 0.64813720051032397 0 0
11 1 19 1 75 83 8 72 1 0.64813720051032397 0 0.64813720051032397 0 0.64813720051032397 0 0
11 1 20 1 75 84 9 73 1 0.64813720051032397 0 0.64813720051032397 0 0.64813720051032397 0 0
11 1 21 1 75 85 10 74 1 0.64813720051032397 0 0.64813720051032397 0 0.64813720051032397 0 0
11 1 22 1 75 86 11 75 1 0.64813720051032397 0 0.64813720051032397 0 0.64813720051032397 0 0
11 1 23 1 75 87 12 76 1 0.64813720051032397 0 0.64813720051032397 0 0.64813720051032397 0 0
11 1 24 1 75 88 13 77 1 0.64813720051032397 0 0.64813720051032397 0 0.64813720051032397 0 0
11 1 25 1 75 89 14 78 1 0.64813720051032397 0 0.64813720051032397 0 0.64813720051032397 0 0
11 1 26 1 75 90 15 79 1 0.64813720051032397 0 0.64813720051032397 0 0.64813720051032397 0 0
11 1 27 1 75 91 16 80 1 0.64813720051032397 0 0.64813720051032397 0 0.64813720051032397 0 0
11 1 28 1 75 92 17 81 1 0.64813720051032397 0 0.64813720051032397 0 0.64813720051032397 0 0
11 1 29 1 75 93 18 82 1 0.64813720051032397 0 0.64813720051032397 0 0.64813720051032397 0 0
11 1 30 1 75 94 19 83 1 0.64813720051032397 0 0.64813720051032397 0 0.64813720051032397 0 0
11 1 31 1 75 95 20 84 1 0.64813720051032397 0 0.64813720051032397 0 0.64813720051032397 0 0
11 1 32 1 75 96 21 85 1 0.64813720051032397 0 0.64813720051032397 0 0.64813720051032397 0 0
11 1 33 1 75 97 22 86 1 0.64813720051032397 0 0.64813720051032397 0 0.64813720051032397 0 0
11 1 34 1 75 98 23 87 1 0.64813720051032397 0 0.64813720051032397 0 0.64813720051032397 0 0
11 1 35 1 75 99 24 88 1 0.64813720051032397 0 0.64813720051032397 0 0.64813720051032397 0 0
11 1 36 1 75 100 25 89 1 0.64813720051032397 0 0.64813720051032397 0 0.64813720051032397 0 0
11 1 37 1 75 101 26 90 1 0.64813720051032397 0 0.64813720051032397 0 0.64813720051032397 0 0
11 1 38 1 75 102 27 91 1 0.64813720051032397 0 0.64813720051032397 0 0.64813720051032397 0 0
11 1 39 1 75 103 28 92 1 0.64813720051032397 0 0.64813720051032397 0 0.64813720051032397 0 0
11 1 40 1 75 104 29 93 1 0.64813720051032397 0 0.64813720051032397 0 0.64813720051032397 0 0
11 1 41 1 75 105 30 94 1 0.64813720051032397 0 0.64813720051032397 0 0.64813720051032397 0 0
11 1 42 1 75 106 31 95 1 0.64813720051032397 0 0.64813720051032397 0 0.64813720051032397 0 0
11 1 43 1 75 107 32 96 1 0.64813720051032397 0 0.64813720051032397 0 0.64813720051032397 0 0
11 1 44 1 75 108 31 95 1 0.64813720051032397 0 0.64813720051032397 0 0.64813720051032397 0 0
11 1 45 1 75 109 30 94 1 0.64813720051032397 0 0.64813720051032397 0 0.64813720051032397 0 0
11 1 46 1 75 110 29 93 1 0.64813720051032397 0 0.64813720051032397 0 0.64813720051032397 0 0
11 1 47 1 75 111 28 92 1 0.64813720051032397 0 0.64813720051032397 0 0.64813720051032397 0 0
11 1 48 1 75 112 27 91 1 0.64813720051032397 0 0.64813720051032397 0 0.64813720051032397 0 0
11 1 49 1 75 113 26 90 1 0.64813720051032397 0 0.64813720051032397 0 0.64813720051032397 0 0
11 1 50 1 75 114 25 89 1 0.64813720051032397 0 0.64813720051032397 0 0.64813720051032397 0 0
11 1 51 1 75 115 24 88 1 0.64813720051032397 0 0.64813720051032397 0 0.64813720051032397 0 0
11 1 52 1 75 116 23 87 1 0.64813720051032397 0 0.64813720051032397 0 0.64813720051032397 0 0
11 1 53 1 75 117 22 86 1 0.64813720051032397 0 0.64813720051032397 0 0.64813720051032397 0 0
11 1 54 1 75 118 21 85 1 0.64813720051032397 0 0.64813720051032397 0 0.64813720051032397 0 0
11 1 55 1 75 119 20 84 1 0.64813720051032397 0 0.64813720051032397 0 0.64813720051032397 0 0
11 1 56 1 75 120 19 83 1 0.64813720051032397 0 0.64813720051032397 0 0.64813720051032397 0 0
11 1 57 1 75 121 18 82 1 0.64813720051032397 0 0.64813720051032397 0 0.64813720051032397 0 0
11 1 58 1 75 122 17 81 1 0.64813720051032397 0 0.64813720051032397 0 0.64813720051032397 0 0
11 1 59 1 75 123 16 80 1 0.64813720051032397 0 0.64813720051032397 0 0.64813720051032397 0 0
11 1 60 1 75 124 15 79 1 0.64813720051032397 0 0.64813720051032397 0 0.64813720051032397 0 0
11 1 61 1 75 125 14 78 1 0.64813720051032397 0 0.64813720051032397 0 0.64813720051032397 0 0
11 1 62 1 75 126 13 77 1 0.64813720051032397 0 0.64813720051032397 0 0.64813720051032397 0 0
11 1 63 1 75 127 12 76 1 0.64813720051032397 0 0.64813720051032397 0 0.64813720051032397 0 0
12 1 13 1 76 77 1 65 1 0.64813720051032397 0 0.64813720051032397 0 0.64813720051032397 0 0
12 1 14 1 76 78 2 66 1 0.64813720051032397 0 0.64813720051032397 0 0.64813720051032397 0 0
12 1 15 1 76 79 3 67 1 0.64813720051032397 0 0.64813720051032397 0 0.64813720051032397 0 0
12 1 16 1 76 80 4 68 1 0.64813720051032397 0 0.64813720051032397 0 0.64813720051032397 0 0
12 1 17 1 76 81 5 69 1 0.64813720051032397 0 0.64813720051032397 0 0.64813720051032397 0 0
12 1 18 1 76 82 6 70 1 0.64813720051032397 0 0.64813720051032397 0 0.64813720051032397 0 0
12 1 19 1 76 83 7 71 1 0.64813720051032397 0 0.64813720051032397 0 0.64813720051032397 0 0
12 1 20 1 76 84 8 72 1 0.64813720051032397 0 0.64813720051032397 0 0.64813720051032397 0 0
12 1 21 1 76 85 9 73 1 0.64813720051032397 0 0.64813720051032397 0 0.64813720051032397 0 0
12 1 22 1 76 86 10 74 1 0.64813720051032397 0 0.64813720051032397 0 0.64813720051032397 0 0
12 1 23 1 76 87 11 75 1 0.64813720051032397 0 0.64813720051032397 0 0.64813720051032397 0 0
12 1 24 1 76 88 12 76 1 0.64813720051032397 0 0.64813720051032397 0 0.64813720051032397 0 0
12 1 25 1 76 89 13 77 1 0.64813720051032397 0 0.64813720051032397 0 0.64813720051032397 0 0
12 1 26 1 76 90 14 78 1 0.64813720051032397 0 0.64813720051032397 0 0.64813720051032397 0 0
12 1 27 1 76 91 15 79 1 0.64813720051032397 0 0.64813720051032397 0 0.64813720051032397 0 0
12 1 28 1 76 92 16 80 1 0.64813720051032397 0 0.64813720051032397 0 0.64813720051032397 0 0
12 1 29 1 76 93 17 81 1 0.64813720051032397 0 0.64813720051032397 0 0.64813720051032397 0 0
12 1 30 1 76 94 18 82 1 0.64813720051032397 0 0.64813720051032397 0 0.64813720051032397 0 0
12 1 31 1 76 95 19 83 1 0.64813720051032397 0 0.64813720051032397 0 0.64813720051032397 0 0
12 1 32 1 76 96 20 84 1 0.64813720051032397 0 0.64813720051032397 0 0.64813720051032397 0 0
12 1 33 1 76 97 21 85 1 0.64813720051032397 0 0.64813720051032397 0 0.64813720051032397 0 0
12 1 34 1 76 98 22 86 1 0.64813720051032397 0 0.64813720051032397 0 0.64813720051032397 0 0
12 1 35 1 76 99 23 87 1 0.64813720051032397 0 0.64813720051032397 0 0.64813720051032397 0 0
12 1 36 1 76 100 24 88 1 0.64813720051032397 0 0.64813720051032397 0 0.64813720051032397 0 0
12 1 37 1 76 101 25 89 1 0.64813720051032397 0 0.64813720051032397 0 0.64813720051032397 0 0
12 1 38 1 76 102 26 90 1 0.64813720051032397 0 0.64813720051032397 0 0.64813720051032397 0 0
12 1 39 1 76 103 27 91 1 0.64813720051032397 0 0.64813720051032397 0 0.64813720051032397 0 0
12 1 40 1 76 104 28 92 1 0.64813720051032397 0 0.64813720051032397 0 0.64813720051032397 0 0
12 1 41 1 76 105 29 93 1 0.64813720051032397 0 0.64813720051032397 0 0.64813720051032397 0 0
12 1 42 1 76 106 30 94 1 0.64813720051032397 0 0.64813720051032397 0 0.64813720051032397 0 0
12 1 43 1 76 107 31 95 1 0.64813720051032397 0 0.64813720051032397 0 0.64813720051032397 0 0
12 1 44 1 76 108 32 96 1 0.64813720051032397 0 0.64813720051032397 0 0.64813720051032397 0 0
12 1 45 1 76 109 31 95 1 0.64813720051032397 0 0.64813720051032397 0 0.64813720051032397 0 0
12 1 46 1 76 110 30 94 1 0.64813720051032397 0 0.64813720051032397 0 0.64813720051032397 0 0
12 1 47 1 76 111 29 93 1 0.64813720051032397 0 0.64813720051032397 0 0.64813720051032397 0 0
12 1 48 1 76 112 28 92 1 0.64813720051032397 0 0.64813720051032397 0 0.64813720051032397 0 0
12 1 49 1 76 113 27 91 1 0.64813720051032397 0 0.64813720051032397 0 0.64813720051032397 0 0
12 1 50 1 76 114 26 90 1 0.64813720051032397 0 0.64813720051032397 0 0.64813720051032397 0 0
12 1 51 1 76 115 25 89 1 0.64813720051032397 0 0.64813720051032397 0 0.64813720051032397 0 0
12 1 52 1 76 116 24 88 1 0.64813720051032397 0 0.64813720051032397 0 0.64813720051032397 0 0
12 1 53 1 76 117 23 87 1 0.64813720051032397 0 0.64813720051032397 0 0.64813720051032397 0 0
12 1 54 1 76 118 22 86 1 0.64813720051032397 0 0.64813720051032397 0 0.64813720051032397 0 0
12 1 55 1 76 119 21 85 1 0.64813720051032397 0 0.64813720051032397 0 0.64813720051032397 0 0
12 1 56 1 76 120 20 84 1 0.64813720051032397 0 0.64813720051032397 0 0.64813720051032397 0 0
12 1 57 1 76 121 19 83 1 0.64813720051032397 0 0.64813720051032397 0 0.64813720051032397 0 0
12 1 58 1 76 122 18 82 1 0.64813720051032397 0 0.64813720051032397 0 0.64813720051032397 0 0
12 1 59 1 76 123 17 81 1 0.64813720051032397 0 0.64813720051032397 0 0.64813720051032397 0 0
12 1 60 1 76 124 16 80 1 0.64813720051032397 0 0.64813720051032397 0 0.64813720051032397 0 0
12 1 61 1 76 125 15 79 1 0.64813720051032397 0 0.64813720051032397 0 0.64813720051032397 0 0
12 1 62 1 76 126 14 78 1 0.64813720051032397 0 0.64813720051032397 0 0.64813720051032397 0 0
12 1 63 1 76 127 13 77 1 0.64813720051032397 0 0.64813720051032397 0 0.64813720051032397 0 0
13 1 14 1 77 78 1 65 1 0.64813720051032397 0 0.64813720051032397 0 0.64813720051032397 0 0
13 1 15 1 77 79 2 66 1 0.64813720051032397 0 0.64813720051032397 0 0.64813720051032397 0 0
13 1 16 1 77 80 3 67 1 0.64813720051032397 0 0.64813720051032397 0 0.64813720051032397 0 0
13 1 17 1 77 81 4 68 1 0.64813720051032397 0 0.64813720051032397 0 0.64813720051032397 0 0
13 1 18 1 77 82 5 69 1 0.64813720051032397 0 0.64813720051032397 0 0.64813720051032397 0 0
13 1 19 1 77 83 6 70 1 0.64813720051032397 0 0.64813720051032397 0 0.64813720051032397 0 0
13 1 20 1 77 84 7 71 1 0.64813720051032397 0 0.64813720051032397 0 0.64813720051032397 0 0
13 1 21 1 77 85 8 72 1 0.64813720051032397 0 0.64813720051032397 0 0.64813720051032397 0 0
13 1 22 1 77 86 9 73 1 0.64813720051032397 0 0.64813720051032397 0 0.64813720051032397 0 0
13 1 23 1 77 87 10 74 1 0.64813720051032397 0 0.64813720051032397 0 0.64813720051032397 0 0
13 1 24 1 77 88 11 75 1 0.64813720051032397 0 0.64813720051032397 0 0.64813720051032397 0 0
13 1 25 1 77 89 12 76 1 0.64813720051032397 0 0.64813720051032397 0 0.64813720051032397 0 0
13 1 26 1 77 90 13 77 1 0.64813720051032397 0 0.64813720051032397 0 0.64813720051032397 0 0
13 1 27 1 77 91 14 78 1 0.64813720051032397 0 0.64813720051032397 0 0.64813720051032397 0 0
13 1 28 1 77 92 15 79 1 0.64813720051032397 0 0.64813720051032397 0 0.64813720051032397 0 0
13 1 29 1 77 93 16 80 1 0.64813720051032397 0 0.64813720051032397 0 0.64813720051032397 0 0
13 1 30 1 77 94 17 81 1 0.64813720051032397 0 0.64813720051032397 0 0.64813720051032397 0 0
13 1 31 1 77 95 18 82 1 0.64813720051032397 0 0.64813720051032397 0 0.64813720051032397 0 0
13 1 32 1 77 96 19 83 1 0.64813720051032397 0 0.64813720051032397 0 0.64813720051032397 0 0
13 1 33 1 77 97 20 84 1 0.64813720051032397 0 0.64813720051032397 0 0.64813720051032397 0 0
13 1 34 1 77 98 21 85 1 0.64813720051032397 0 0.64813720051032397 0 0.64813720051032397 0 0
13 1 35 1 77 99 22 86 1 0.64813720051032397 0 0.64813720051032397 0 0.64813720051032397 0 0
13 1 36 1 77 100 23 87 1 0.64813720051032397 0 0.64813720051032397 0 0.64813720051032397 0 0
13 1 37 1 77 101 24 88 1 0.64813720051032397 0 0.64813720051032397 0 0.64813720051032397 0 0
13 1 38 1 77 102 25 89 1 0.64813720051032397 0 0.64813720051032397 0 0.64813720051032397 0 0
13 1 39 1 77 103 26 90 1 0.64813720051032397 0 0.64813720051032397 0 0.64813720051032397 0 0
13 1 40 1 77 104 27 91 1 0.64813720051032397 0 0.64813720051032397 0 0.64813720051032397 0 0
13 1 41 1 77 105 28 92 1 0.64813720051032397 0 0.64813720051032397 0 0.64813720051032397 0 0
13 1 42 1 77 106 29 93 1 0.64813720051032397 0 0.64813720051032397 0 0.64813720051032397 0 0
13 1 43 1 77 107 30 94 1 0.64813720051032397 0 0.64813720051032397 0 0.64813720051032397 0 0
13 1 44 1 77 108 31 95 1 0.64813720051032397 0 0.64813720051032397 0 0.64813720051032397 0 0
13 1 45 1 77 109 32 96 1 0.64813720051032397 0 0.64813720051032397 0 0.64813720051032397 0 0
13 1 46 1 77 110 31 95 1 0.64813720051032397 0 0.64813720051032397 0 0.64813720051032397 0 0
13 1 47 1 77 111 30 94 1 0.64813720051032397 0 0.64813720051032397 0 0.64813720051032397 0 0
13 1 48 1 77 112 29 93 1 0.64813720051032397 0 0.64813720051032397 0 0.64813720051032397 0 0
13 1 49 1 77 113 28 92 1 0.64813720051032397 0 0.64813720051032397 0 0.64813720051032397 0 0
13 1 50 1 77 114 27 91 1 0.64813720051032397 0 0.64813720051032397 0 0.64813720051032397 0 0
13 1 51 1 77 115 26 90 1 0.64813720051032397 0 0.64813720051032397 0 0.64813720051032397 0 0
13 1 52 1 77 116 25 89 1 0.64813720051032397 0 0.64813720051032397 0 0.64813720051032397 0 0
13 1 53 1 77 117 24 88 1 0.64813720051032397 0 0.64813720051032397 0 0.64813720051032397 0 0
13 1 54 1 77 118 23 87 1 0.64813720051032397 0 0.64813720051032397 0 0.64813720051032397 0 0
13 1 55 1 77 119 22 86 1 0.64813720051032397 0 0.64813720051032397 0 0.64813720051032397 0 0
13 1 56 1 77 120 21 85 1 0.64813720051032397 0 0.64813720051032397 0 0.64813720051032397 0 0
13 1 57 1 77 121 20 84 1 0.64813720051032397 0 0.64813720051032397 0 0.64813720051032397 0 0
13 1 58 1 77 122 19 83 1 0.64813720051032397 0 0.64813720051032397 0 0.64813720051032397 0 0
13 1 59 1 77 123 18 82 1 0.64813720051032397 0 0.64813720051032397 0 0.64813720051032397 0 0
13 1 60 1 77 124 17 81 1 0.64813720051032397 0 0.64813720051032397 0 0.64813720051032397 0 0
13 1 61 1 77 125 16 80 1 0.64813720051032397 0 0.64813720051032397 0 0.64813720051032397 0 0
13 1 62 1 77 126 15 79 1 0.64813720051032397 0 0.64813720051032397 0 0.64813720051032397 0 0
13 1 63 1 77 127 14 78 1 0.64813720051032397 0 0.64813720051032397 0 0.64813720051032397 0 0
14 1 15 1 78 79 1 65 1 0.64813720051032397 0 0.64813720051032397 0 0.64813720051032397 0 0
14 1 16 1 78 80 2 66 1 0.64813720051032397 0 0.64813720051032397 0 0.64813720051032397 0 0
14 1 17 1 78 81 3 67 1 0.64813720051032397 0 0.64813720051032397 0 0.64813720051032397 0 0
14 1 18 1 78 82 4 68 1 0.64813720051032397 0 0.64813720051032397 0 0.64813720051032397 0 0
14 1 19 1 78 83 5 69 1 0.64813720051032397 0 0.64813720051032397 0 0.64813720051032397 0 0
14 1 20 1 78 84 6 70 1 0.64813720051032397 0 0.64813720051032397 0 0.64813720051032397 0 0
14 1 21 1 78 85 7 71 1 0.64813720051032397 0 0.64813720051032397 0 0.64813720051032397 0 0
14 1 22 1 78 86 8 72 1 0.64813720051032397 0 0.64813720051032397 0 0.64813720051032397 0 0
14 1 23 1 78 87 9 73 1 0.64813720051032397 0 0.64813720051032397 0 0.64813720051032397 0 0
14 1 24 1 78 88 10 74 1 0.64813720051032397 0 0.64813720051032397 0 0.64813720051032397 0 0
14 1 25 1 78 89 11 75 1 0.64813720051032397 0 0.64813720051032397 0 0.64813720051032397 0 0
14 1 26 1 78 90 12 76 1 0.64813720051032397 0 0.64813720051032397 0 0.64813720051032397 0 0
14 1 27 1 78 91 13 77 1 0.64813720051032397 0 0.64813720051032397 0 0.64813720051032397 0 0
14 1 28 1 78 92 14 78 1 0.64813720051032397 0 0.64813720051032397 0 0.64813720051032397 0 0
14 1 29 1 78 93 15 79 1 0.64813720051032397 0 0.64813720051032397 0 0.64813720051032397 0 0
14 1 30 1 78 94 16 80 1 0.64813720051032397 0 0.64813720051032397 0 0.64813720051032397 0 0
14 1 31 1 78 95 17 81 1 0.64813720051032397 0 0.64813720051032397 0 0.64813720051032397 0 0
14 1 32 1 78 96 18 82 1 0.64813720051032397 0 0.64813720051032397 0 0.64813720051032397 0 0
14 1 33 1 78 97 19 83 1 0.64813720051032397 0 0.64813720051032397 0 0.64813720051032397 0 0
14 1 34 1 78 98 20 84 1 0.64813720051032397 0 0.64813720051032397 0 0.64813720051032397 0 0
14 1 35 1 78 99 21 85 1 0.64813720051032397 0 0.64813720051032397 0 0.64813720051032397 0 0
14 1 36 1 78 100 22 86 1 0.64813720051032397 0 0.64813720051032397 0 0.64813720051032397 0 0
14 1 37 1 78 101 23 87 1 0.64813720051032397 0 0.64813720051032397 0 0.64813720051032397 0 0
14 1 38 1 78 102 24 88 1 0.64813720051032397 0 0.64813720051032397 0 0.64813720051032397 0 0
14 1 39 1 78 103 25 89 1 0.64813720051032397 0 0.64813720051032397 0 0.64813720051032397 0 0
14 1 40 1 78 104 26 90 1 0.64813720051032397 0 0.64813720051032397 0 0.64813720051032397 0 0
14 1 41 1 78 105 27 91 1 0.64813720051032397 0 0.64813720051032397 0 0.64813720051032397 0 0
14 1 42 1 78 106 28 92 1 0.64813720051032397 0 0.64813720051032397 0 0.64813720051032397 0 0
14 1 43 1 78 107 29 93 1 0.64813720051032397 0 0.64813720051032397 0 0.64813720051032397 0 0
14 1 44 1 78 108 30 94 1 0.64813720051032397 0 0.64813720051032397 0 0.64813720051032397 0 0
14 1 45 1 78 109 31 95 1 0.64813720051032397 0 0.64813720051032397 0 0.64813720051032397 0 0
14 1 46 1 78 110 32 96 1 0.64813720051032397 0 0.64813720051032397 0 0.64813720051032397 0 0
14 1 47 1 78 111 31 95 1 0.64813720051032397 0 0.64813720051032397 0 0.64813720051032397 0 0
14 1 48 1 78 112 30 94 1 0.64813720051032397 0 0.64813720051032397 0 0.64813720051032397 0 0
14 1 49 1 78 113 29 93 1 0.64813720051032397 0 0.64813720051032397 0 0.64813720051032397 0 0
14 1 50 1 78 114 28 92 1 0.64813720051032397 0 0.64813720051032397 0 0.64813720051032397 0 0
14 1 51 1 78 115 27 91 1 0.64813720051032397 0 0.64813720051032397 0 0.64813720051032397 0 0
14 1 52 1 78 116 26 90 1 0.64813720051032397 0 0.64813720051032397 0 0.64813720051032397 0 0
14 1 53 1 78 117 25 89 1 0.64813720051032397 0 0.64813720051032397 0 0.64813720051032397 0 0
14 1 54 1 78 118 24 88 1 0.64813720051032397 0 0.64813720051032397 0 0.64813720051032397 0 0
14 1 55 1 78 119 23 87 1 0.64813720051032397 0 0.64813720051032397 0 0.64813720051032397 0 0
14 1 56 1 78 120 22 86 1 0.64813720051032397 0 0.64813720051032397 0 0.64813720051032397 0 0
14 1 57 1 78 121 21 85 1 0.64813720051032397 0 0.64813720051032397 0 0.64813720051032397 0 0
14 1 58 1 78 122 20 84 1 0.64813720051032397 0 0.64813720051032397 0 0.64813720051032397 0 0
14 1 59 1 78 123 19 83 1 0.64813720051032397 0 0.64813720051032397 0 0.64813720051032397 0 0
14 1 60 1 78 124 18 82 1 0.64813720051032397 0 0.64813720051032397 0 0.64813720051032397 0 0
14 1 61 1 78 125 17 81 1 0.64813720051032397 0 0.64813720051032397 0 0.64813720051032397 0 0
14 1 62 1 78 126 16 80 1 0.64813720051032397 0 0.64813720051032397 0 0.64813720051032397 0 0
14 1 63 1 78 127 15 79 1 0.64813720051032397 0 0.64813720051032397 0 0.64813720051032397 0 0
15 1 16 1 79 80 1 65 1 0.64813720051032397 0 0.64813720051032397 0 0.64813720051032397 0 0
15 1 17 1 79 81 2 66 1 0.64813720051032397 0 0.64813720051032397 0 0.64813720051032397 0 0
15 1 18 1 79 82 3 67 1 0.64813720051032397 0 0.64813720051032397 0 0.64813720051032397 0 0
15 1 19 1 79 83 4 68 1 0.64813720051032397 0 0.64813720051032397 0 0.64813720051032397 0 0
15 1 20 1 79 84 5 69 1 0.64813720051032397 0 0.64813720051032397 0 0.64813720051032397 0 0
15 1 21 1 79 85 6 70 1 0.64813720051032397 0 0.64813720051032397 0 0.64813720051032397 0 0
15 1 22 1 79 86 7 71 1 0.64813720051032397 0 0.64813720051032397 0 0.64813720051032397 0 0
15 1 23 1 79 87 8 72 1 0.64813720051032397 0 0.64813720051032397 0 0.64813720051032397 0 0
15 1 24 1 79 88 9 73 1 0.64813720051032397 0 0.64813720051032397 0 0.64813720051032397 0 0
15 1 25 1 79 89 10 74 1 0.64813720051032397 0 0.64813720051032397 0 0.64813720051032397 0 0
15 1 26 1 79 90 11 75 1 0.64813720051032397 0 0.64813720051032397 0 0.64813720051032397 0 0
15 1 27 1 79 91 12 76 1 0.64813720051032397 0 0.64813720051032397 0 0.64813720051032397 0 0
15 1 28 1 79 92 13 77 1 0.64813720051032397 0 0.64813720051032397 0 0.64813720051032397 0 0
15 1 29 1 79 93 14 78 1 0.64813720051032397 0 0.64813720051032397 0 0.64813720051032397 0 0
15 1 30 1 79 94 15 79 1 0.64813720051032397 0 0.64813720051032397 0 0.64813720051032397 0 0
15 1 31 1 79 95 16 80 1 0.64813720051032397 0 0.64813720051032397 0 0.64813720051032397 0 0
15 1 32 1 79 96 17 81 1 0.64813720051032397 0 0.64813720051032397 0 0.64813720051032397 0 0
15 1 33 1 79 97 18 82 1 0.64813720051032397 0 0.64813720051032397 0 0.64813720051032397 0 0
15 1 34 1 79 98 19 83 1 0.64813720051032397 0 0.64813720051032397 0 0.64813720051032397 0 0
15 1 35 1 79 99 20 84 1 0.64813720051032397 0 0.64813720051032397 0 0.64813720051032397 0 0
15 1 36 1 79 100 21 85 1 0.64813720051032397 0 0.64813720051032397 0 0.64813720051032397 0 0
15 1 37 1 79 101 22 86 1 0.64813720051032397 0 0.64813720051032397 0 0.64813720051032397 0 0
15 1 38 1 79 102 23 87 1 0.64813720051032397 0 0.64813720051032397 0 0.64813720051032397 0 0
15 1 39 1 79 103 24 88 1 0.64813720051032397 0 0.64813720051032397 0 0.64813720051032397 0 0
15 1 40 1 79 104 25 89 1 0.64813720051032397 0 0.64813720051032397 0 0.64813720051032397 0 0
15 1 41 1 79 105 26 90 1 0.64813720051032397 0 0.64813720051032397 0 0.64813720051032397 0 0
15 1 42 1 79 106 27 91 1 0.64813720051032397 0 0.64813720051032397 0 0.64813720051032397 0 0
15 1 43 1 79 107 28 92 1 0.64813720051032397 0 0.64813720051032397 0 0.64813720051032397 0 0
15 1 44 1 79 108 29 93 1 0.64813720051032397 0 0.64813720051032397 0 0.64813720051032397 0 0
15 1 45 1 79 109 30 94 1 0.64813720051032397 0 0.64813720051032397 0 0.64813720051032397 0 0
15 1 46 1 79 110 31 95 1 0.64813720051032397 0 0.64813720051032397 0 0.64813720051032397 0 0
15 1 47 1 79 111 32 96 1 0.64813720051032397 0 0.64813720051032397 0 0.64813720051032397 0 0
15 1 48 1 79 112 31 95 1 0.64813720051032397 0 0.64813720051032397 0 0.64813720051032397 0 0
15 1 49 1 79 113 30 94 1 0.64813720051032397 0 0.64813720051032397 0 0.64813720051032397 0 0
15 1 50 1 79 114 29 93 1 0.64813720051032397 0 0.64813720051032397 0 0.64813720051032397 0 0
15 1 51 1 79 115 28 92 1 0.64813720051032397 0 0.64813720051032397 0 0.64813720051032397 0 0
15 1 52 1 79 116 27 91 1 0.64813720051032397 0 0.64813720051032397 0 0.64813720051032397 0 0
15 1 53 1 79 117 26 90 1 0.64813720051032397 0 0.64813720051032397 0 0.64813720051032397 0 0
15 1 54 1 79 118 25 89 1 0.64813720051032397 0 0.64813720051032397 0 0.64813720051032397 0 0
15 1 55 1 79 119 24 88 1 0.64813720051032397 0 0.64813720051032397 0 0.64813720051032397 0 0
15 1 56 1 79 120 23 87 1 0.64813720051032397 0 0.64813720051032397 0 0.64813720051032397 0 0
15 1 57 1 79 121 22 86 1 0.64813720051032397 0 0.64813720051032397 0 0.64813720051032397 0 0
15 1 58 1 79 122 21 85 1 0.64813720051032397 0 0.64813720051032397 0 0.64813720051032397 0 0
15 1 59 1 79 123 20 84 1 0.64813720051032397 0 0.64813720051032397 0 0.64813720051032397 0 0
15 1 60 1 79 124 19 83 1 0.64813720051032397 0 0.64813720051032397 0 0.64813720051032397 0 0
15 1 61 1 79 125 18 82 1 0.64813720051032397 0 0.64813720051032397 0 0.64813720051032397 0 0
15 1 62 1 79 126 17 81 1 0.64813720051032397 0 0.64813720051032397 0 0.64813720051032397 0 0
15 1 63 1 79 127 16 80 1 0.64813720051032397 0 0.64813720051032397 0 0.64813720051032397 0 0
16 1 17 1 80 81 1 65 1 0.64813720051032397 0 0.64813720051032397 0 0.64813720051032397 0 0
16 1 18 1 80 82 2 66 1 0.64813720051032397 0 0.64813720051032397 0 0.64813720051032397 0 0
16 1 19 1 80 83 3 67 1 0.64813720051032397 0 0.64813720051032397 0 0.64813720051032397 0 0
16 1 20 1 80 84 4 68 1 0.64813720051032397 0 0.64813720051032397 0 0.64813720051032397 0 0
16 1 21 1 80 85 5 69 1 0.64813720051032397 0 0.64813720051032397 0 0.64813720051032397 0 0
16 1 22 1 80 86 6 70 1 0.64813720051032397 0 0.64813720051032397 0 0.64813720051032397 0 0
16 1 23 1 80 87 7 71 1 0.64813720051032397 0 0.64813720051032397 0 0.64813720051032397 0 0
16 1 24 1 80 88 8 72 1 0.64813720051032397 0 0.64813720051032397 0 0.64813720051032397 0 0
16 1 25 1 80 89 9 73 1 0.64813720051032397 0 0.64813720051032397 0 0.64813720051032397 0 0
16 1 26 1 80 90 10 74 1 0.64813720051032397 0 0.64813720051032397 0 0.64813720051032397 0 0
16 1 27 1 80 91 11 75 1 0.64813720051032397 0 0.64813720051032397 0 0.64813720051032397 0 0
16 1 28 1 80 92 12 76 1 0.64813720051032397 0 0.64813720051032397 0 0.64813720051032397 0 0
16 1 29 1 80 93 13 77 1 0.64813720051032397 0 0.64813720051032397 0 0.64813720051032397 0 0
16 1 30 1 80 94 14 78 1 0.64813720051032397 0 0.64813720051032397 0 0.64813720051032397 0 0
16 1 31 1 80 95 15 79 1 0.64813720051032397 0 0.64813720051032397 0 0.64813720051032397 0 0
16 1 32 1 80 96 16 80 1 0.64813720051032397 0 0.64813720051032397 0 0.64813720051032397 0 0
16 1 33 1 80 97 17 81 1 0.64813720051032397 0 0.64813720051032397 0 0.64813720051032397 0 0
16 1 34 1 80 98 18 82 1 0.64813720051032397 0 0.64813720051032397 0 0.64813720051032397 0 0
16 1 35 1 80 99 19 83 1 0.64813720051032397 0 0.64813720051032397 0 0.64813720051032397 0 0
16 1 36 1 80 100 20 84 1 0.64813720051032397 0 0.64813720051032397 0 0.64813720051032397 0 0
16 1 37 1 80 101 21 85 1 0.64813720051032397 0 0.64813720051032397 0 0.64813720051032397 0 0
16 1 38 1 80 102 22 86 1 0.64813720051032397 0 0.64813720051032397 0 0.64813720051032397 0 0
16 1 39 1 80 103 23 87 1 0.64813720051032397 0 0.64813720051032397 0 0.64813720051032397 0 0
16 1 40 1 80 104 24 88 1 0.64813720051032397 0 0.64813720051032397 0 0.64813720051032397 0 0
16 1 41 1 80 105 25 89 1 0.64813720051032397 0 0.64813720051032397 0 0.64813720051032397 0 0
16 1 42 1 80 106 26 90 1 0.64813720051032397 0 0.64813720051032397 0 0.64813720051032397 0 0
16 1 43 1 80 107 27 91 1 0.64813720051032397 0 0.64813720051032397 0 0.64813720051032397 0 0
16 1 44 1 80 108 28 92 1 0.64813720051032397 0 0.64813720051032397 0 0.64813720051032397 0 0
16 1 45 1 80 109 29 93 1 0.64813720051032397 0 0.64813720051032397 0 0.64813720051032397 0 0
16 1 46 1 80 110 30 94 1 0.64813720051032397 0 0.64813720051032397 0 0.64813720051032397 0 0
16 1 47 1 80 111 31 95 1 0.64813720051032397 0 0.64813720051032397 0 0.64813720051032397 0 0
16 1 48 1 80 112 32 96 1 0.64813720051032397 0 0.64813720051032397 0 0.64813720051032397 0 0
16 1 49 1 80 113 31 95 1 0.64813720051032397 0 0.64813720051032397 0 0.64813720051032397 0 0
16 1 50 1 80 114 30 94 1 0.64813720051032397 0 0.64813720051032397 0 0.64813720051032397 0 0
16 1 51 1 80 115 29 93 1 0.64813720051032397 0 0.64813720051032397 0 0.64813720051032397 0 0
16 1 52 1 80 116 28 92 1 0.64813720051032397 0 0.64813720051032397 0 0.64813720051032397 0 0
16 1 53 1 80 117 27 91 1 0.64813720051032397 0 0.64813720051032397 0 0.64813720051032397 0 0
16 1 54 1 80 118 26 90 1 0.64813720051032397 0 0.64813720051032397 0 0.64813720051032397 0 0
16 1 55 1 80 119 25 89 1 0.64813720051032397 0 0.64813720051032397 0 0.64813720051032397 0 0
16 1 56 1 80 120 24 88 1 0.64813720051032397 0 0.64813720051032397 0 0.64813720051032397 0 0
16 1 57 1 80 121 23 87 1 0.64813720051032397 0 0.64813720051032397 0 0.64813720051032397 0 0
16 1 58 1 80 122 22 86 1 0.64813720051032397 0 0.64813720051032397 0 0.64813720051032397 0 0
16 1 59 1 80 123 21 85 1 0.64813720051032397 0 0.64813720051032397 0 0.64813720051032397 0 0
16 1 60 1 80 124 20 84 1 0.64813720051032397 0 0.64813720051032397 0 0.64813720051032397 0 0
16 1 61 1 80 125 19 83 1 0.64813720051032397 0 0.64813720051032397 0 0.64813720051032397 0 0
16 1 62 1 80 126 18 82 1 0.64813720051032397 0 0.64813720051032397 0 0.64813720051032397 0 0
16 1 63 1 80 127 17 81 1 0.64813720051032397 0 0.64813720051032397 0 0.64813720051032397 0 0
17 1 18 1 81 82 1 65 1 0.64813720051032397 0 0.64813720051032397 0 0.64813720051032397 0 0
17 1 19 1 81 83 2 66 1 0.64813720051032397 0 0.64813720051032397 0 0.64813720051032397 0 0
17 1 20 1 81 84 3 67 1 0.64813720051032397 0 0.64813720051032397 0 0.64813720051032397 0 0
17 1 21 1 81 85 4 68 1 0.64813720051032397 0 0.64813720051032397 0 0.64813720051032397 0 0
17 1 22 1 81 86 5 69 1 0.64813720051032397 0 0.64813720051032397 0 0.64813720051032397 0 0
17 1 23 1 81 87 6 70 1 0.64813720051032397 0 0.64813720051032397 0 0.64813720051032397 0 0
17 1 24 1 81 88 7 71 1 0.64813720051032397 0 0.64813720051032397 0 0.64813720051032397 0 0
17 1 25 1 81 89 8 72 1 0.64813720051032397 0 0.64813720051032397 0 0.64813720051032397 0 0
17 1 26 1 81 90 9 73 1 0.64813720051032397 0 0.64813720051032397 0 0.64813720051032397 0 0
17 1 27 1 81 91 10 74 1 0.64813720051032397 0 0.64813720051032397 0 0.64813720051032397 0 0
17 1 28 1 81 92 11 75 1 0.64813720051032397 0 0.64813720051032397 0 0.64813720051032397 0 0
17 1 29 1 81 93 12 76 1 0.64813720051032397 0 0.64813720051032397 0 0.64813720051032397 0 0
17 1 30 1 81 94 13 77 1 0.64813720051032397 0 0.64813720051032397 0 0.64813720051032397 0 0
17 1 31 1 81 95 14 78 1 0.64813720051032397 0 0.64813720051032397 0 0.64813720051032397 0 0
17 1 32 1 81 96 15 79 1 0.64813720051032397 0 0.64813720051032397 0 0.64813720051032397 0 0
17 1 33 1 81 97 16 80 1 0.64813720051032397 0 0.64813720051032397 0 0.64813720051032397 0 0
17 1 34 1 81 98 17 81 1 0.64813720051032397 0 0.64813720051032397 0 0.64813720051032397 0 0
17 1 35 1 81 99 18 82 1 0.64813720051032397 0 0.64813720051032397 0 0.64813720051032397 0 0
17 1 36 1 81 100 19 83 1 0.64813720051032397 0 0.64813720051032397 0 0.64813720051032397 0 0
17 1 37 1 81 101 20 84 1 0.64813720051032397 0 0.64813720051032397 0 0.64813720051032397 0 0
17 1 38 1 81 102 21 85 1 0.64813720051032397 0 0.64813720051032397 0 0.64813720051032397 0 0
17 1 39 1 81 103 22 86 1 0.64813720051032397 0 0.64813720051032397 0 0.64813720051032397 0 0
17 1 40 1 81 104 23 87 1 0.64813720051032397 0 0.64813720051032397 0 0.64813720051032397 0 0
17 1 41 1 81 105 24 88 1 0.64813720051032397 0 0.64813720051032397 0 0.64813720051032397 0 0
17 1 42 1 81 106 25 89 1 0.64813720051032397 0 0.64813720051032397 0 0.64813720051032397 0 0
17 1 43 1 81 107 26 90 1 0.64813720051032397 0 0.64813720051032397 0 0.64813720051032397 0 0
17 1 44 1 81 108 27 91 1 0.64813720051032397 0 0.64813720051032397 0 0.64813720051032397 0 0
17 1 45 1 81 109 28 92 1 0.64813720051032397 0 0.64813720051032397 0 0.64813720051032397 0 0
17 1 46 1 81 110 29 93 1 0.64813720051032397 0 0.64813720051032397 0 0.64813720051032397 0 0
17 1 47 1 81 111 30 94 1 0.64813720051032397 0 0.64813720051032397 0 0.64813720051032397 0 0
17 1 48 1 81 112 31 95 1 0.64813720051032397 0 0.64813720051032397 0 0.64813720051032397 0 0
17 1 49 1 81 113 32 96 1 0.64813720051032397 0 0.64813720051032397 0 0.64813720051032397 0 0
17 1 50 1 81 114 31 95 1 0.64813720051032397 0 0.64813720051032397 0 0.64813720051032397 0 0
17 1 51 1 81 115 30 94 1 0.64813720051032397 0 0.64813720051032397 0 0.64813720051032397 0 0
17 1 52 1 81 116 29 93 1 0.64813720051032397 0 0.64813720051032397 0 0.64813720051032397 0 0
17 1 53 1 81 117 28 92 1 0.64813720051032397 0 0.64813720051032397 0 0.64813720051032397 0 0
17 1 54 1 81 118 27 91 1 0.64813720051032397 0 0.64813720051032397 0 0.64813720051032397 0 0
17 1 55 1 81 119 26 90 1 0.64813720051032397 0 0.64813720051032397 0 0.64813720051032397 0 0
17 1 56 1 81 120 25 89 1 0.64813720051032397 0 0.64813720051032397 0 0.64813720051032397 0 0
17 1 57 1 81 121 24 88 1 0.64813720051032397 0 0.64813720051032397 0 0.64813720051032397 0 0
17 1 58 1 81 122 23 87 1 0.64813720051032397 0 0.64813720051032397 0 0.64813720051032397 0 0
17 1 59 1 81 123 22 86 1 0.64813720051032397 0 0.64813720051032397 0 0.64813720051032397 0 0
17 1 60 1 81 124 21 85 1 0.64813720051032397 0 0.64813720051032397 0 0.64813720051032397 0 0
17 1 61 1 81 125 20 84 1 0.64813720051032397 0 0.64813720051032397 0 0.64813720051032397 0 0
17 1 62 1 81 126 19 83 1 0.64813720051032397 0 0.64813720051032397 0 0.64813720051032397 0 0
17 1 63 1 81 127 18 82 1 0.64813720051032397 0 0.64813720051032397 0 0.64813720051032397 0 0
18 1 19 1 82 83 1 65 1 0.64813720051032397 0 0.64813720051032397 0 0.64813720051032397 0 0
18 1 20 1 82 84 2 66 1 0.64813720051032397 0 0.64813720051032397 0 0.64813720051032397 0 0
18 1 21 1 82 85 3 67 1 0.64813720051032397 0 0.64813720051032397 0 0.64813720051032397 0 0
18 1 22 1 82 86 4 68 1 0.64813720051032397 0 0.64813720051032397 0 0.64813720051032397 0 0
18 1 23 1 82 87 5 69 1 0.64813720051032397 0 0.64813720051032397 0 0.64813720051032397 0 0
18 1 24 1 82 88 6 70 1 0.64813720051032397 0 0.64813720051032397 0 0.64813720051032397 0 0
18 1 25 1 82 89 7 71 1 0.64813720051032397 0 0.64813720051032397 0 0.64813720051032397 0 0
18 1 26 1 82 90 8 72 1 0.64813720051032397 0 0.64813720051032397 0 0.64813720051032397 0 0
18 1 27 1 82 91 9 73 1 0.64813720051032397 0 0.64813720051032397 0 0.64813720051032397 0 0
18 1 28 1 82 92 10 74 1 0.64813720051032397 0 0.64813720051032397 0 0.64813720051032397 0 0
18 1 29 1 82 93 11 75 1 0.64813720051032397 0 0.64813720051032397 0 0.64813720051032397 0 0
18 1 30 1 82 94 12 76 1 0.64813720051032397 0 0.64813720051032397 0 0.64813720051032397 0 0
18 1 31 1 82 95 13 77 1 0.64813720051032397 0 0.64813720051032397 0 0.64813720051032397 0 0
18 1 32 1 82 96 14 78 1 0.64813720051032397 0 0.64813720051032397 0 0.64813720051032397 0 0
18 1 33 1 82 97 15 79 1 0.64813720051032397 0 0.64813720051032397 0 0.64813720051032397 0 0
18 1 34 1 82 98 16 80 1 0.64813720051032397 0 0.64813720051032397 0 0.64813720051032397 0 0
18 1 35 1 82 99 17 81 1 0.64813720051032397 0 0.64813720051032397 0 0.64813720051032397 0 0
18 1 36 1 82 100 18 82 1 0.64813720051032397 0 0.64813720051032397 0 0.64813720051032397 0 0
18 1 37 1 82 101 19 83 1 0.64813720051032397 0 0.64813720051032397 0 0.64813720051032397 0 0
18 1 38 1 82 102 20 84 1 0.64813720051032397 0 0.64813720051032397 0 0.64813720051032397 0 0
18 1 39 1 82 103 21 85 1 0.64813720051032397 0 0.64813720051032397 0 0.64813720051032397 0 0
18 1 40 1 82 104 22 86 1 0.64813720051032397 0 0.64813720051032397 0 0.64813720051032397 0 0
18 1 41 1 82 105 23 87 1 0.64813720051032397 0 0.64813720051032397 0 0.64813720051032397 0 0
18 1 42 1 82 106 24 88 1 0.64813720051032397 0 0.64813720051032397 0 0.64813720051032397 0 0
18 1 43 1 82 107 25 89 1 0.64813720051032397 0 0.64813720051032397 0 0.64813720051032397 0 0
18 1 44 1 82 108 26 90 1 0.64813720051032397 0 0.64813720051032397 0 0.64813720051032397 0 0
18 1 45 1 82 109 27 91 1 0.64813720051032397 0 0.64813720051032397 0 0.64813720051032397 0 0
18 1 46 1 82 110 28 92 1 0.64813720051032397 0 0.64813720051032397 0 0.64813720051032397 0 0
18 1 47 1 82 111 29 93 1 0.64813720051032397 0 0.64813720051032397 0 0.64813720051032397 0 0
18 1 48 1 82 112 30 94 1 0.64813720051032397 0 0.64813720051032397 0 0.64813720051032397 0 0
18 1 49 1 82 113 31 95 1 0.64813720051032397 0 0.64813720051032397 0 0.64813720051032397 0 0
18 1 50 1 82 114 32 96 1 0.64813720051032397 0 0.64813720051032397 0 0.64813720051032397 0 0
18 1 51 1 82 115 31 95 1 0.64813720051032397 0 0.64813720051032397 0 0.64813720051032397 0 0
18 1 52 1 82 116 30 94 1 0.64813720051032397 0 0.64813720051032397 0 0.64813720051032397 0 0
18 1 53 1 82 117 29 93 1 0.64813720051032397 0 0.64813720051032397 0 0.64813720051032397 0 0
18 1 54 1 82 118 28 92 1 0.64813720051032397 0 0.64813720051032397 0 0.64813720051032397 0 0
18 1 55 1 82 119 27 91 1 0.64813720051032397 0 0.64813720051032397 0 0.64813720051032397 0 0
18 1 56 1 82 120 26 90 1 0.64813720051032397 0 0.64813720051032397 0 0.64813720051032397 0 0
18 1 57 1 82 121 25 89 1 0.64813720051032397 0 0.64813720051032397 0 0.64813720051032397 0 0
18 1 58 1 82 122 24 88 1 0.64813720051032397 0 0.64813720051032397 0 0.64813720051032397 0 0
18 1 59 1 82 123 23 87 1 0.64813720051032397 0 0.64813720051032397 0 0.64813720051032397 0 0
18 1 60 1 82 124 22 86 1 0.64813720051032397 0 0.64813720051032397 0 0.64813720051032397 0 0
18 1 61 1 82 125 21 85 1 0.64813720051032397 0 0.64813720051032397 0 0.64813720051032397 0 0
18 1 62 1 82 126 20 84 1 0.64813720051032397 0 0.64813720051032397 0 0.64813720051032397 0 0
18 1 63 1 82 127 19 83 1 0.64813720051032397 0 0.64813720051032397 0 0.64813720051032397 0 0
19 1 20 1 83 84 1 65 1 0.64813720051032397 0 0.64813720051032397 0 0.64813720051032397 0 0
19 1 21 1 83 85 2 66 1 0.64813720051032397 0 0.64813720051032397 0 0.64813720051032397 0 0
19 1 22 1 83 86 3 67 1 0.64813720051032397 0 0.64813720051032397 0 0.64813720051032397 0 0
19 1 23 1 83 87 4 68 1 0.64813720051032397 0 0.64813720051032397 0 0.64813720051032397 0 0
19 1 24 1 83 88 5 69 1 0.64813720051032397 0 0.64813720051032397 0 0.64813720051032397 0 0
19 1 25 1 83 89 6 70 1 0.64813720051032397 0 0.64813720051032397 0 0.64813720051032397 0 0
19 1 26 1 83 90 7 71 1 0.64813720051032397 0 0.64813720051032397 0 0.64813720051032397 0 0
19 1 27 1 83 91 8 72 1 0.64813720051032397 0 0.64813720051032397 0 0.64813720051032397 0 0
19 1 28 1 83 92 9 73 1 0.64813720051032397 0 0.64813720051032397 0 0.64813720051032397 0 0
19 1 29 1 83 93 10 74 1 0.64813720051032397 0 0.64813720051032397 0 0.64813720051032397 0 0
19 1 30 1 83 94 11 75 1 0.64813720051032397 0 0.64813720051032397 0 0.64813720051032397 0 0
19 1 31 1 83 95 12 76 1 0.64813720051032397 0 0.64813720051032397 0 0.64813720051032397 0 0
19 1 32 1 83 96 13 77 1 0.64813720051032397 0 0.64813720051032397 0 0.64813720051032397 0 0
19 1 33 1 83 97 14 78 1 0.64813720051032397 0 0.64813720051032397 0 0.64813720051032397 0 0
19 1 34 1 83 98 15 79 1 0.64813720051032397 0 0.64813720051032397 0 0.64813720051032397 0 0
19 1 35 1 83 99 16 80 1 0.64813720051032397 0 0.64813720051032397 0 0.64813720051032397 0 0
19 1 36 1 83 100 17 81 1 0.64813720051032397 0 0.64813720051032397 0 0.64813720051032397 0 0
19 1 37 1 83 101 18 82 1 0.64813720051032397 0 0.64813720051032397 0 0.64813720051032397 0 0
19 1 38 1 83 102 19 83 1 0.64813720051032397 0 0.64813720051032397 0 0.64813720051032397 0 0
19 1 39 1 83 103 20 84 1 0.64813720051032397 0 0.64813720051032397 0 0.64813720051032397 0 0
19 1 40 1 83 104 21 85 1 0.64813720051032397 0 0.64813720051032397 0 0.64813720051032397 0 0
19 1 41 1 83 105 22 86 1 0.64813720051032397 0 0.64813720051032397 0 0.64813720051032397 0 0
19 1 42 1 83 106 23 87 1 0.64813720051032397 0 0.64813720051032397 0 0.64813720051032397 0 0
19 1 43 1 83 107 24 88 1 0.64813720051032397 0 0.64813720051032397 0 0.64813720051032397 0 0
19 1 44 1 83 108 25 89 1 0.64813720051032397 0 0.64813720051032397 0 0.64813720051032397 0 0
19 1 45 1 83 109 26 90 1 0.64813720051032397 0 0.64813720051032397 0 0.64813720051032397 0 0
19 1 46 1 83 110 27 91 1 0.64813720051032397 0 0.64813720051032397 0 0.64813720051032397 0 0
19 1 47 1 83 111 28 92 1 0.64813720051032397 0 0.64813720051032397 0 0.64813720051032397 0 0
19 1 48 1 83 112 29 93 1 0.64813720051032397 0 0.64813720051032397 0 0.64813720051032397 0 0
19 1 49 1 83 113 30 94 1 0.64813720051032397 0 0.64813720051032397 0 0.64813720051032397 0 0
19 1 50 1 83 114 31 95 1 0.64813720051032397 0 0.64813720051032397 0 0.64813720051032397 0 0
19 1 51 1 83 115 32 96 1 0.64813720051032397 0 0.64813720051032397 0 0.64813720051032397 0 0
19 1 52 1 83 116 31 95 1 0.64813720051032397 0 0.64813720051032397 0 0.64813720051032397 0 0
19 1 53 1 83 117 30 94 1 0.64813720051032397 0 0.64813720051032397 0 0.64813720051032397 0 0
19 1 54 1 83 118 29 93 1 0.64813720051032397 0 0.64813720051032397 0 0.64813720051032397 0 0
19 1 55 1 83 119 28 92 1 0.64813720051032397 0 0.64813720051032397 0 0.64813720051032397 0 0
19 1 56 1 83 120 27 91 1 0.64813720051032397 0 0.64813720051032397 0 0.64813720051032397 0 0
19 1 57 1 83 121 26 90 1 0.64813720051032397 0 0.64813720051032397 0 0.64813720051032397 0 0
19 1 58 1 83 122 25 89 1 0.64813720051032397 0 0.64813720051032397 0 0.64813720051032397 0 0
19 1 59 1 83 123 24 88 1 0.64813720051032397 0 0.64813720051032397 0 0.64813720051032397 0 0
19 1 60 1 83 124 23 87 1 0.64813720051032397 0 0.64813720051032397 0 0.64813720051032397 0 0
19 1 61 1 83 125 22 86 1 0.64813720051032397 0 0.64813720051032397 0 0.64813720051032397 0 0
19 1 62 1 83 126 21 85 1 0.64813720051032397 0 0.64813720051032397 0 0.64813720051032397 0 0
19 1 63 1 83 127 20 84 1 0.64813720051032397 0 0.64813720051032397 0 0.64813720051032397 0 0
20 1 21 1 84 85 1 65 1 0.64813720051032397 0 0.64813720051032397 0 0.64813720051032397 0 0
20 1 22 1 84 86 2 66 1 0.64813720051032397 0 0.64813720051032397 0 0.64813720051032397 0 0
20 1 23 1 84 87 3 67 1 0.64813720051032397 0 0.64813720051032397 0 0.64813720051032397 0 0
20 1 24 1 84 88 4 68 1 0.64813720051032397 0 0.64813720051032397 0 0.64813720051032397 0 0
20 1 25 1 84 89 5 69 1 0.64813720051032397 0 0.64813720051032397 0 0.64813720051032397 0 0
20 1 26 1 84 90 6 70 1 0.64813720051032397 0 0.64813720051032397 0 0.64813720051032397 0 0
20 1 27 1 84 91 7 71 1 0.64813720051032397 0 0.64813720051032397 0 0.64813720051032397 0 0
20 1 28 1 84 92 8 72 1 0.64813720051032397 0 0.64813720051032397 0 0.64813720051032397 0 0
20 1 29 1 84 93 9 73 1 0.64813720051032397 0 0.64813720051032397 0 0.64813720051032397 0 0
20 1 30 1 84 94 10 74 1 0.64813720051032397 0 0.64813720051032397 0 0.64813720051032397 0 0
20 1 31 1 84 95 11 75 1 0.64813720051032397 0 0.64813720051032397 0 0.64813720051032397 0 0
20 1 32 1 84 96 12 76 1 0.64813720051032397 0 0.64813720051032397 0 0.64813720051032397 0 0
20 1 33 1 84 97 13 77 1 0.64813720051032397 0 0.64813720051032397 0 0.64813720051032397 0 0
20 1 34 1 84 98 14 78 1 0.64813720051032397 0 0.64813720051032397 0 0.64813720051032397 0 0
20 1 35 1 84 99 15 79 1 0.64813720051032397 0 0.64813720051032397 0 0.64813720051032397 0 0
20 1 36 1 84 100 16 80 1 0.64813720051032397 0 0.64813720051032397 0 0.64813720051032397 0 0
20 1 37 1 84 101 17 81 1 0.64813720051032397 0 0.64813720051032397 0 0.64813720051032397 0 0
20 1 38 1 84 102 18 82 1 0.64813720051032397 0 0.64813720051032397 0 0.64813720051032397 0 0
20 1 39 1 84 103 19 83 1 0.64813720051032397 0 0.64813720051032397 0 0.64813720051032397 0 0
20 1 40 1 84 104 20 84 1 0.64813720051032397 0 0.64813720051032397 0 0.64813720051032397 0 0
20 1 41 1 84 105 21 85 1 0.64813720051032397 0 0.64813720051032397 0 0.64813720051032397 0 0
20 1 42 1 84 106 22 86 1 0.64813720051032397 0 0.64813720051032397 0 0.64813720051032397 0 0
20 1 43 1 84 107 23 87 1 0.64813720051032397 0 0.64813720051032397 0 0.64813720051032397 0 0
20 1 44 1 84 108 24 88 1 0.64813720051032397 0 0.64813720051032397 0 0.64813720051032397 0 0
20 1 45 1 84 109 25 89 1 0.64813720051032397 0 0.64813720051032397 0 0.64813720051032397 0 0
20 1 46 1 84 110 26 90 1 0.64813720051032397 0 0.64813720051032397 0 0.64813720051032397 0 0
20 1 47 1 84 111 27 91 1 0.64813720051032397 0 0.64813720051032397 0 0.64813720051032397 0 0
20 1 48 1 84 112 28 92 1 0.64813720051032397 0 0.64813720051032397 0 0.64813720051032397 0 0
20 1 49 1 84 113 29 93 1 0.64813720051032397 0 0.64813720051032397 0 0.64813720051032397 0 0
20 1 50 1 84 114 30 94 1 0.64813720051032397 0 0.64813720051032397 0 0.64813720051032397 0 0
20 1 51 1 84 115 31 95 1 0.64813720051032397 0 0.64813720051032397 0 0.64813720051032397 0 0
20 1 52 1 84 116 32 96 1 0.64813720051032397 0 0.64813720051032397 0 0.64813720051032397 0 0
20 1 53 1 84 117 31 95 1 0.64813720051032397 0 0.64813720051032397 0 0.64813720051032397 0 0
20 1 54 1 84 118 30 94 1 0.64813720051032397 0 0.64813720051032397 0 0.64813720051032397 0 0
20 1 55 1 84 119 29 93 1 0.64813720051032397 0 0.64813720051032397 0 0.64813720051032397 0 0
20 1 56 1 84 120 28 92 1 0.64813720051032397 0 0.64813720051032397 0 0.64813720051032397 0 0
20 1 57 1 84 121 27 91 1 0.64813720051032397 0 0.64813720051032397 0 0.64813720051032397 0 0
20 1 58 1 84 122 26 90 1 0.64813720051032397 0 0.64813720051032397 0 0.64813720051032397 0 0
20 1 59 1 84 123 25 89 1 0.64813720051032397 0 0.64813720051032397 0 0.64813720051032397 0 0
20 1 60 1 84 124 24 88 1 0.64813720051032397 0 0.64813720051032397 0 0.64813720051032397 0 0
20 1 61 1 84 125 23 87 1 0.64813720051032397 0 0.64813720051032397 0 0.64813720051032397 0 0
20 1 62 1 84 126 22 86 1 0.64813720051032397 0 0.64813720051032397 0 0.64813720051032397 0 0
20 1 63 1 84 127 21 85 1 0.64813720051032397 0 0.64813720051032397 0 0.64813720051032397 0 0
21 1 22 1 85 86 1 65 1 0.64813720051032397 0 0.64813720051032397 0 0.64813720051032397 0 0
21 1 23 1 85 87 2 66 1 0.64813720051032397 0 0.64813720051032397 0 0.64813720051032397 0 0
21 1 24 1 85 88 3 67 1 0.64813720051032397 0 0.64813720051032397 0 0.64813720051032397 0 0
21 1 25 1 85 89 4 68 1 0.64813720051032397 0 0.64813720051032397 0 0.64813720051032397 0 0
21 1 26 1 85 90 5 69 1 0.64813720051032397 0 0.64813720051032397 0 0.64813720051032397 0 0
21 1 27 1 85 91 6 70 1 0.64813720051032397 0 0.64813720051032397 0 0.64813720051032397 0 0
21 1 28 1 85 92 7 71 1 0.64813720051032397 0 0.64813720051032397 0 0.64813720051032397 0 0
21 1 29 1 85 93 8 72 1 0.64813720051032397 0 0.64813720051032397 0 0.64813720051032397 0 0
21 1 30 1 85 94 9 73 1 0.64813720051032397 0 0.64813720051032397 0 0.64813720051032397 0 0
21 1 31 1 85 95 10 74 1 0.64813720051032397 0 0.64813720051032397 0 0.64813720051032397 0 0
21 1 32 1 85 96 11 75 1 0.64813720051032397 0 0.64813720051032397 0 0.64813720051032397 0 0
21 1 33 1 85 97 12 76 1 0.64813720051032397 0 0.64813720051032397 0 0.64813720051032397 0 0
21 1 34 1 85 98 13 77 1 0.64813720051032397 0 0.64813720051032397 0 0.64813720051032397 0 0
21 1 35 1 85 99 14 78 1 0.64813720051032397 0 0.64813720051032397 0 0.64813720051032397 0 0
21 1 36 1 85 100 15 79 1 0.64813720051032397 0 0.64813720051032397 0 0.64813720051032397 0 0
21 1 37 1 85 101 16 80 1 0.64813720051032397 0 0.64813720051032397 0 0.64813720051032397 0 0
21 1 38 1 85 102 17 81 1 0.64813720051032397 0 0.64813720051032397 0 0.64813720051032397 0 0
21 1 39 1 85 103 18 82 1 0.64813720051032397 0 0.64813720051032397 0 0.64813720051032397 0 0
21 1 40 1 85 104 19 83 1 0.64813720051032397 0 0.64813720051032397 0 0.64813720051032397 0 0
21 1 41 1 85 105 20 84 1 0.64813720051032397 0 0.64813720051032397 0 0.64813720051032397 0 0
21 1 42 1 85 106 21 85 1 0.64813720051032397 0 0.64813720051032397 0 0.64813720051032397 0 0
21 1 43 1 85 107 22 86 1 0.64813720051032397 0 0.64813720051032397 0 0.64813720051032397 0 0
21 1 44 1 85 108 23 87 1 0.64813720051032397 0 0.64813720051032397 0 0.64813720051032397 0 0
21 1 45 1 85 109 24 88 1 0.64813720051032397 0 0.64813720051032397 0 0.64813720051032397 0 0
21 1 46 1 85 110 25 89 1 0.64813720051032397 0 0.64813720051032397 0 0.64813720051032397 0 0
21 1 47 1 85 111 26 90 1 0.64813720051032397 0 0.64813720051032397 0 0.64813720051032397 0 0
21 1 48 1 85 112 27 91 1 0.64813720051032397 0 0.64813720051032397 0 0.64813720051032397 0 0
21 1 49 1 85 113 28 92 1 0.64813720051032397 0 0.64813720051032397 0 0.64813720051032397 0 0
21 1 50 1 85 114 29 93 1 0.64813720051032397 0 0.64813720051032397 0 0.64813720051032397 0 0
21 1 51 1 85 115 30 94 1 0.64813720051032397 0 0.64813720051032397 0 0.64813720051032397 0 0
21 1 52 1 85 116 31 95 1 0.64813720051032397 0 0.64813720051032397 0 0.64813720051032397 0 0
21 1 53 1 85 117 32 96 1 0.64813720051032397 0 0.64813720051032397 0 0.64813720051032397 0 0
21 1 54 1 85 118 31 95 1 0.64813720051032397 0 0.64813720051032397 0 0.64813720051032397 0 0
21 1 55 1 85 119 30 94 1 0.64813720051032397 0 0.64813720051032397 0 0.64813720051032397 0 0
21 1 56 1 85 120 29 93 1 0.64813720051032397 0 0.64813720051032397 0 0.64813720051032397 0 0
21 1 57 1 85 121 28 92 1 0.64813720051032397 0 0.64813720051032397 0 0.64813720051032397 0 0
21 1 58 1 85 122 27 91 1 0.64813720051032397 0 0.64813720051032397 0 0.64813720051032397 0 0
21 1 59 1 85 123 26 90 1 0.64813720051032397 0 0.64813720051032397 0 0.64813720051032397 0 0
21 1 60 1 85 124 25 89 1 0.64813720051032397 0 0.64813720051032397 0 0.64813720051032397 0 0
21 1 61 1 85 125 24 88 1 0.64813720051032397 0 0.64813720051032397 0 0.64813720051032397 0 0
21 1 62 1 85 126 23 87 1 0.64813720051032397 0 0.64813720051032397 0 0.64813720051032397 0 0
21 1 63 1 85 127 22 86 1 0.64813720051032397 0 0.64813720051032397 0 0.64813720051032397 0 0
22 1 23 1 86 87 1 65 1 0.64813720051032397 0 0.64813720051032397 0 0.64813720051032397 0 0
22 1 24 1 86 88 2 66 1 0.64813720051032397 0 0.64813720051032397 0 0.64813720051032397 0 0
22 1 25 1 86 89 3 67 1 0.64813720051032397 0 0.64813720051032397 0 0.64813720051032397 0 0
22 1 26 1 86 90 4 68 1 0.64813720051032397 0 0.64813720051032397 0 0.64813720051032397 0 0
22 1 27 1 86 91 5 69 1 0.64813720051032397 0 0.64813720051032397 0 0.64813720051032397 0 0
22 1 28 1 86 92 6 70 1 0.64813720051032397 0 0.64813720051032397 0 0.64813720051032397 0 0
22 1 29 1 86 93 7 71 1 0.64813720051032397 0 0.64813720051032397 0 0.64813720051032397 0 0
22 1 30 1 86 94 8 72 1 0.64813720051032397 0 0.64813720051032397 0 0.64813720051032397 0 0
22 1 31 1 86 95 9 73 1 0.64813720051032397 0 0.64813720051032397 0 0.64813720051032397 0 0
22 1 32 1 86 96 10 74 1 0.64813720051032397 0 0.64813720051032397 0 0.64813720051032397 0 0
22 1 33 1 86 97 11 75 1 0.64813720051032397 0 0.64813720051032397 0 0.64813720051032397 0 0
22 1 34 1 86 98 12 76 1 0.64813720051032397 0 0.64813720051032397 0 0.64813720051032397 0 0
22 1 35 1 86 99 13 77 1 0.64813720051032397 0 0.64813720051032397 0 0.64813720051032397 0 0
22 1 36 1 86 100 14 78 1 0.64813720051032397 0 0.64813720051032397 0 0.64813720051032397 0 0
22 1 37 1 86 101 15 79 1 0.64813720051032397 0 0.64813720051032397 0 0.64813720051032397 0 0
22 1 38 1 86 102 16 80 1 0.64813720051032397 0 0.64813720051032397 0 0.64813720051032397 0 0
22 1 39 1 86 103 17 81 1 0.64813720051032397 0 0.64813720051032397 0 0.64813720051032397 0 0
22 1 40 1 86 104 18 82 1 0.64813720051032397 0 0.64813720051032397 0 0.64813720051032397 0 0
22 1 41 1 86 105 19 83 1 0.64813720051032397 0 0.64813720051032397 0 0.64813720051032397 0 0
22 1 42 1 86 106 20 84 1 0.64813720051032397 0 0.64813720051032397 0 0.64813720051032397 0 0
22 1 43 1 86 107 21 85 1 0.64813720051032397 0 0.64813720051032397 0 0.64813720051032397 0 0
22 1 44 1 86 108 22 86 1 0.64813720051032397 0 0.64813720051032397 0 0.64813720051032397 0 0
22 1 45 1 86 109 23 87 1 0.64813720051032397 0 0.64813720051032397 0 0.64813720051032397 0 0
22 1 46 1 86 110 24 88 1 0.64813720051032397 0 0.64813720051032397 0 0.64813720051032397 0 0
22 1 47 1 86 111 25 89 1 0.64813720051032397 0 0.64813720051032397 0 0.64813720051032397 0 0
22 1 48 1 86 112 26 90 1 0.64813720051032397 0 0.64813720051032397 0 0.64813720051032397 0 0
22 1 49 1 86 113 27 91 1 0.64813720051032397 0 0.64813720051032397 0 0.64813720051032397 0 0
22 1 50 1 86 114 28 92 1 0.64813720051032397 0 0.64813720051032397 0 0.64813720051032397 0 0
22 1 51 1 86 115 29 93 1 0.64813720051032397 0 0.64813720051032397 0 0.64813720051032397 0 0
22 1 52 1 86 116 30 94 1 0.64813720051032397 0 0.64813720051032397 0 0.64813720051032397 0 0
22 1 53 1 86 117 31 95 1 0.64813720051032397 0 0.64813720051032397 0 0.64813720051032397 0 0
22 1 54 1 86 118 32 96 1 0.64813720051032397 0 0.64813720051032397 0 0.64813720051032397 0 0
22 1 55 1 86 119 31 95 1 0.64813720051032397 0 0.64813720051032397 0 0.64813720051032397 0 0
22 1 56 1 86 120 30 94 1 0.64813720051032397 0 0.64813720051032397 0 0.64813720051032397 0 0
22 1 57 1 86 121 29 93 1 0.64813720051032397 0 0.64813720051032397 0 0.64813720051032397 0 0
22 1 58 1 86 122 28 92 1 0.64813720051032397 0 0.64813720051032397 0 0.64813720051032397 0 0
22 1 59 1 86 123 27 91 1 0.64813720051032397 0 0.64813720051032397 0 0.64813720051032397 0 0
22 1 60 1 86 124 26 90 1 0.64813720051032397 0 0.64813720051032397 0 0.64813720051032397 0 0
22 1 61 1 86 125 25 89 1 0.64813720051032397 0 0.64813720051032397 0 0.64813720051032397 0 0
22 1 62 1 86 126 24 88 1 0.64813720051032397 0 0.64813720051032397 0 0.64813720051032397 0 0
22 1 63 1 86 127 23 87 1 0.64813720051032397 0 0.64813720051032397 0 0.64813720051032397 0 0
23 1 24 1 87 88 1 65 1 0.64813720051032397 0 0.64813720051032397 0 0.64813720051032397 0 0
23 1 25 1 87 89 2 66 1 0.64813720051032397 0 0.64813720051032397 0 0.64813720051032397 0 0
23 1 26 1 87 90 3 67 1 0.64813720051032397 0 0.64813720051032397 0 0.64813720051032397 0 0
23 1 27 1 87 91 4 68 1 0.64813720051032397 0 0.64813720051032397 0 0.64813720051032397 0 0
23 1 28 1 87 92 5 69 1 0.64813720051032397 0 0.64813720051032397 0 0.64813720051032397 0 0
23 1 29 1 87 93 6 70 1 0.64813720051032397 0 0.64813720051032397 0 0.64813720051032397 0 0
23 1 30 1 87 94 7 71 1 0.64813720051032397 0 0.64813720051032397 0 0.64813720051032397 0 0
23 1 31 1 87 95 8 72 1 0.64813720051032397 0 0.64813720051032397 0 0.64813720051032397 0 0
23 1 32 1 87 96 9 73 1 0.64813720051032397 0 0.64813720051032397 0 0.64813720051032397 0 0
23 1 33 1 87 97 10 74 1 0.64813720051032397 0 0.64813720051032397 0 0.64813720051032397 0 0
23 1 34 1 87 98 11 75 1 0.64813720051032397 0 0.64813720051032397 0 0.64813720051032397 0 0
23 1 35 1 87 99 12 76 1 0.64813720051032397 0 0.64813720051032397 0 0.64813720051032397 0 0
23 1 36 1 87 100 13 77 1 0.64813720051032397 0 0.64813720051032397 0 0.64813720051032397 0 0
23 1 37 1 87 101 14 78 1 0.64813720051032397 0 0.64813720051032397 0 0.64813720051032397 0 0
23 1 38 1 87 102 15 79 1 0.64813720051032397 0 0.64813720051032397 0 0.64813720051032397 0 0
23 1 39 1 87 103 16 80 1 0.64813720051032397 0 0.64813720051032397 0 0.64813720051032397 0 0
23 1 40 1 87 104 17 81 1 0.64813720051032397 0 0.64813720051032397 0 0.64813720051032397 0 0
23 1 41 1 87 105 18 82 1 0.64813720051032397 0 0.64813720051032397 0 0.64813720051032397 0 0
23 1 42 1 87 106 19 83 1 0.64813720051032397 0 0.64813720051032397 0 0.64813720051032397 0 0
23 1 43 1 87 107 20 84 1 0.64813720051032397 0 0.64813720051032397 0 0.64813720051032397 0 0
23 1 44 1 87 108 21 85 1 0.64813720051032397 0 0.64813720051032397 0 0.64813720051032397 0 0
23 1 45 1 87 109 22 86 1 0.64813720051032397 0 0.64813720051032397 0 0.64813720051032397 0 0
23 1 46 1 87 110 23 87 1 0.64813720051032397 0 0.64813720051032397 0 0.64813720051032397 0 0
23 1 47 1 87 111 24 88 1 0.64813720051032397 0 0.64813720051032397 0 0.64813720051032397 0 0
23 1 48 1 87 112 25 89 1 0.64813720051032397 0 0.64813720051032397 0 0.64813720051032397 0 0
23 1 49 1 87 113 26 90 1 0.64813720051032397 0 0.64813720051032397 0 0.64813720051032397 0 0
23 1 50 1 87 114 27 91 1 0.64813720051032397 0 0.64813720051032397 0 0.64813720051032397 0 0
23 1 51 1 87 115 28 92 1 0.64813720051032397 0 0.64813720051032397 0 0.64813720051032397 0 0
23 1 52 1 87 116 29 93 1 0.64813720051032397 0 0.64813720051032397 0 0.64813720051032397 0 0
23 1 53 1 87 117 30 94 1 0.64813720051032397 0 0.64813720051032397 0 0.64813720051032397 0 0
23 1 54 1 87 118 31 95 1 0.64813720051032397 0 0.64813720051032397 0 0.64813720051032397 0 0
23 1 55 1 87 119 32 96 1 0.64813720051032397 0 0.64813720051032397 0 0.64813720051032397 0 0
23 1 56 1 87 120 31 95 1 0.64813720051032397 0 0.64813720051032397 0 0.64813720051032397 0 0
23 1 57 1 87 121 30 94 1 0.64813720051032397 0 0.64813720051032397 0 0.64813720051032397 0 0
23 1 58 1 87 122 29 93 1 0.64813720051032397 0 0.64813720051032397 0 0.64813720051032397 0 0
23 1 59 1 87 123 28 92 1 0.64813720051032397 0 0.64813720051032397 0 0.64813720051032397 0 0
23 1 60 1 87 124 27 91 1 0.64813720051032397 0 0.64813720051032397 0 0.64813720051032397 0 0
23 1 61 1 87 125 26 90 1 0.64813720051032397 0 0.64813720051032397 0 0.64813720051032397 0 0
23 1 62 1 87 126 25 89 1 0.64813720051032397 0 0.64813720051032397 0 0.64813720051032397 0 0
23 1 63 1 87 127 24 88 1 0.64813720051032397 0 0.64813720051032397 0 0.64813720051032397 0 0
24 1 25 1 88 89 1 65 1 0.64813720051032397 0 0.64813720051032397 0 0.64813720051032397 0 0
24 1 26 1 88 90 2 66 1 0.64813720051032397 0 0.64813720051032397 0 0.64813720051032397 0 0
24 1 27 1 88 91 3 67 1 0.64813720051032397 0 0.64813720051032397 0 0.64813720051032397 0 0
24 1 28 1 88 92 4 68 1 0.64813720051032397 0 0.64813720051032397 0 0.64813720051032397 0 0
24 1 29 1 88 93 5 69 1 0.64813720051032397 0 0.64813720051032397 0 0.64813720051032397 0 0
24 1 30 1 88 94 6 70 1 0.64813720051032397 0 0.64813720051032397 0 0.64813720051032397 0 0
24 1 31 1 88 95 7 71 1 0.64813720051032397 0 0.64813720051032397 0 0.64813720051032397 0 0
24 1 32 1 88 96 8 72 1 0.64813720051032397 0 0.64813720051032397 0 0.64813720051032397 0 0
24 1 33 1 88 97 9 73 1 0.64813720051032397 0 0.64813720051032397 0 0.64813720051032397 0 0
24 1 34 1 88 98 10 74 1 0.64813720051032397 0 0.64813720051032397 0 0.64813720051032397 0 0
24 1 35 1 88 99 11 75 1 0.64813720051032397 0 0.64813720051032397 0 0.64813720051032397 0 0
24 1 36 1 88 100 12 76 1 0.64813720051032397 0 0.64813720051032397 0 0.64813720051032397 0 0
24 1 37 1 88 101 13 77 1 0.64813720051032397 0 0.64813720051032397 0 0.64813720051032397 0 0
24 1 38 1 88 102 14 78 1 0.64813720051032397 0 0.64813720051032397 0 0.64813720051032397 0 0
24 1 39 1 88 103 15 79 1 0.64813720051032397 0 0.64813720051032397 0 0.64813720051032397 0 0
24 1 40 1 88 104 16 80 1 0.64813720051032397 0 0.64813720051032397 0 0.64813720051032397 0 0
24 1 41 1 88 105 17 81 1 0.64813720051032397 0 0.64813720051032397 0 0.64813720051032397 0 0
24 1 42 1 88 106 18 82 1 0.64813720051032397 0 0.64813720051032397 0 0.64813720051032397 0 0
24 1 43 1 88 107 19 83 1 0.64813720051032397 0 0.64813720051032397 0 0.64813720051032397 0 0
24 1 44 1 88 108 20 84 1 0.64813720051032397 0 0.64813720051032397 0 0.64813720051032397 0 0
24 1 45 1 88 109 21 85 1 0.64813720051032397 0 0.64813720051032397 0 0.64813720051032397 0 0
24 1 46 1 88 110 22 86 1 0.64813720051032397 0 0.64813720051032397 0 0.64813720051032397 0 0
24 1 47 1 88 111 23 87 1 0.64813720051032397 0 0.64813720051032397 0 0.64813720051032397 0 0
24 1 48 1 88 112 24 88 1 0.64813720051032397 0 0.64813720051032397 0 0.64813720051032397 0 0
24 1 49 1 88 113 25 89 1 0.64813720051032397 0 0.64813720051032397 0 0.64813720051032397 0 0
24 1 50 1 88 114 26 90 1 0.64813720051032397 0 0.64813720051032397 0 0.64813720051032397 0 0
24 1 51 1 88 115 27 91 1 0.64813720051032397 0 0.64813720051032397 0 0.64813720051032397 0 0
24 1 52 1 88 116 28 92 1 0.64813720051032397 0 0.64813720051032397 0 0.64813720051032397 0 0
24 1 53 1 88 117 29 93 1 0.64813720051032397 0 0.64813720051032397 0 0.64813720051032397 0 0
24 1 54 1 88 118 30 94 1 0.64813720051032397 0 0.64813720051032397 0 0.64813720051032397 0 0
24 1 55 1 88 119 31 95 1 0.64813720051032397 0 0.64813720051032397 0 0.64813720051032397 0 0
24 1 56 1 88 120 32 96 1 0.64813720051032397 0 0.64813720051032397 0 0.64813720051032397 0 0
24 1 57 1 88 121 31 95 1 0.64813720051032397 0 0.64813720051032397 0 0.64813720051032397 0 0
24 1 58 1 88 122 30 94 1 0.64813720051032397 0 0.64813720051032397 0 0.64813720051032397 0 0
24 1 59 1 88 123 29 93 1 0.64813720051032397 0 0.64813720051032397 0 0.64813720051032397 0 0
24 1 60 1 88 124 28 92 1 0.64813720051032397 0 0.64813720051032397 0 0.64813720051032397 0 0
24 1 61 1 88 125 27 91 1 0.64813720051032397 0 0.64813720051032397 0 0.64813720051032397 0 0
24 1 62 1 88 126 26 90 1 0.64813720051032397 0 0.64813720051032397 0 0.64813720051032397 0 0
24 1 63 1 88 127 25 89 1 0.64813720051032397 0 0.64813720051032397 0 0.64813720051032397 0 0
25 1 26 1 89 90 1 65 1 0.64813720051032397 0 0.64813720051032397 0 0.64813720051032397 0 0
25 1 27 1 89 91 2 66 1 0.64813720051032397 0 0.64813720051032397 0 0.64813720051032397 0 0
25 1 28 1 89 92 3 67 1 0.64813720051032397 0 0.64813720051032397 0 0.64813720051032397 0 0
25 1 29 1 89 93 4 68 1 0.64813720051032397 0 0.64813720051032397 0 0.64813720051032397 0 0
25 1 30 1 89 94 5 69 1 0.64813720051032397 0 0.64813720051032397 0 0.64813720051032397 0 0
25 1 31 1 89 95 6 70 1 0.64813720051032397 0 0.64813720051032397 0 0.64813720051032397 0 0
25 1 32 1 89 96 7 71 1 0.64813720051032397 0 0.64813720051032397 0 0.64813720051032397 0 0
25 1 33 1 89 97 8 72 1 0.64813720051032397 0 0.64813720051032397 0 0.64813720051032397 0 0
25 1 34 1 89 98 9 73 1 0.64813720051032397 0 0.64813720051032397 0 0.64813720051032397 0 0
25 1 35 1 89 99 10 74 1 0.64813720051032397 0 0.64813720051032397 0 0.64813720051032397 0 0
25 1 36 1 89 100 11 75 1 0.64813720051032397 0 0.64813720051032397 0 0.64813720051032397 0 0
25 1 37 1 89 101 12 76 1 0.64813720051032397 0 0.64813720051032397 0 0.64813720051032397 0 0
25 1 38 1 89 102 13 77 1 0.64813720051032397 0 0.64813720051032397 0 0.64813720051032397 0 0
25 1 39 1 89 103 14 78 1 0.64813720051032397 0 0.64813720051032397 0 0.64813720051032397 0 0
25 1 40 1 89 104 15 79 1 0.64813720051032397 0 0.64813720051032397 0 0.64813720051032397 0 0
25 1 41 1 89 105 16 80 1 0.64813720051032397 0 0.64813720051032397 0 0.64813720051032397 0 0
25 1 42 1 89 106 17 81 1 0.64813720051032397 0 0.64813720051032397 0 0.64813720051032397 0 0
25 1 43 1 89 107 18 82 1 0.64813720051032397 0 0.64813720051032397 0 0.64813720051032397 0 0
25 1 44 1 89 108 19 83 1 0.64813720051032397 0 0.64813720051032397 0 0.64813720051032397 0 0
25 1 45 1 89 109 20 84 1 0.64813720051032397 0 0.64813720051032397 0 0.64813720051032397 0 0
25 1 46 1 89 110 21 85 1 0.64813720051032397 0 0.64813720051032397 0 0.64813720051032397 0 0
25 1 47 1 89 111 22 86 1 0.64813720051032397 0 0.64813720051032397 0 0.64813720051032397 0 0
25 1 48 1 89 112 23 87 1 0.64813720051032397 0 0.64813720051032397 0 0.64813720051032397 0 0
25 1 49 1 89 113 24 88 1 0.64813720051032397 0 0.64813720051032397 0 0.64813720051032397 0 0
25 1 50 1 89 114 25 89 1 0.64813720051032397 0 0.64813720051032397 0 0.64813720051032397 0 0
25 1 51 1 89 115 26 90 1 0.64813720051032397 0 0.64813720051032397 0 0.64813720051032397 0 0
25 1 52 1 89 116 27 91 1 0.64813720051032397 0 0.64813720051032397 0 0.64813720051032397 0 0
25 1 53 1 89 117 28 92 1 0.64813720051032397 0 0.64813720051032397 0 0.64813720051032397 0 0
25 1 54 1 89 118 29 93 1 0.64813720051032397 0 0.64813720051032397 0 0.64813720051032397 0 0
25 1 55 1 89 119 30 94 1 0.64813720051032397 0 0.64813720051032397 0 0.64813720051032397 0 0
25 1 56 1 89 120 31 95 1 0.64813720051032397 0 0.64813720051032397 0 0.64813720051032397 0 0
25 1 57 1 89 121 32 96 1 0.64813720051032397 0 0.64813720051032397 0 0.64813720051032397 0 0
25 1 58 1 89 122 31 95 1 0.64813720051032397 0 0.64813720051032397 0 0.64813720051032397 0 0
25 1 59 1 89 123 30 94 1 0.64813720051032397 0 0.64813720051032397 0 0.64813720051032397 0 0
25 1 60 1 89 124 29 93 1 0.64813720051032397 0 0.64813720051032397 0 0.64813720051032397 0 0
25 1 61 1 89 125 28 92 1 0.64813720051032397 0 0.64813720051032397 0 0.64813720051032397 0 0
25 1 62 1 89 126 27 91 1 0.64813720051032397 0 0.64813720051032397 0 0.64813720051032397 0 0
25 1 63 1 89 127 26 90 1 0.64813720051032397 0 0.64813720051032397 0 0.64813720051032397 0 0
26 1 27 1 90 91 1 65 1 0.64813720051032397 0 0.64813720051032397 0 0.64813720051032397 0 0
26 1 28 1 90 92 2 66 1 0.64813720051032397 0 0.64813720051032397 0 0.64813720051032397 0 0
26 1 29 1 90 93 3 67 1 0.64813720051032397 0 0.64813720051032397 0 0.64813720051032397 0 0
26 1 30 1 90 94 4 68 1 0.64813720051032397 0 0.64813720051032397 0 0.64813720051032397 0 0
26 1 31 1 90 95 5 69 1 0.64813720051032397 0 0.64813720051032397 0 0.64813720051032397 0 0
26 1 32 1 90 96 6 70 1 0.64813720051032397 0 0.64813720051032397 0 0.64813720051032397 0 0
26 1 33 1 90 97 7 71 1 0.64813720051032397 0 0.64813720051032397 0 0.64813720051032397 0 0
26 1 34 1 90 98 8 72 1 0.64813720051032397 0 0.64813720051032397 0 0.64813720051032397 0 0
26 1 35 1 90 99 9 73 1 0.64813720051032397 0 0.64813720051032397 0 0.64813720051032397 0 0
26 1 36 1 90 100 10 74 1 0.64813720051032397 0 0.64813720051032397 0 0.64813720051032397 0 0
26 1 37 1 90 101 11 75 1 0.64813720051032397 0 0.64813720051032397 0 0.64813720051032397 0 0
26 1 38 1 90 102 12 76 1 0.64813720051032397 0 0.64813720051032397 0 0.64813720051032397 0 0
26 1 39 1 90 103 13 77 1 0.64813720051032397 0 0.64813720051032397 0 0.64813720051032397 0 0
26 1 40 1 90 104 14 78 1 0.64813720051032397 0 0.64813720051032397 0 0.64813720051032397 0 0
26 1 41 1 90 105 15 79 1 0.64813720051032397 0 0.64813720051032397 0 0.64813720051032397 0 0
26 1 42 1 90 106 16 80 1 0.64813720051032397 0 0.64813720051032397 0 0.64813720051032397 0 0
26 1 43 1 90 107 17 81 1 0.64813720051032397 0 0.64813720051032397 0 0.64813720051032397 0 0
26 1 44 1 90 108 18 82 1 0.64813720051032397 0 0.64813720051032397 0 0.64813720051032397 0 0
26 1 45 1 90 109 19 83 1 0.64813720051032397 0 0.64813720051032397 0 0.64813720051032397 0 0
26 1 46 1 90 110 20 84 1 0.64813720051032397 0 0.64813720051032397 0 0.64813720051032397 0 0
26 1 47 1 90 111 21 85 1 0.64813720051032397 0 0.64813720051032397 0 0.64813720051032397 0 0
26 1 48 1 90 112 22 86 1 0.64813720051032397 0 0.64813720051032397 0 0.64813720051032397 0 0
26 1 49 1 90 113 23 87 1 0.64813720051032397 0 0.64813720051032397 0 0.64813720051032397 0 0
26 1 50 1 90 114 24 88 1 0.64813720051032397 0 0.64813720051032397 0 0.64813720051032397 0 0
26 1 51 1 90 115 25 89 1 0.64813720051032397 0 0.64813720051032397 0 0.64813720051032397 0 0
26 1 52 1 90 116 26 90 1 0.64813720051032397 0 0.64813720051032397 0 0.64813720051032397 0 0
26 1 53 1 90 117 27 91 1 0.64813720051032397 0 0.64813720051032397 0 0.64813720051032397 0 0
26 1 54 1 90 118 28 92 1 0.64813720051032397 0 0.64813720051032397 0 0.64813720051032397 0 0
26 1 55 1 90 119 29 93 1 0.64813720051032397 0 0.64813720051032397 0 0.64813720051032397 0 0
26 1 56 1 90 120 30 94 1 0.64813720051032397 0 0.64813720051032397 0 0.64813720051032397 0 0
26 1 57 1 90 121 31 95 1 0.64813720051032397 0 0.64813720051032397 0 0.64813720051032397 0 0
26 1 58 1 90 122 32 96 1 0.64813720051032397 0 0.64813720051032397 0 0.64813720051032397 0 0
26 1 59 1 90 123 31 95 1 0.64813720051032397 0 0.64813720051032397 0 0.64813720051032397 0 0
26 1 60 1 90 124 30 94 1 0.64813720051032397 0 0.64813720051032397 0 0.64813720051032397 0 0
26 1 61 1 90 125 29 93 1 0.64813720051032397 0 0.64813720051032397 0 0.64813720051032397 0 0
26 1 62 1 90 126 28 92 1 0.64813720051032397 0 0.64813720051032397 0 0.64813720051032397 0 0
26 1 63 1 90 127 27 91 1 0.64813720051032397 0 0.64813720051032397 0 0.64813720051032397 0 0
27 1 28 1 91 92 1 65 1 0.64813720051032397 0 0.64813720051032397 0 0.64813720051032397 0 0
27 1 29 1 91 93 2 66 1 0.64813720051032397 0 0.64813720051032397 0 0.64813720051032397 0 0
27 1 30 1 91 94 3 67 1 0.64813720051032397 0 0.64813720051032397 0 0.64813720051032397 0 0
27 1 31 1 91 95 4 68 1 0.64813720051032397 0 0.64813720051032397 0 0.64813720051032397 0 0
27 1 32 1 91 96 5 69 1 0.64813720051032397 0 0.64813720051032397 0 0.64813720051032397 0 0
27 1 33 1 91 97 6 70 1 0.64813720051032397 0 0.64813720051032397 0 0.64813720051032397 0 0
27 1 34 1 91 98 7 71 1 0.64813720051032397 0 0.64813720051032397 0 0.64813720051032397 0 0
27 1 35 1 91 99 8 72 1 0.64813720051032397 0 0.64813720051032397 0 0.64813720051032397 0 0
27 1 36 1 91 100 9 73 1 0.64813720051032397 0 0.64813720051032397 0 0.64813720051032397 0 0
27 1 37 1 91 101 10 74 1 0.64813720051032397 0 0.64813720051032397 0 0.64813720051032397 0 0
27 1 38 1 91 102 11 75 1 0.64813720051032397 0 0.64813720051032397 0 0.64813720051032397 0 0
27 1 39 1 91 103 12 76 1 0.64813720051032397 0 0.64813720051032397 0 0.64813720051032397 0 0
27 1 40 1 91 104 13 77 1 0.64813720051032397 0 0.64813720051032397 0 0.64813720051032397 0 0
27 1 41 1 91 105 14 78 1 0.64813720051032397 0 0.64813720051032397 0 0.64813720051032397 0 0
27 1 42 1 91 106 15 79 1 0.64813720051032397 0 0.64813720051032397 0 0.64813720051032397 0 0
27 1 43 1 91 107 16 80 1 0.64813720051032397 0 0.64813720051032397 0 0.64813720051032397 0 0
27 1 44 1 91 108 17 81 1 0.64813720051032397 0 0.64813720051032397 0 0.64813720051032397 0 0
27 1 45 1 91 109 18 82 1 0.64813720051032397 0 0.64813720051032397 0 0.64813720051032397 0 0
27 1 46 1 91 110 19 83 1 0.64813720051032397 0 0.64813720051032397 0 0.64813720051032397 0 0
27 1 47 1 91 111 20 84 1 0.64813720051032397 0 0.64813720051032397 0 0.64813720051032397 0 0
27 1 48 1 91 112 21 85 1 0.64813720051032397 0 0.64813720051032397 0 0.64813720051032397 0 0
27 1 49 1 91 113 22 86 1 0.64813720051032397 0 0.64813720051032397 0 0.64813720051032397 0 0
27 1 50 1 91 114 23 87 1 0.64813720051032397 0 0.64813720051032397 0 0.64813720051032397 0 0
27 1 51 1 91 115 24 88 1 0.64813720051032397 0 0.64813720051032397 0 0.64813720051032397 0 0
27 1 52 1 91 116 25 89 1 0.64813720051032397 0 0.64813720051032397 0 0.64813720051032397 0 0
27 1 53 1 91 117 26 90 1 0.64813720051032397 0 0.64813720051032397 0 0.64813720051032397 0 0
27 1 54 1 91 118 27 91 1 0.64813720051032397 0 0.64813720051032397 0 0.64813720051032397 0 0
27 1 55 1 91 119 28 92 1 0.64813720051032397 0 0.64813720051032397 0 0.64813720051032397 0 0
27 1 56 1 91 120 29 93 1 0.64813720051032397 0 0.64813720051032397 0 0.64813720051032397 0 0
27 1 57 1 91 121 30 94 1 0.64813720051032397 0 0.64813720051032397 0 0.64813720051032397 0 0
27 1 58 1 91 122 31 95 1 0.64813720051032397 0 0.64813720051032397 0 0.64813720051032397 0 0
27 1 59 1 91 123 32 96 1 0.64813720051032397 0 0.64813720051032397 0 0.64813720051032397 0 0
27 1 60 1 91 124 31 95 1 0.64813720051032397 0 0.64813720051032397 0 0.64813720051032397 0 0
27 1 61 1 91 125 30 94 1 0.64813720051032397 0 0.64813720051032397 0 0.64813720051032397 0 0
27 1 62 1 91 126 29 93 1 0.64813720051032397 0 0.64813720051032397 0 0.64813720051032397 0 0
27 1 63 1 91 127 28 92 1 0.64813720051032397 0 0.64813720051032397 0 0.64813720051032397 0 0
28 1 29 1 92 93 1 65 1 0.64813720051032397 0 0.64813720051032397 0 0.64813720051032397 0 0
28 1 30 1 92 94 2 66 1 0.64813720051032397 0 0.64813720051032397 0 0.64813720051032397 0 0
28 1 31 1 92 95 3 67 1 0.64813720051032397 0 0.64813720051032397 0 0.64813720051032397 0 0
28 1 32 1 92 96 4 68 1 0.64813720051032397 0 0.64813720051032397 0 0.64813720051032397 0 0
28 1 33 1 92 97 5 69 1 0.64813720051032397 0 0.64813720051032397 0 0.64813720051032397 0 0
28 1 34 1 92 98 6 70 1 0.64813720051032397 0 0.64813720051032397 0 0.64813720051032397 0 0
28 1 35 1 92 99 7 71 1 0.64813720051032397 0 0.64813720051032397 0 0.64813720051032397 0 0
28 1 36 1 92 100 8 72 1 0.64813720051032397 0 0.64813720051032397 0 0.64813720051032397 0 0
28 1 37 1 92 101 9 73 1 0.64813720051032397 0 0.64813720051032397 0 0.64813720051032397 0 0
28 1 38 1 92 102 10 74 1 0.64813720051032397 0 0.64813720051032397 0 0.64813720051032397 0 0
28 1 39 1 92 103 11 75 1 0.64813720051032397 0 0.64813720051032397 0 0.64813720051032397 0 0
28 1 40 1 92 104 12 76 1 0.64813720051032397 0 0.64813720051032397 0 0.64813720051032397 0 0
28 1 41 1 92 105 13 77 1 0.64813720051032397 0 0.64813720051032397 0 0.64813720051032397 0 0
28 1 42 1 92 106 14 78 1 0.64813720051032397 0 0.64813720051032397 0 0.64813720051032397 0 0
28 1 43 1 92 107 15 79 1 0.64813720051032397 0 0.64813720051032397 0 0.64813720051032397 0 0
28 1 44 1 92 108 16 80 1 0.64813720051032397 0 0.64813720051032397 0 0.64813720051032397 0 0
28 1 45 1 92 109 17 81 1 0.64813720051032397 0 0.64813720051032397 0 0.64813720051032397 0 0
28 1 46 1 92 110 18 82 1 0.64813720051032397 0 0.64813720051032397 0 0.64813720051032397 0 0
28 1 47 1 92 111 19 83 1 0.64813720051032397 0 0.64813720051032397 0 0.64813720051032397 0 0
28 1 48 1 92 112 20 84 1 0.64813720051032397 0 0.64813720051032397 0 0.64813720051032397 0 0
28 1 49 1 92 113 21 85 1 0.64813720051032397 0 0.64813720051032397 0 0.64813720051032397 0 0
28 1 50 1 92 114 22 86 1 0.64813720051032397 0 0.64813720051032397 0 0.64813720051032397 0 0
28 1 51 1 92 115 23 87 1 0.64813720051032397 0 0.64813720051032397 0 0.64813720051032397 0 0
28 1 52 1 92 116 24 88 1 0.64813720051032397 0 0.64813720051032397 0 0.64813720051032397 0 0
28 1 53 1 92 117 25 89 1 0.64813720051032397 0 0.64813720051032397 0 0.64813720051032397 0 0
28 1 54 1 92 118 26 90 1 0.64813720051032397 0 0.64813720051032397 0 0.64813720051032397 0 0
28 1 55 1 92 119 27 91 1 0.64813720051032397 0 0.64813720051032397 0 0.64813720051032397 0 0
28 1 56 1 92 120 28 92 1 0.64813720051032397 0 0.64813720051032397 0 0.64813720051032397 0 0
28 1 57 1 92 121 29 93 1 0.64813720051032397 0 0.64813720051032397 0 0.64813720051032397 0 0
28 1 58 1 92 122 30 94 1 0.64813720051032397 0 0.64813720051032397 0 0.64813720051032397 0 0
28 1 59 1 92 123 31 95 1 0.64813720051032397 0 0.64813720051032397 0 0.64813720051032397 0 0
28 1 60 1 92 124 32 96 1 0.64813720051032397 0 0.64813720051032397 0 0.64813720051032397 0 0
28 1 61 1 92 125 31 95 1 0.64813720051032397 0 0.64813720051032397 0 0.64813720051032397 0 0
28 1 62 1 92 126 30 94 1 0.64813720051032397 0 0.64813720051032397 0 0.64813720051032397 0 0
28 1 63 1 92 127 29 93 1 0.64813720051032397 0 0.64813720051032397 0 0.64813720051032397 0 0
29 1 30 1 93 94 1 65 1 0.64813720051032397 0 0.64813720051032397 0 0.64813720051032397 0 0
29 1 31 1 93 95 2 66 1 0.64813720051032397 0 0.64813720051032397 0 0.64813720051032397 0 0
29 1 32 1 93 96 3 67 1 0.64813720051032397 0 0.64813720051032397 0 0.64813720051032397 0 0
29 1 33 1 93 97 4 68 1 0.64813720051032397 0 0.64813720051032397 0 0.64813720051032397 0 0
29 1 34 1 93 98 5 69 1 0.64813720051032397 0 0.64813720051032397 0 0.64813720051032397 0 0
29 1 35 1 93 99 6 70 1 0.64813720051032397 0 0.64813720051032397 0 0.64813720051032397 0 0
29 1 36 1 93 100 7 71 1 0.64813720051032397 0 0.64813720051032397 0 0.64813720051032397 0 0
29 1 37 1 93 101 8 72 1 0.64813720051032397 0 0.64813720051032397 0 0.64813720051032397 0 0
29 1 38 1 93 102 9 73 1 0.64813720051032397 0 0.64813720051032397 0 0.64813720051032397 0 0
29 1 39 1 93 103 10 74 1 0.64813720051032397 0 0.64813720051032397 0 0.64813720051032397 0 0
29 1 40 1 93 104 11 75 1 0.64813720051032397 0 0.64813720051032397 0 0.64813720051032397 0 0
29 1 41 1 93 105 12 76 1 0.64813720051032397 0 0.64813720051032397 0 0.64813720051032397 0 0
29 1 42 1 93 106 13 77 1 0.64813720051032397 0 0.64813720051032397 0 0.64813720051032397 0 0
29 1 43 1 93 107 14 78 1 0.64813720051032397 0 0.64813720051032397 0 0.64813720051032397 0 0
29 1 44 1 93 108 15 79 1 0.64813720051032397 0 0.64813720051032397 0 0.64813720051032397 0 0
29 1 45 1 93 109 16 80 1 0.64813720051032397 0 0.64813720051032397 0 0.64813720051032397 0 0
29 1 46 1 93 110 17 81 1 0.64813720051032397 0 0.64813720051032397 0 0.64813720051032397 0 0
29 1 47 1 93 111 18 82 1 0.64813720051032397 0 0.64813720051032397 0 0.64813720051032397 0 0
29 1 48 1 93 112 19 83 1 0.64813720051032397 0 0.64813720051032397 0 0.64813720051032397 0 0
29 1 49 1 93 113 20 84 1 0.64813720051032397 0 0.64813720051032397 0 0.64813720051032397 0 0
29 1 50 1 93 114 21 85 1 0.64813720051032397 0 0.64813720051032397 0 0.64813720051032397 0 0
29 1 51 1 93 115 22 86 1 0.64813720051032397 0 0.64813720051032397 0 0.64813720051032397 0 0
29 1 52 1 93 116 23 87 1 0.64813720051032397 0 0.64813720051032397 0 0.64813720051032397 0 0
29 1 53 1 93 117 24 88 1 0.64813720051032397 0 0.64813720051032397 0 0.64813720051032397 0 0
29 1 54 1 93 118 25 89 1 0.64813720051032397 0 0.64813720051032397 0 0.64813720051032397 0 0
29 1 55 1 93 119 26 90 1 0.64813720051032397 0 0.64813720051032397 0 0.64813720051032397 0 0
29 1 56 1 93 120 27 91 1 0.64813720051032397 0 0.64813720051032397 0 0.64813720051032397 0 0
29 1 57 1 93 121 28 92 1 0.64813720051032397 0 0.64813720051032397 0 0.64813720051032397 0 0
29 1 58 1 93 122 29 93 1 0.64813720051032397 0 0.64813720051032397 0 0.64813720051032397 0 0
29 1 59 1 93 123 30 94 1 0.64813720051032397 0 0.64813720051032397 0 0.64813720051032397 0 0
29 1 60 1 93 124 31 95 1 0.64813720051032397 0 0.64813720051032397 0 0.64813720051032397 0 0
29 1 61 1 93 125 32 96 1 0.64813720051032397 0 0.64813720051032397 0 0.64813720051032397 0 0
29 1 62 1 93 126 31 95 1 0.64813720051032397 0 0.64813720051032397 0 0.64813720051032397 0 0
29 1 63 1 93 127 30 94 1 0.64813720051032397 0 0.64813720051032397 0 0.64813720051032397 0 0
30 1 31 1 94 95 1 65 1 0.64813720051032397 0 0.64813720051032397 0 0.64813720051032397 0 0
30 1 32 1 94 96 2 66 1 0.64813720051032397 0 0.64813720051032397 0 0.64813720051032397 0 0
30 1 33 1 94 97 3 67 1 0.64813720051032397 0 0.64813720051032397 0 0.64813720051032397 0 0
30 1 34 1 94 98 4 68 1 0.64813720051032397 0 0.64813720051032397 0 0.64813720051032397 0 0
30 1 35 1 94 99 5 69 1 0.64813720051032397 0 0.64813720051032397 0 0.64813720051032397 0 0
30 1 36 1 94 100 6 70 1 0.64813720051032397 0 0.64813720051032397 0 0.64813720051032397 0 0
30 1 37 1 94 101 7 71 1 0.64813720051032397 0 0.64813720051032397 0 0.64813720051032397 0 0
30 1 38 1 94 102 8 72 1 0.64813720051032397 0 0.64813720051032397 0 0.64813720051032397 0 0
30 1 39 1 94 103 9 73 1 0.64813720051032397 0 0.64813720051032397 0 0.64813720051032397 0 0
30 1 40 1 94 104 10 74 1 0.64813720051032397 0 0.64813720051032397 0 0.64813720051032397 0 0
30 1 41 1 94 105 11 75 1 0.64813720051032397 0 0.64813720051032397 0 0.64813720051032397 0 0
30 1 42 1 94 106 12 76 1 0.64813720051032397 0 0.64813720051032397 0 0.64813720051032397 0 0
30 1 43 1 94 107 13 77 1 0.64813720051032397 0 0.64813720051032397 0 0.64813720051032397 0 0
30 1 44 1 94 108 14 78 1 0.64813720051032397 0 0.64813720051032397 0 0.64813720051032397 0 0
30 1 45 1 94 109 15 79 1 0.64813720051032397 0 0.64813720051032397 0 0.64813720051032397 0 0
30 1 46 1 94 110 16 80 1 0.64813720051032397 0 0.64813720051032397 0 0.64813720051032397 0 0
30 1 47 1 94 111 17 81 1 0.64813720051032397 0 0.64813720051032397 0 0.64813720051032397 0 0
30 1 48 1 94 112 18 82 1 0.64813720051032397 0 0.64813720051032397 0 0.64813720051032397 0 0
30 1 49 1 94 113 19 83 1 0.64813720051032397 0 0.64813720051032397 0 0.64813720051032397 0 0
30 1 50 1 94 114 20 84 1 0.64813720051032397 0 0.64813720051032397 0 0.64813720051032397 0 0
30 1 51 1 94 115 21 85 1 0.64813720051032397 0 0.64813720051032397 0 0.64813720051032397 0 0
30 1 52 1 94 116 22 86 1 0.64813720051032397 0 0.64813720051032397 0 0.64813720051032397 0 0
30 1 53 1 94 117 23 87 1 0.64813720051032397 0 0.64813720051032397 0 0.64813720051032397 0 0
30 1 54 1 94 118 24 88 1 0.64813720051032397 0 0.64813720051032397 0 0.64813720051032397 0 0
30 1 55 1 94 119 25 89 1 0.64813720051032397 0 0.64813720051032397 0 0.64813720051032397 0 0
30 1 56 1 94 120 26 90 1 0.64813720051032397 0 0.64813720051032397 0 0.64813720051032397 0 0
30 1 57 1 94 121 27 91 1 0.64813720051032397 0 0.64813720051032397 0 0.64813720051032397 0 0
30 1 58 1 94 122 28 92 1 0.64813720051032397 0 0.64813720051032397 0 0.64813720051032397 0 0
30 1 59 1 94 123 29 93 1 0.64813720051032397 0 0.64813720051032397 0 0.64813720051032397 0 0
30 1 60 1 94 124 30 94 1 0.64813720051032397 0 0.64813720051032397 0 0.64813720051032397 0 0
30 1 61 1 94 125 31 95 1 0.64813720051032397 0 0.64813720051032397 0 0.64813720051032397 0 0
30 1 62 1 94 126 32 96 1 0.64813720051032397 0 0.64813720051032397 0 0.64813720051032397 0 0
30 1 63 1 94 127 31 95 1 0.64813720051032397 0 0.64813720051032397 0 0.64813720051032397 0 0
31 1 32 1 95 96 1 65 1 0.64813720051032397 0 0.64813720051032397 0 0.64813720051032397 0 0
31 1 33 1 95 97 2 66 1 0.64813720051032397 0 0.64813720051032397 0 0.64813720051032397 0 0
31 1 34 1 95 98 3 67 1 0.64813720051032397 0 0.64813720051032397 0 0.64813720051032397 0 0
31 1 35 1 95 99 4 68 1 0.64813720051032397 0 0.64813720051032397 0 0.64813720051032397 0 0
31 1 36 1 95 100 5 69 1 0.64813720051032397 0 0.64813720051032397 0 0.64813720051032397 0 0
31 1 37 1 95 101 6 70 1 0.64813720051032397 0 0.64813720051032397 0 0.64813720051032397 0 0
31 1 38 1 95 102 7 71 1 0.64813720051032397 0 0.64813720051032397 0 0.64813720051032397 0 0
31 1 39 1 95 103 8 72 1 0.64813720051032397 0 0.64813720051032397 0 0.64813720051032397 0 0
31 1 40 1 95 104 9 73 1 0.64813720051032397 0 0.64813720051032397 0 0.64813720051032397 0 0
31 1 41 1 95 105 10 74 1 0.64813720051032397 0 0.64813720051032397 0 0.64813720051032397 0 0
31 1 42 1 95 106 11 75 1 0.64813720051032397 0 0.64813720051032397 0 0.64813720051032397 0 0
31 1 43 1 95 107 12 76 1 0.64813720051032397 0 0.64813720051032397 0 0.64813720051032397 0 0
31 1 44 1 95 108 13 77 1 0.64813720051032397 0 0.64813720051032397 0 0.64813720051032397 0 0
31 1 45 1 95 109 14 78 1 0.64813720051032397 0 0.64813720051032397 0 0.64813720051032397 0 0
31 1 46 1 95 110 15 79 1 0.64813720051032397 0 0.64813720051032397 0 0.64813720051032397 0 0
31 1 47 1 95 111 16 80 1 0.64813720051032397 0 0.64813720051032397 0 0.64813720051032397 0 0
31 1 48 1 95 112 17 81 1 0.64813720051032397 0 0.64813720051032397 0 0.64813720051032397 0 0
31 1 49 1 95 113 18 82 1 0.64813720051032397 0 0.64813720051032397 0 0.64813720051032397 0 0
31 1 50 1 95 114 19 83 1 0.64813720051032397 0 0.64813720051032397 0 0.64813720051032397 0 0
31 1 51 1 95 115 20 84 1 0.64813720051032397 0 0.64813720051032397 0 0.64813720051032397 0 0
31 1 52 1 95 116 21 85 1 0.64813720051032397 0 0.64813720051032397 0 0.64813720051032397 0 0
31 1 53 1 95 117 22 86 1 0.64813720051032397 0 0.64813720051032397 0 0.64813720051032397 0 0
31 1 54 1 95 118 23 87 1 0.64813720051032397 0 0.64813720051032397 0 0.64813720051032397 0 0
31 1 55 1 95 119 24 88 1 0.64813720051032397 0 0.64813720051032397 0 0.64813720051032397 0 0
31 1 56 1 95 120 25 89 1 0.64813720051032397 0 0.64813720051032397 0 0.64813720051032397 0 0
31 1 57 1 95 121 26 90 1 0.64813720051032397 0 0.64813720051032397 0 0.64813720051032397 0 0
31 1 58 1 95 122 27 91 1 0.64813720051032397 0 0.64813720051032397 0 0.64813720051032397 0 0
31 1 59 1 95 123 28 92 1 0.64813720051032397 0 0.64813720051032397 0 0.64813720051032397 0 0
31 1 60 1 95 124 29 93 1 0.64813720051032397 0 0.64813720051032397 0 0.64813720051032397 0 0
31 1 61 1 95 125 30 94 1 0.64813720051032397 0 0.64813720051032397 0 0.64813720051032397 0 0
31 1 62 1 95 126 31 95 1 0.64813720051032397 0 0.64813720051032397 0 0.64813720051032397 0 0
31 1 63 1 95 127 32 96 1 0.64813720051032397 0 0.64813720051032397 0 0.64813720051032397 0 0
32 1 33 1 96 97 1 65 1 0.64813720051032397 0 0.64813720051032397 0 0.64813720051032397 0 0
32 1 34 1 96 98 2 66 1 0.64813720051032397 0 0.64813720051032397 0 0.64813720051032397 0 0
32 1 35 1 96 99 3 67 1 0.64813720051032397 0 0.64813720051032397 0 0.64813720051032397 0 0
32 1 36 1 96 100 4 68 1 0.64813720051032397 0 0.64813720051032397 0 0.64813720051032397 0 0
32 1 37 1 96 101 5 69 1 0.64813720051032397 0 0.64813720051032397 0 0.64813720051032397 0 0
32 1 38 1 96 102 6 70 1 0.64813720051032397 0 0.64813720051032397 0 0.64813720051032397 0 0
32 1 39 1 96 103 7 71 1 0.64813720051032397 0 0.64813720051032397 0 0.64813720051032397 0 0
32 1 40 1 96 104 8 72 1 0.64813720051032397 0 0.64813720051032397 0 0.64813720051032397 0 0
32 1 41 1 96 105 9 73 1 0.64813720051032397 0 0.64813720051032397 0 0.64813720051032397 0 0
32 1 42 1 96 106 10 74 1 0.64813720051032397 0 0.64813720051032397 0 0.64813720051032397 0 0
32 1 43 1 96 107 11 75 1 0.64813720051032397 0 0.64813720051032397 0 0.64813720051032397 0 0
32 1 44 1 96 108 12 76 1 0.64813720051032397 0 0.64813720051032397 0 0.64813720051032397 0 0
32 1 45 1 96 109 13 77 1 0.64813720051032397 0 0.64813720051032397 0 0.64813720051032397 0 0
32 1 46 1 96 110 14 78 1 0.64813720051032397 0 0.64813720051032397 0 0.64813720051032397 0 0
32 1 47 1 96 111 15 79 1 0.64813720051032397 0 0.64813720051032397 0 0.64813720051032397 0 0
32 1 48 1 96 112 16 80 1 0.64813720051032397 0 0.64813720051032397 0 0.64813720051032397 0 0
32 1 49 1 96 113 17 81 1 0.64813720051032397 0 0.64813720051032397 0 0.64813720051032397 0 0
32 1 50 1 96 114 18 82 1 0.64813720051032397 0 0.64813720051032397 0 0.64813720051032397 0 0
32 1 51 1 96 115 19 83 1 0.64813720051032397 0 0.64813720051032397 0 0.64813720051032397 0 0
32 1 52 1 96 116 20 84 1 0.64813720051032397 0 0.64813720051032397 0 0.64813720051032397 0 0
32 1 53 1 96 117 21 85 1 0.64813720051032397 0 0.64813720051032397 0 0.64813720051032397 0 0
32 1 54 1 96 118 22 86 1 0.64813720051032397 0 0.64813720051032397 0 0.64813720051032397 0 0
32 1 55 1 96 119 23 87 1 0.64813720051032397 0 0.64813720051032397 0 0.64813720051032397 0 0
32 1 56 1 96 120 24 88 1 0.64813720051032397 0 0.64813720051032397 0 0.64813720051032397 0 0
32 1 57 1 96 121 25 89 1 0.64813720051032397 0 0.64813720051032397 0 0.64813720051032397 0 0
32 1 58 1 96 122 26 90 1 0.64813720051032397 0 0.64813720051032397 0 0.64813720051032397 0 0
32 1 59 1 96 123 27 91 1 0.64813720051032397 0 0.64813720051032397 0 0.64813720051032397 0 0
32 1 60 1 96 124 28 92 1 0.64813720051032397 0 0.64813720051032397 0 0.64813720051032397 0 0
32 1 61 1 96 125 29 93 1 0.64813720051032397 0 0.64813720051032397 0 0.64813720051032397 0 0
32 1 62 1 96 126 30 94 1 0.64813720051032397 0 0.64813720051032397 0 0.64813720051032397 0 0
32 1 63 1 96 127 31 95 1 0.64813720051032397 0 0.64813720051032397 0 0.64813720051032397 0 0
33 1 34 1 97 98 1 65 1 0.64813720051032397 0 0.64813720051032397 0 0.64813720051032397 0 0
33 1 35 1 97 99 2 66 1 0.64813720051032397 0 0.64813720051032397 0 0.64813720051032397 0 0
33 1 36 1 97 100 3 67 1 0.64813720051032397 0 0.64813720051032397 0 0.64813720051032397 0 0
33 1 37 1 97 101 4 68 1 0.64813720051032397 0 0.64813720051032397 0 0.64813720051032397 0 0
33 1 38 1 97 102 5 69 1 0.64813720051032397 0 0.64813720051032397 0 0.64813720051032397 0 0
33 1 39 1 97 103 6 70 1 0.64813720051032397 0 0.64813720051032397 0 0.64813720051032397 0 0
33 1 40 1 97 104 7 71 1 0.64813720051032397 0 0.64813720051032397 0 0.64813720051032397 0 0
33 1 41 1 97 105 8 72 1 0.64813720051032397 0 0.64813720051032397 0 0.64813720051032397 0 0
33 1 42 1 97 106 9 73 1 0.64813720051032397 0 0.64813720051032397 0 0.64813720051032397 0 0
33 1 43 1 97 107 10 74 1 0.64813720051032397 0 0.64813720051032397 0 0.64813720051032397 0 0
33 1 44 1 97 108 11 75 1 0.64813720051032397 0 0.64813720051032397 0 0.64813720051032397 0 0
33 1 45 1 97 109 12 76 1 0.64813720051032397 0 0.64813720051032397 0 0.64813720051032397 0 0
33 1 46 1 97 110 13 77 1 0.64813720051032397 0 0.64813720051032397 0 0.64813720051032397 0 0
33 1 47 1 97 111 14 78 1 0.64813720051032397 0 0.64813720051032397 0 0.64813720051032397 0 0
33 1 48 1 97 112 15 79 1 0.64813720051032397 0 0.64813720051032397 0 0.64813720051032397 0 0
33 1 49 1 97 113 16 80 1 0.64813720051032397 0 0.64813720051032397 0 0.64813720051032397 0 0
33 1 50 1 97 114 17 81 1 0.64813720051032397 0 0.64813720051032397 0 0.64813720051032397 0 0
33 1 51 1 97 115 18 82 1 0.64813720051032397 0 0.64813720051032397 0 0.64813720051032397 0 0
33 1 52 1 97 116 19 83 1 0.64813720051032397 0 0.64813720051032397 0 0.64813720051032397 0 0
33 1 53 1 97 117 20 84 1 0.64813720051032397 0 0.64813720051032397 0 0.64813720051032397 0 0
33 1 54 1 97 118 21 85 1 0.64813720051032397 0 0.64813720051032397 0 0.64813720051032397 0 0
33 1 55 1 97 119 22 86 1 0.64813720051032397 0 0.64813720051032397 0 0.64813720051032397 0 0
33 1 56 1 97 120 23 87 1 0.64813720051032397 0 0.64813720051032397 0 0.64813720051032397 0 0
33 1 57 1 97 121 24 88 1 0.64813720051032397 0 0.64813720051032397 0 0.64813720051032397 0 0
33 1 58 1 97 122 25 89 1 0.64813720051032397 0 0.64813720051032397 0 0.64813720051032397 0 0
33 1 59 1 97 123 26 90 1 0.64813720051032397 0 0.64813720051032397 0 0.64813720051032397 0 0
33 1 60 1 97 124 27 91 1 0.64813720051032397 0 0.64813720051032397 0 0.64813720051032397 0 0
33 1 61 1 97 125 28 92 1 0.64813720051032397 0 0.64813720051032397 0 0.64813720051032397 0 0
33 1 62 1 97 126 29 93 1 0.64813720051032397 0 0.64813720051032397 0 0.64813720051032397 0 0
33 1 63 1 97 127 30 94 1 0.64813720051032397 0 0.64813720051032397 0 0.64813720051032397 0 0
34 1 35 1 98 99 1 65 1 0.64813720051032397 0 0.64813720051032397 0 0.64813720051032397 0 0
34 1 36 1 98 100 2 66 1 0.64813720051032397 0 0.64813720051032397 0 0.64813720051032397 0 0
34 1 37 1 98 101 3 67 1 0.64813720051032397 0 0.64813720051032397 0 0.64813720051032397 0 0
34 1 38 1 98 102 4 68 1 0.64813720051032397 0 0.64813720051032397 0 0.64813720051032397 0 0
34 1 39 1 98 103 5 69 1 0.64813720051032397 0 0.64813720051032397 0 0.64813720051032397 0 0
34 1 40 1 98 104 6 70 1 0.64813720051032397 0 0.64813720051032397 0 0.64813720051032397 0 0
34 1 41 1 98 105 7 71 1 0.64813720051032397 0 0.64813720051032397 0 0.64813720051032397 0 0
34 1 42 1 98 106 8 72 1 0.64813720051032397 0 0.64813720051032397 0 0.64813720051032397 0 0
34 1 43 1 98 107 9 73 1 0.64813720051032397 0 0.64813720051032397 0 0.64813720051032397 0 0
34 1 44 1 98 108 10 74 1 0.64813720051032397 0 0.64813720051032397 0 0.64813720051032397 0 0
34 1 45 1 98 109 11 75 1 0.64813720051032397 0 0.64813720051032397 0 0.64813720051032397 0 0
34 1 46 1 98 110 12 76 1 0.64813720051032397 0 0.64813720051032397 0 0.64813720051032397 0 0
34 1 47 1 98 111 13 77 1 0.64813720051032397 0 0.64813720051032397 0 0.64813720051032397 0 0
34 1 48 1 98 112 14 78 1 0.64813720051032397 0 0.64813720051032397 0 0.64813720051032397 0 0
34 1 49 1 98 113 15 79 1 0.64813720051032397 0 0.64813720051032397 0 0.64813720051032397 0 0
34 1 50 1 98 114 16 80 1 0.64813720051032397 0 0.64813720051032397 0 0.64813720051032397 0 0
34 1 51 1 98 115 17 81 1 0.64813720051032397 0 0.64813720051032397 0 0.64813720051032397 0 0
34 1 52 1 98 116 18 82 1 0.64813720051032397 0 0.64813720051032397 0 0.64813720051032397 0 0
34 1 53 1 98 117 19 83 1 0.64813720051032397 0 0.64813720051032397 0 0.64813720051032397 0 0
34 1 54 1 98 118 20 84 1 0.64813720051032397 0 0.64813720051032397 0 0.64813720051032397 0 0
34 1 55 1 98 119 21 85 1 0.64813720051032397 0 0.64813720051032397 0 0.64813720051032397 0 0
34 1 56 1 98 120 22 86 1 0.64813720051032397 0 0.64813720051032397 0 0.64813720051032397 0 0
34 1 57 1 98 121 23 87 1 0.64813720051032397 0 0.64813720051032397 0 0.64813720051032397 0 0
34 1 58 1 98 122 24 88 1 0.64813720051032397 0 0.64813720051032397 0 0.64813720051032397 0 0
34 1 59 1 98 123 25 89 1 0.64813720051032397 0 0.64813720051032397 0 0.64813720051032397 0 0
34 1 60 1 98 124 26 90 1 0.64813720051032397 0 0.64813720051032397 0 0.64813720051032397 0 0
34 1 61 1 98 125 27 91 1 0.64813720051032397 0 0.64813720051032397 0 0.64813720051032397 0 0
34 1 62 1 98 126 28 92 1 0.64813720051032397 0 0.64813720051032397 0 0.64813720051032397 0 0
34 1 63 1 98 127 29 93 1 0.64813720051032397 0 0.64813720051032397 0 0.64813720051032397 0 0
35 1 36 1 99 100 1 65 1 0.64813720051032397 0 0.64813720051032397 0 0.64813720051032397 0 0
35 1 37 1 99 101 2 66 1 0.64813720051032397 0 0.64813720051032397 0 0.64813720051032397 0 0
35 1 38 1 99 102 3 67 1 0.64813720051032397 0 0.64813720051032397 0 0.64813720051032397 0 0
35 1 39 1 99 103 4 68 1 0.64813720051032397 0 0.64813720051032397 0 0.64813720051032397 0 0
35 1 40 1 99 104 5 69 1 0.64813720051032397 0 0.64813720051032397 0 0.64813720051032397 0 0
35 1 41 1 99 105 6 70 1 0.64813720051032397 0 0.64813720051032397 0 0.64813720051032397 0 0
35 1 42 1 99 106 7 71 1 0.64813720051032397 0 0.64813720051032397 0 0.64813720051032397 0 0
35 1 43 1 99 107 8 72 1 0.64813720051032397 0 0.64813720051032397 0 0.64813720051032397 0 0
35 1 44 1 99 108 9 73 1 0.64813720051032397 0 0.64813720051032397 0 0.64813720051032397 0 0
35 1 45 1 99 109 10 74 1 0.64813720051032397 0 0.64813720051032397 0 0.64813720051032397 0 0
35 1 46 1 99 110 11 75 1 0.64813720051032397 0 0.64813720051032397 0 0.64813720051032397 0 0
35 1 47 1 99 111 12 76 1 0.64813720051032397 0 0.64813720051032397 0 0.64813720051032397 0 0
35 1 48 1 99 112 13 77 1 0.64813720051032397 0 0.64813720051032397 0 0.64813720051032397 0 0
35 1 49 1 99 113 14 78 1 0.64813720051032397 0 0.64813720051032397 0 0.64813720051032397 0 0
35 1 50 1 99 114 15 79 1 0.64813720051032397 0 0.64813720051032397 0 0.64813720051032397 0 0
35 1 51 1 99 115 16 80 1 0.64813720051032397 0 0.64813720051032397 0 0.64813720051032397 0 0
35 1 52 1 99 116 17 81 1 0.64813720051032397 0 0.64813720051032397 0 0.64813720051032397 0 0
35 1 53 1 99 117 18 82 1 0.64813720051032397 0 0.64813720051032397 0 0.64813720051032397 0 0
35 1 54 1 99 118 19 83 1 0.64813720051032397 0 0.64813720051032397 0 0.64813720051032397 0 0
35 1 55 1 99 119 20 84 1 0.64813720051032397 0 0.64813720051032397 0 0.64813720051032397 0 0
35 1 56 1 99 120 21 85 1 0.64813720051032397 0 0.64813720051032397 0 0.64813720051032397 0 0
35 1 57 1 99 121 22 86 1 0.64813720051032397 0 0.64813720051032397 0 0.64813720051032397 0 0
35 1 58 1 99 122 23 87 1 0.64813720051032397 0 0.64813720051032397 0 0.64813720051032397 0 0
35 1 59 1 99 123 24 88 1 0.64813720051032397 0 0.64813720051032397 0 0.64813720051032397 0 0
35 1 60 1 99 124 25 89 1 0.64813720051032397 0 0.64813720051032397 0 0.64813720051032397 0 0
35 1 61 1 99 125 26 90 1 0.64813720051032397 0 0.64813720051032397 0 0.64813720051032397 0 0
35 1 62 1 99 126 27 91 1 0.64813720051032397 0 0.64813720051032397 0 0.64813720051032397 0 0
35 1 63 1 99 127 28 92 1 0.64813720051032397 0 0.64813720051032397 0 0.64813720051032397 0 0
36 1 37 1 100 101 1 65 1 0.64813720051032397 0 0.64813720051032397 0 0.64813720051032397 0 0
36 1 38 1 100 102 2 66 1 0.64813720051032397 0 0.64813720051032397 0 0.64813720051032397 0 0
36 1 39 1 100 103 3 67 1 0.64813720051032397 0 0.64813720051032397 0 0.64813720051032397 0 0
36 1 40 1 100 104 4 68 1 0.64813720051032397 0 0.64813720051032397 0 0.64813720051032397 0 0
36 1 41 1 100 105 5 69 1 0.64813720051032397 0 0.64813720051032397 0 0.64813720051032397 0 0
36 1 42 1 100 106 6 70 1 0.64813720051032397 0 0.64813720051032397 0 0.64813720051032397 0 0
36 1 43 1 100 107 7 71 1 0.64813720051032397 0 0.64813720051032397 0 0.64813720051032397 0 0
36 1 44 1 100 108 8 72 1 0.64813720051032397 0 0.64813720051032397 0 0.64813720051032397 0 0
36 1 45 1 100 109 9 73 1 0.64813720051032397 0 0.64813720051032397 0 0.64813720051032397 0 0
36 1 46 1 100 110 10 74 1 0.64813720051032397 0 0.64813720051032397 0 0.64813720051032397 0 0
36 1 47 1 100 111 11 75 1 0.64813720051032397 0 0.64813720051032397 0 0.64813720051032397 0 0
36 1 48 1 100 112 12 76 1 0.64813720051032397 0 0.64813720051032397 0 0.64813720051032397 0 0
36 1 49 1 100 113 13 77 1 0.64813720051032397 0 0.64813720051032397 0 0.64813720051032397 0 0
36 1 50 1 100 114 14 78 1 0.64813720051032397 0 0.64813720051032397 0 0.64813720051032397 0 0
36 1 51 1 100 115 15 79 1 0.64813720051032397 0 0.64813720051032397 0 0.64813720051032397 0 0
36 1 52 1 100 116 16 80 1 0.64813720051032397 0 0.64813720051032397 0 0.64813720051032397 0 0
36 1 53 1 100 117 17 81 1 0.64813720051032397 0 0.64813720051032397 0 0.64813720051032397 0 0
36 1 54 1 100 118 18 82 1 0.64813720051032397 0 0.64813720051032397 0 0.64813720051032397 0 0
36 1 55 1 100 119 19 83 1 0.64813720051032397 0 0.64813720051032397 0 0.64813720051032397 0 0
36 1 56 1 100 120 20 84 1 0.64813720051032397 0 0.64813720051032397 0 0.64813720051032397 0 0
36 1 57 1 100 121 21 85 1 0.64813720051032397 0 0.64813720051032397 0 0.64813720051032397 0 0
36 1 58 1 100 122 22 86 1 0.64813720051032397 0 0.64813720051032397 0 0.64813720051032397 0 0
36 1 59 1 100 123 23 87 1 0.64813720051032397 0 0.64813720051032397 0 0.64813720051032397 0 0
36 1 60 1 100 124 24 88 1 0.64813720051032397 0 0.64813720051032397 0 0.64813720051032397 0 0
36 1 61 1 100 125 25 89 1 0.64813720051032397 0 0.64813720051032397 0 0.64813720051032397 0 0
36 1 62 1 100 126 26 90 1 0.64813720051032397 0 0.64813720051032397 0 0.64813720051032397 0 0
36 1 63 1 100 127 27 91 1 0.64813720051032397 0 0.64813720051032397 0 0.64813720051032397 0 0
37 1 38 1 101 102 1 65 1 0.64813720051032397 0 0.64813720051032397 0 0.64813720051032397 0 0
37 1 39 1 101 103 2 66 1 0.64813720051032397 0 0.64813720051032397 0 0.64813720051032397 0 0
37 1 40 1 101 104 3 67 1 0.64813720051032397 0 0.64813720051032397 0 0.64813720051032397 0 0
37 1 41 1 101 105 4 68 1 0.64813720051032397 0 0.64813720051032397 0 0.64813720051032397 0 0
37 1 42 1 101 106 5 69 1 0.64813720051032397 0 0.64813720051032397 0 0.64813720051032397 0 0
37 1 43 1 101 107 6 70 1 0.64813720051032397 0 0.64813720051032397 0 0.64813720051032397 0 0
37 1 44 1 101 108 7 71 1 0.64813720051032397 0 0.64813720051032397 0 0.64813720051032397 0 0
37 1 45 1 101 109 8 72 1 0.64813720051032397 0 0.64813720051032397 0 0.64813720051032397 0 0
37 1 46 1 101 110 9 73 1 0.64813720051032397 0 0.64813720051032397 0 0.64813720051032397 0 0
37 1 47 1 101 111 10 74 1 0.64813720051032397 0 0.64813720051032397 0 0.64813720051032397 0 0
37 1 48 1 101 112 11 75 1 0.64813720051032397 0 0.64813720051032397 0 0.64813720051032397 0 0
37 1 49 1 101 113 12 76 1 0.64813720051032397 0 0.64813720051032397 0 0.64813720051032397 0 0
37 1 50 1 101 114 13 77 1 0.64813720051032397 0 0.64813720051032397 0 0.64813720051032397 0 0
37 1 51 1 101 115 14 78 1 0.64813720051032397 0 0.64813720051032397 0 0.64813720051032397 0 0
37 1 52 1 101 116 15 79 1 0.64813720051032397 0 0.64813720051032397 0 0.64813720051032397 0 0
37 1 53 1 101 117 16 80 1 0.64813720051032397 0 0.64813720051032397 0 0.64813720051032397 0 0
37 1 54 1 101 118 17 81 1 0.64813720051032397 0 0.64813720051032397 0 0.64813720051032397 0 0
37 1 55 1 101 119 18 82 1 0.64813720051032397 0 0.64813720051032397 0 0.64813720051032397 0 0
37 1 56 1 101 120 19 83 1 0.64813720051032397 0 0.64813720051032397 0 0.64813720051032397 0 0
37 1 57 1 101 121 20 84 1 0.64813720051032397 0 0.64813720051032397 0 0.64813720051032397 0 0
37 1 58 1 101 122 21 85 1 0.64813720051032397 0 0.64813720051032397 0 0.64813720051032397 0 0
37 1 59 1 101 123 22 86 1 0.64813720051032397 0 0.64813720051032397 0 0.64813720051032397 0 0
37 1 60 1 101 124 23 87 1 0.64813720051032397 0 0.64813720051032397 0 0.64813720051032397 0 0
37 1 61 1 101 125 24 88 1 0.64813720051032397 0 0.64813720051032397 0 0.64813720051032397 0 0
37 1 62 1 101 126 25 89 1 0.64813720051032397 0 0.64813720051032397 0 0.64813720051032397 0 0
37 1 63 1 101 127 26 90 1 0.64813720051032397 0 0.64813720051032397 0 0.64813720051032397 0 0
38 1 39 1 102 103 1 65 1 0.64813720051032397 0 0.64813720051032397 0 0.64813720051032397 0 0
38 1 40 1 102 104 2 66 1 0.64813720051032397 0 0.64813720051032397 0 0.64813720051032397 0 0
38 1 41 1 102 105 3 67 1 0.64813720051032397 0 0.64813720051032397 0 0.64813720051032397 0 0
38 1 42 1 102 106 4 68 1 0.64813720051032397 0 0.64813720051032397 0 0.64813720051032397 0 0
38 1 43 1 102 107 5 69 1 0.64813720051032397 0 0.64813720051032397 0 0.64813720051032397 0 0
38 1 44 1 102 108 6 70 1 0.64813720051032397 0 0.64813720051032397 0 0.64813720051032397 0 0
38 1 45 1 102 109 7 71 1 0.64813720051032397 0 0.64813720051032397 0 0.64813720051032397 0 0
38 1 46 1 102 110 8 72 1 0.64813720051032397 0 0.64813720051032397 0 0.64813720051032397 0 0
38 1 47 1 102 111 9 73 1 0.64813720051032397 0 0.64813720051032397 0 0.64813720051032397 0 0
38 1 48 1 102 112 10 74 1 0.64813720051032397 0 0.64813720051032397 0 0.64813720051032397 0 0
38 1 49 1 102 113 11 75 1 0.64813720051032397 0 0.64813720051032397 0 0.64813720051032397 0 0
38 1 50 1 102 114 12 76 1 0.64813720051032397 0 0.64813720051032397 0 0.64813720051032397 0 0
38 1 51 1 102 115 13 77 1 0.64813720051032397 0 0.64813720051032397 0 0.64813720051032397 0 0
38 1 52 1 102 116 14 78 1 0.64813720051032397 0 0.64813720051032397 0 0.64813720051032397 0 0
38 1 53 1 102 117 15 79 1 0.64813720051032397 0 0.64813720051032397 0 0.64813720051032397 0 0
38 1 54 1 102 118 16 80 1 0.64813720051032397 0 0.64813720051032397 0 0.64813720051032397 0 0
38 1 55 1 102 119 17 81 1 0.64813720051032397 0 0.64813720051032397 0 0.64813720051032397 0 0
38 1 56 1 102 120 18 82 1 0.64813720051032397 0 0.64813720051032397 0 0.64813720051032397 0 0
38 1 57 1 102 121 19 83 1 0.64813720051032397 0 0.64813720051032397 0 0.64813720051032397 0 0
38 1 58 1 102 122 20 84 1 0.64813720051032397 0 0.64813720051032397 0 0.64813720051032397 0 0
38 1 59 1 102 123 21 85 1 0.64813720051032397 0 0.64813720051032397 0 0.64813720051032397 0 0
38 1 60 1 102 124 22 86 1 0.64813720051032397 0 0.64813720051032397 0 0.64813720051032397 0 0
38 1 61 1 102 125 23 87 1 0.64813720051032397 0 0.64813720051032397 0 0.64813720051032397 0 0
38 1 62 1 102 126 24 88 1 0.64813720051032397 0 0.64813720051032397 0 0.64813720051032397 0 0
38 1 63 1 102 127 25 89 1 0.64813720051032397 0 0.64813720051032397 0 0.64813720051032397 0 0
39 1 40 1 103 104 1 65 1 0.64813720051032397 0 0.64813720051032397 0 0.64813720051032397 0 0
39 1 41 1 103 105 2 66 1 0.64813720051032397 0 0.64813720051032397 0 0.64813720051032397 0 0
39 1 42 1 103 106 3 67 1 0.64813720051032397 0 0.64813720051032397 0 0.64813720051032397 0 0
39 1 43 1 103 107 4 68 1 0.64813720051032397 0 0.64813720051032397 0 0.64813720051032397 0 0
39 1 44 1 103 108 5 69 1 0.64813720051032397 0 0.64813720051032397 0 0.64813720051032397 0 0
39 1 45 1 103 109 6 70 1 0.64813720051032397 0 0.64813720051032397 0 0.64813720051032397 0 0
39 1 46 1 103 110 7 71 1 0.64813720051032397 0 0.64813720051032397 0 0.64813720051032397 0 0
39 1 47 1 103 111 8 72 1 0.64813720051032397 0 0.64813720051032397 0 0.64813720051032397 0 0
39 1 48 1 103 112 9 73 1 0.64813720051032397 0 0.64813720051032397 0 0.64813720051032397 0 0
39 1 49 1 103 113 10 74 1 0.64813720051032397 0 0.64813720051032397 0 0.64813720051032397 0 0
39 1 50 1 103 114 11 75 1 0.64813720051032397 0 0.64813720051032397 0 0.64813720051032397 0 0
39 1 51 1 103 115 12 76 1 0.64813720051032397 0 0.64813720051032397 0 0.64813720051032397 0 0
39 1 52 1 103 116 13 77 1 0.64813720051032397 0 0.64813720051032397 0 0.64813720051032397 0 0
39 1 53 1 103 117 14 78 1 0.64813720051032397 0 0.64813720051032397 0 0.64813720051032397 0 0
39 1 54 1 103 118 15 79 1 0.64813720051032397 0 0.64813720051032397 0 0.64813720051032397 0 0
39 1 55 1 103 119 16 80 1 0.64813720051032397 0 0.64813720051032397 0 0.64813720051032397 0 0
39 1 56 1 103 120 17 81 1 0.64813720051032397 0 0.64813720051032397 0 0.64813720051032397 0 0
39 1 57 1 103 121 18 82 1 0.64813720051032397 0 0.64813720051032397 0 0.64813720051032397 0 0
39 1 58 1 103 122 19 83 1 0.64813720051032397 0 0.64813720051032397 0 0.64813720051032397 0 0
39 1 59 1 103 123 20 84 1 0.64813720051032397 0 0.64813720051032397 0 0.64813720051032397 0 0
39 1 60 1 103 124 21 85 1 0.64813720051032397 0 0.64813720051032397 0 0.64813720051032397 0 0
39 1 61 1 103 125 22 86 1 0.64813720051032397 0 0.64813720051032397 0 0.64813720051032397 0 0
39 1 62 1 103 126 23 87 1 0.64813720051032397 0 0.64813720051032397 0 0.64813720051032397 0 0
39 1 63 1 103 127 24 88 1 0.64813720051032397 0 0.64813720051032397 0 0.64813720051032397 0 0
40 1 41 1 104 105 1 65 1 0.64813720051032397 0 0.64813720051032397 0 0.64813720051032397 0 0
40 1 42 1 104 106 2 66 1 0.64813720051032397 0 0.64813720051032397 0 0.64813720051032397 0 0
40 1 43 1 104 107 3 67 1 0.64813720051032397 0 0.64813720051032397 0 0.64813720051032397 0 0
40 1 44 1 104 108 4 68 1 0.64813720051032397 0 0.64813720051032397 0 0.64813720051032397 0 0
40 1 45 1 104 109 5 69 1 0.64813720051032397 0 0.64813720051032397 0 0.64813720051032397 0 0
40 1 46 1 104 110 6 70 1 0.64813720051032397 0 0.64813720051032397 0 0.64813720051032397 0 0
40 1 47 1 104 111 7 71 1 0.64813720051032397 0 0.64813720051032397 0 0.64813720051032397 0 0
40 1 48 1 104 112 8 72 1 0.64813720051032397 0 0.64813720051032397 0 0.64813720051032397 0 0
40 1 49 1 104 113 9 73 1 0.64813720051032397 0 0.64813720051032397 0 0.64813720051032397 0 0
40 1 50 1 104 114 10 74 1 0.64813720051032397 0 0.64813720051032397 0 0.64813720051032397 0 0
40 1 51 1 104 115 11 75 1 0.64813720051032397 0 0.64813720051032397 0 0.64813720051032397 0 0
40 1 52 1 104 116 12 76 1 0.64813720051032397 0 0.64813720051032397 0 0.64813720051032397 0 0
40 1 53 1 104 117 13 77 1 0.64813720051032397 0 0.64813720051032397 0 0.64813720051032397 0 0
40 1 54 1 104 118 14 78 1 0.64813720051032397 0 0.64813720051032397 0 0.64813720051032397 0 0
40 1 55 1 104 119 15 79 1 0.64813720051032397 0 0.64813720051032397 0 0.64813720051032397 0 0
40 1 56 1 104 120 16 80 1 0.64813720051032397 0 0.64813720051032397 0 0.64813720051032397 0 0
40 1 57 1 104 121 17 81 1 0.64813720051032397 0 0.64813720051032397 0 0.64813720051032397 0 0
40 1 58 1 104 122 18 82 1 0.64813720051032397 0 0.64813720051032397 0 0.64813720051032397 0 0
40 1 59 1 104 123 19 83 1 0.64813720051032397 0 0.64813720051032397 0 0.64813720051032397 0 0
40 1 60 1 104 124 20 84 1 0.64813720051032397 0 0.64813720051032397 0 0.64813720051032397 0 0
40 1 61 1 104 125 21 85 1 0.64813720051032397 0 0.64813720051032397 0 0.64813720051032397 0 0
40 1 62 1 104 126 22 86 1 0.64813720051032397 0 0.64813720051032397 0 0.64813720051032397 0 0
40 1 63 1 104 127 23 87 1 0.64813720051032397 0 0.64813720051032397 0 0.64813720051032397 0 0
41 1 42 1 105 106 1 65 1 0.64813720051032397 0 0.64813720051032397 0 0.64813720051032397 0 0
41 1 43 1 105 107 2 66 1 0.64813720051032397 0 0.64813720051032397 0 0.64813720051032397 0 0
41 1 44 1 105 108 3 67 1 0.64813720051032397 0 0.64813720051032397 0 0.64813720051032397 0 0
41 1 45 1 105 109 4 68 1 0.64813720051032397 0 0.64813720051032397 0 0.64813720051032397 0 0
41 1 46 1 105 110 5 69 1 0.64813720051032397 0 0.64813720051032397 0 0.64813720051032397 0 0
41 1 47 1 105 111 6 70 1 0.64813720051032397 0 0.64813720051032397 0 0.64813720051032397 0 0
41 1 48 1 105 112 7 71 1 0.64813720051032397 0 0.64813720051032397 0 0.64813720051032397 0 0
41 1 49 1 105 113 8 72 1 0.64813720051032397 0 0.64813720051032397 0 0.64813720051032397 0 0
41 1 50 1 105 114 9 73 1 0.64813720051032397 0 0.64813720051032397 0 0.64813720051032397 0 0
41 1 51 1 105 115 10 74 1 0.64813720051032397 0 0.64813720051032397 0 0.64813720051032397 0 0
41 1 52 1 105 116 11 75 1 0.64813720051032397 0 0.64813720051032397 0 0.64813720051032397 0 0
41 1 53 1 105 117 12 76 1 0.64813720051032397 0 0.64813720051032397 0 0.64813720051032397 0 0
41 1 54 1 105 118 13 77 1 0.64813720051032397 0 0.64813720051032397 0 0.64813720051032397 0 0
41 1 55 1 105 119 14 78 1 0.64813720051032397 0 0.64813720051032397 0 0.64813720051032397 0 0
41 1 56 1 105 120 15 79 1 0.64813720051032397 0 0.64813720051032397 0 0.64813720051032397 0 0
41 1 57 1 105 121 16 80 1 0.64813720051032397 0 0.64813720051032397 0 0.64813720051032397 0 0
41 1 58 1 105 122 17 81 1 0.64813720051032397 0 0.64813720051032397 0 0.64813720051032397 0 0
41 1 59 1 105 123 18 82 1 0.64813720051032397 0 0.64813720051032397 0 0.64813720051032397 0 0
41 1 60 1 105 124 19 83 1 0.64813720051032397 0 0.64813720051032397 0 0.64813720051032397 0 0
41 1 61 1 105 125 20 84 1 0.64813720051032397 0 0.64813720051032397 0 0.64813720051032397 0 0
41 1 62 1 105 126 21 85 1 0.64813720051032397 0 0.64813720051032397 0 0.64813720051032397 0 0
41 1 63 1 105 127 22 86 1 0.64813720051032397 0 0.64813720051032397 0 0.64813720051032397 0 0
42 1 43 1 106 107 1 65 1 0.64813720051032397 0 0.64813720051032397 0 0.64813720051032397 0 0
42 1 44 1 106 108 2 66 1 0.64813720051032397 0 0.64813720051032397 0 0.64813720051032397 0 0
42 1 45 1 106 109 3 67 1 0.64813720051032397 0 0.64813720051032397 0 0.64813720051032397 0 0
42 1 46 1 106 110 4 68 1 0.64813720051032397 0 0.64813720051032397 0 0.64813720051032397 0 0
42 1 47 1 106 111 5 69 1 0.64813720051032397 0 0.64813720051032397 0 0.64813720051032397 0 0
42 1 48 1 106 112 6 70 1 0.64813720051032397 0 0.64813720051032397 0 0.64813720051032397 0 0
42 1 49 1 106 113 7 71 1 0.64813720051032397 0 0.64813720051032397 0 0.64813720051032397 0 0
42 1 50 1 106 114 8 72 1 0.64813720051032397 0 0.64813720051032397 0 0.64813720051032397 0 0
42 1 51 1 106 115 9 73 1 0.64813720051032397 0 0.64813720051032397 0 0.64813720051032397 0 0
42 1 52 1 106 116 10 74 1 0.64813720051032397 0 0.64813720051032397 0 0.64813720051032397 0 0
42 1 53 1 106 117 11 75 1 0.64813720051032397 0 0.64813720051032397 0 0.64813720051032397 0 0
42 1 54 1 106 118 12 76 1 0.64813720051032397 0 0.64813720051032397 0 0.64813720051032397 0 0
42 1 55 1 106 119 13 77 1 0.64813720051032397 0 0.64813720051032397 0 0.64813720051032397 0 0
42 1 56 1 106 120 14 78 1 0.64813720051032397 0 0.64813720051032397 0 0.64813720051032397 0 0
42 1 57 1 106 121 15 79 1 0.64813720051032397 0 0.64813720051032397 0 0.64813720051032397 0 0
42 1 58 1 106 122 16 80 1 0.64813720051032397 0 0.64813720051032397 0 0.64813720051032397 0 0
42 1 59 1 106 123 17 81 1 0.64813720051032397 0 0.64813720051032397 0 0.64813720051032397 0 0
42 1 60 1 106 124 18 82 1 0.64813720051032397 0 0.64813720051032397 0 0.64813720051032397 0 0
42 1 61 1 106 125 19 83 1 0.64813720051032397 0 0.64813720051032397 0 0.64813720051032397 0 0
42 1 62 1 106 126 20 84 1 0.64813720051032397 0 0.64813720051032397 0 0.64813720051032397 0 0
42 1 63 1 106 127 21 85 1 0.64813720051032397 0 0.64813720051032397 0 0.64813720051032397 0 0
43 1 44 1 107 108 1 65 1 0.64813720051032397 0 0.64813720051032397 0 0.64813720051032397 0 0
43 1 45 1 107 109 2 66 1 0.64813720051032397 0 0.64813720051032397 0 0.64813720051032397 0 0
43 1 46 1 107 110 3 67 1 0.64813720051032397 0 0.64813720051032397 0 0.64813720051032397 0 0
43 1 47 1 107 111 4 68 1 0.64813720051032397 0 0.64813720051032397 0 0.64813720051032397 0 0
43 1 48 1 107 112 5 69 1 0.64813720051032397 0 0.64813720051032397 0 0.64813720051032397 0 0
43 1 49 1 107 113 6 70 1 0.64813720051032397 0 0.64813720051032397 0 0.64813720051032397 0 0
43 1 50 1 107 114 7 71 1 0.64813720051032397 0 0.64813720051032397 0 0.64813720051032397 0 0
43 1 51 1 107 115 8 72 1 0.64813720051032397 0 0.64813720051032397 0 0.64813720051032397 0 0
43 1 52 1 107 116 9 73 1 0.64813720051032397 0 0.64813720051032397 0 0.64813720051032397 0 0
43 1 53 1 107 117 10 74 1 0.64813720051032397 0 0.64813720051032397 0 0.64813720051032397 0 0
43 1 54 1 107 118 11 75 1 0.64813720051032397 0 0.64813720051032397 0 0.64813720051032397 0 0
43 1 55 1 107 119 12 76 1 0.64813720051032397 0 0.64813720051032397 0 0.64813720051032397 0 0
43 1 56 1 107 120 13 77 1 0.64813720051032397 0 0.64813720051032397 0 0.64813720051032397 0 0
43 1 57 1 107 121 14 78 1 0.64813720051032397 0 0.64813720051032397 0 0.64813720051032397 0 0
43 1 58 1 107 122 15 79 1 0.64813720051032397 0 0.64813720051032397 0 0.64813720051032397 0 0
43 1 59 1 107 123 16 80 1 0.64813720051032397 0 0.64813720051032397 0 0.64813720051032397 0 0
43 1 60 1 107 124 17 81 1 0.64813720051032397 0 0.64813720051032397 0 0.64813720051032397 0 0
43 1 61 1 107 125 18 82 1 0.64813720051032397 0 0.64813720051032397 0 0.64813720051032397 0 0
43 1 62 1 107 126 19 83 1 0.64813720051032397 0 0.64813720051032397 0 0.64813720051032397 0 0
43 1 63 1 107 127 20 84 1 0.64813720051032397 0 0.64813720051032397 0 0.64813720051032397 0 0
44 1 45 1 108 109 1 65 1 0.64813720051032397 0 0.64813720051032397 0 0.64813720051032397 0 0
44 1 46 1 108 110 2 66 1 0.64813720051032397 0 0.64813720051032397 0 0.64813720051032397 0 0
44 1 47 1 108 111 3 67 1 0.64813720051032397 0 0.64813720051032397 0 0.64813720051032397 0 0
44 1 48 1 108 112 4 68 1 0.64813720051032397 0 0.64813720051032397 0 0.64813720051032397 0 0
44 1 49 1 108 113 5 69 1 0.64813720051032397 0 0.64813720051032397 0 0.64813720051032397 0 0
44 1 50 1 108 114 6 70 1 0.64813720051032397 0 0.64813720051032397 0 0.64813720051032397 0 0
44 1 51 1 108 115 7 71 1 0.64813720051032397 0 0.64813720051032397 0 0.64813720051032397 0 0
44 1 52 1 108 116 8 72 1 0.64813720051032397 0 0.64813720051032397 0 0.64813720051032397 0 0
44 1 53 1 108 117 9 73 1 0.64813720051032397 0 0.64813720051032397 0 0.64813720051032397 0 0
44 1 54 1 108 118 10 74 1 0.64813720051032397 0 0.64813720051032397 0 0.64813720051032397 0 0
44 1 55 1 108 119 11 75 1 0.64813720051032397 0 0.64813720051032397 0 0.64813720051032397 0 0
44 1 56 1 108 120 12 76 1 0.64813720051032397 0 0.64813720051032397 0 0.64813720051032397 0 0
44 1 57 1 108 121 13 77 1 0.64813720051032397 0 0.64813720051032397 0 0.64813720051032397 0 0
44 1 58 1 108 122 14 78 1 0.64813720051032397 0 0.64813720051032397 0 0.64813720051032397 0 0
44 1 59 1 108 123 15 79 1 0.64813720051032397 0 0.64813720051032397 0 0.64813720051032397 0 0
44 1 60 1 108 124 16 80 1 0.64813720051032397 0 0.64813720051032397 0 0.64813720051032397 0 0
44 1 61 1 108 125 17 81 1 0.64813720051032397 0 0.64813720051032397 0 0.64813720051032397 0 0
44 1 62 1 108 126 18 82 1 0.64813720051032397 0 0.64813720051032397 0 0.64813720051032397 0 0
44 1 63 1 108 127 19 83 1 0.64813720051032397 0 0.64813720051032397 0 0.64813720051032397 0 0
45 1 46 1 109 110 1 65 1 0.64813720051032397 0 0.64813720051032397 0 0.64813720051032397 0 0
45 1 47 1 109 111 2 66 1 0.64813720051032397 0 0.64813720051032397 0 0.64813720051032397 0 0
45 1 48 1 109 112 3 67 1 0.64813720051032397 0 0.64813720051032397 0 0.64813720051032397 0 0
45 1 49 1 109 113 4 68 1 0.64813720051032397 0 0.64813720051032397 0 0.64813720051032397 0 0
45 1 50 1 109 114 5 69 1 0.64813720051032397 0 0.64813720051032397 0 0.64813720051032397 0 0
45 1 51 1 109 115 6 70 1 0.64813720051032397 0 0.64813720051032397 0 0.64813720051032397 0 0
45 1 52 1 109 116 7 71 1 0.64813720051032397 0 0.64813720051032397 0 0.64813720051032397 0 0
45 1 53 1 109 117 8 72 1 0.64813720051032397 0 0.64813720051032397 0 0.64813720051032397 0 0
45 1 54 1 109 118 9 73 1 0.64813720051032397 0 0.64813720051032397 0 0.64813720051032397 0 0
45 1 55 1 109 119 10 74 1 0.64813720051032397 0 0.64813720051032397 0 0.64813720051032397 0 0
45 1 56 1 109 120 11 75 1 0.64813720051032397 0 0.64813720051032397 0 0.64813720051032397 0 0
45 1 57 1 109 121 12 76 1 0.64813720051032397 0 0.64813720051032397 0 0.64813720051032397 0 0
45 1 58 1 109 122 13 77 1 0.64813720051032397 0 0.64813720051032397 0 0.64813720051032397 0 0
45 1 59 1 109 123 14 78 1 0.64813720051032397 0 0.64813720051032397 0 0.64813720051032397 0 0
45 1 60 1 109 124 15 79 1 0.64813720051032397 0 0.64813720051032397 0 0.64813720051032397 0 0
45 1 61 1 109 125 16 80 1 0.64813720051032397 0 0.64813720051032397 0 0.64813720051032397 0 0
45 1 62 1 109 126 17 81 1 0.64813720051032397 0 0.64813720051032397 0 0.64813720051032397 0 0
45 1 63 1 109 127 18 82 1 0.64813720051032397 0 0.64813720051032397 0 0.64813720051032397 0 0
46 1 47 1 110 111 1 65 1 0.64813720051032397 0 0.64813720051032397 0 0.64813720051032397 0 0
46 1 48 1 110 112 2 66 1 0.64813720051032397 0 0.64813720051032397 0 0.64813720051032397 0 0
46 1 49 1 110 113 3 67 1 0.64813720051032397 0 0.64813720051032397 0 0.64813720051032397 0 0
46 1 50 1 110 114 4 68 1 0.64813720051032397 0 0.64813720051032397 0 0.64813720051032397 0 0
46 1 51 1 110 115 5 69 1 0.64813720051032397 0 0.64813720051032397 0 0.64813720051032397 0 0
46 1 52 1 110 116 6 70 1 0.64813720051032397 0 0.64813720051032397 0 0.64813720051032397 0 0
46 1 53 1 110 117 7 71 1 0.64813720051032397 0 0.64813720051032397 0 0.64813720051032397 0 0
46 1 54 1 110 118 8 72 1 0.64813720051032397 0 0.64813720051032397 0 0.64813720051032397 0 0
46 1 55 1 110 119 9 73 1 0.64813720051032397 0 0.64813720051032397 0 0.64813720051032397 0 0
46 1 56 1 110 120 10 74 1 0.64813720051032397 0 0.64813720051032397 0 0.64813720051032397 0 0
46 1 57 1 110 121 11 75 1 0.64813720051032397 0 0.64813720051032397 0 0.64813720051032397 0 0
46 1 58 1 110 122 12 76 1 0.64813720051032397 0 0.64813720051032397 0 0.64813720051032397 0 0
46 1 59 1 110 123 13 77 1 0.64813720051032397 0 0.64813720051032397 0 0.64813720051032397 0 0
46 1 60 1 110 124 14 78 1 0.64813720051032397 0 0.64813720051032397 0 0.64813720051032397 0 0
46 1 61 1 110 125 15 79 1 0.64813720051032397 0 0.64813720051032397 0 0.64813720051032397 0 0
46 1 62 1 110 126 16 80 1 0.64813720051032397 0 0.64813720051032397 0 0.64813720051032397 0 0
46 1 63 1 110 127 17 81 1 0.64813720051032397 0 0.64813720051032397 0 0.64813720051032397 0 0
47 1 48 1 111 112 1 65 1 0.64813720051032397 0 0.64813720051032397 0 0.64813720051032397 0 0
47 1 49 1 111 113 2 66 1 0.64813720051032397 0 0.64813720051032397 0 0.64813720051032397 0 0
47 1 50 1 111 114 3 67 1 0.64813720051032397 0 0.64813720051032397 0 0.64813720051032397 0 0
47 1 51 1 111 115 4 68 1 0.64813720051032397 0 0.64813720051032397 0 0.64813720051032397 0 0
47 1 52 1 111 116 5 69 1 0.64813720051032397 0 0.64813720051032397 0 0.64813720051032397 0 0
47 1 53 1 111 117 6 70 1 0.64813720051032397 0 0.64813720051032397 0 0.64813720051032397 0 0
47 1 54 1 111 118 7 71 1 0.64813720051032397 0 0.64813720051032397 0 0.64813720051032397 0 0
47 1 55 1 111 119 8 72 1 0.64813720051032397 0 0.64813720051032397 0 0.64813720051032397 0 0
47 1 56 1 111 120 9 73 1 0.64813720051032397 0 0.64813720051032397 0 0.64813720051032397 0 0
47 1 57 1 111 121 10 74 1 0.64813720051032397 0 0.64813720051032397 0 0.64813720051032397 0 0
47 1 58 1 111 122 11 75 1 0.64813720051032397 0 0.64813720051032397 0 0.64813720051032397 0 0
47 1 59 1 111 123 12 76 1 0.64813720051032397 0 0.64813720051032397 0 0.64813720051032397 0 0
47 1 60 1 111 124 13 77 1 0.64813720051032397 0 0.64813720051032397 0 0.64813720051032397 0 0
47 1 61 1 111 125 14 78 1 0.64813720051032397 0 0.64813720051032397 0 0.64813720051032397 0 0
47 1 62 1 111 126 15 79 1 0.64813720051032397 0 0.64813720051032397 0 0.64813720051032397 0 0
47 1 63 1 111 127 16 80 1 0.64813720051032397 0 0.64813720051032397 0 0.64813720051032397 0 0
48 1 49 1 112 113 1 65 1 0.64813720051032397 0 0.64813720051032397 0 0.64813720051032397 0 0
48 1 50 1 112 114 2 66 1 0.64813720051032397 0 0.64813720051032397 0 0.64813720051032397 0 0
48 1 51 1 112 115 3 67 1 0.64813720051032397 0 0.64813720051032397 0 0.64813720051032397 0 0
48 1 52 1 112 116 4 68 1 0.64813720051032397 0 0.64813720051032397 0 0.64813720051032397 0 0
48 1 53 1 112 117 5 69 1 0.64813720051032397 0 0.64813720051032397 0 0.64813720051032397 0 0
48 1 54 1 112 118 6 70 1 0.64813720051032397 0 0.64813720051032397 0 0.64813720051032397 0 0
48 1 55 1 112 119 7 71 1 0.64813720051032397 0 0.64813720051032397 0 0.64813720051032397 0 0
48 1 56 1 112 120 8 72 1 0.64813720051032397 0 0.64813720051032397 0 0.64813720051032397 0 0
48 1 57 1 112 121 9 73 1 0.64813720051032397 0 0.64813720051032397 0 0.64813720051032397 0 0
48 1 58 1 112 122 10 74 1 0.64813720051032397 0 0.64813720051032397 0 0.64813720051032397 0 0
48 1 59 1 112 123 11 75 1 0.64813720051032397 0 0.64813720051032397 0 0.64813720051032397 0 0
48 1 60 1 112 124 12 76 1 0.64813720051032397 0 0.64813720051032397 0 0.64813720051032397 0 0
48 1 61 1 112 125 13 77 1 0.64813720051032397 0 0.64813720051032397 0 0.64813720051032397 0 0
48 1 62 1 112 126 14 78 1 0.64813720051032397 0 0.64813720051032397 0 0.64813720051032397 0 0
48 1 63 1 112 127 15 79 1 0.64813720051032397 0 0.64813720051032397 0 0.64813720051032397 0 0
49 1 50 1 113 114 1 65 1 0.64813720051032397 0 0.64813720051032397 0 0.64813720051032397 0 0
49 1 51 1 113 115 2 66 1 0.64813720051032397 0 0.64813720051032397 0 0.64813720051032397 0 0
49 1 52 1 113 116 3 67 1 0.64813720051032397 0 0.64813720051032397 0 0.64813720051032397 0 0
49 1 53 1 113 117 4 68 1 0.64813720051032397 0 0.64813720051032397 0 0.64813720051032397 0 0
49 1 54 1 113 118 5 69 1 0.64813720051032397 0 0.64813720051032397 0 0.64813720051032397 0 0
49 1 55 1 113 119 6 70 1 0.64813720051032397 0 0.64813720051032397 0 0.64813720051032397 0 0
49 1 56 1 113 120 7 71 1 0.64813720051032397 0 0.64813720051032397 0 0.64813720051032397 0 0
49 1 57 1 113 121 8 72 1 0.64813720051032397 0 0.64813720051032397 0 0.64813720051032397 0 0
49 1 58 1 113 122 9 73 1 0.64813720051032397 0 0.64813720051032397 0 0.64813720051032397 0 0
49 1 59 1 113 123 10 74 1 0.64813720051032397 0 0.64813720051032397 0 0.64813720051032397 0 0
49 1 60 1 113 124 11 75 1 0.64813720051032397 0 0.64813720051032397 0 0.64813720051032397 0 0
49 1 61 1 113 125 12 76 1 0.64813720051032397 0 0.64813720051032397 0 0.64813720051032397 0 0
49 1 62 1 113 126 13 77 1 0.64813720051032397 0 0.64813720051032397 0 0.64813720051032397 0 0
49 1 63 1 113 127 14 78 1 0.64813720051032397 0 0.64813720051032397 0 0.64813720051032397 0 0
50 1 51 1 114 115 1 65 1 0.64813720051032397 0 0.64813720051032397 0 0.64813720051032397 0 0
50 1 52 1 114 116 2 66 1 0.64813720051032397 0 0.64813720051032397 0 0.64813720051032397 0 0
50 1 53 1 114 117 3 67 1 0.64813720051032397 0 0.64813720051032397 0 0.64813720051032397 0 0
50 1 54 1 114 118 4 68 1 0.64813720051032397 0 0.64813720051032397 0 0.64813720051032397 0 0
50 1 55 1 114 119 5 69 1 0.64813720051032397 0 0.64813720051032397 0 0.64813720051032397 0 0
50 1 56 1 114 120 6 70 1 0.64813720051032397 0 0.64813720051032397 0 0.64813720051032397 0 0
50 1 57 1 114 121 7 71 1 0.64813720051032397 0 0.64813720051032397 0 0.64813720051032397 0 0
50 1 58 1 114 122 8 72 1 0.64813720051032397 0 0.64813720051032397 0 0.64813720051032397 0 0
50 1 59 1 114 123 9 73 1 0.64813720051032397 0 0.64813720051032397 0 0.64813720051032397 0 0
50 1 60 1 114 124 10 74 1 0.64813720051032397 0 0.64813720051032397 0 0.64813720051032397 0 0
50 1 61 1 114 125 11 75 1 0.64813720051032397 0 0.64813720051032397 0 0.64813720051032397 0 0
50 1 62 1 114 126 12 76 1 0.64813720051032397 0 0.64813720051032397 0 0.64813720051032397 0 0
50 1 63 1 114 127 13 77 1 0.64813720051032397 0 0.64813720051032397 0 0.64813720051032397 0 0
51 1 52 1 115 116 1 65 1 0.64813720051032397 0 0.64813720051032397 0 0.64813720051032397 0 0
51 1 53 1 115 117 2 66 1 0.64813720051032397 0 0.64813720051032397 0 0.64813720051032397 0 0
51 1 54 1 115 118 3 67 1 0.64813720051032397 0 0.64813720051032397 0 0.64813720051032397 0 0
51 1 55 1 115 119 4 68 1 0.64813720051032397 0 0.64813720051032397 0 0.64813720051032397 0 0
51 1 56 1 115 120 5 69 1 0.64813720051032397 0 0.64813720051032397 0 0.64813720051032397 0 0
51 1 57 1 115 121 6 70 1 0.64813720051032397 0 0.64813720051032397 0 0.64813720051032397 0 0
51 1 58 1 115 122 7 71 1 0.64813720051032397 0 0.64813720051032397 0 0.64813720051032397 0 0
51 1 59 1 115 123 8 72 1 0.64813720051032397 0 0.64813720051032397 0 0.64813720051032397 0 0
51 1 60 1 115 124 9 73 1 0.64813720051032397 0 0.64813720051032397 0 0.64813720051032397 0 0
51 1 61 1 115 125 10 74 1 0.64813720051032397 0 0.64813720051032397 0 0.64813720051032397 0 0
51 1 62 1 115 126 11 75 1 0.64813720051032397 0 0.64813720051032397 0 0.64813720051032397 0 0
51 1 63 1 115 127 12 76 1 0.64813720051032397 0 0.64813720051032397 0 0.64813720051032397 0 0
52 1 53 1 116 117 1 65 1 0.64813720051032397 0 0.64813720051032397 0 0.64813720051032397 0 0
52 1 54 1 116 118 2 66 1 0.64813720051032397 0 0.64813720051032397 0 0.64813720051032397 0 0
52 1 55 1 116 119 3 67 1 0.64813720051032397 0 0.64813720051032397 0 0.64813720051032397 0 0
52 1 56 1 116 120 4 68 1 0.64813720051032397 0 0.64813720051032397 0 0.64813720051032397 0 0
52 1 57 1 116 121 5 69 1 0.64813720051032397 0 0.64813720051032397 0 0.64813720051032397 0 0
52 1 58 1 116 122 6 70 1 0.64813720051032397 0 0.64813720051032397 0 0.64813720051032397 0 0
52 1 59 1 116 123 7 71 1 0.64813720051032397 0 0.64813720051032397 0 0.64813720051032397 0 0
52 1 60 1 116 124 8 72 1 0.64813720051032397 0 0.64813720051032397 0 0.64813720051032397 0 0
52 1 61 1 116 125 9 73 1 0.64813720051032397 0 0.64813720051032397 0 0.64813720051032397 0 0
52 1 62 1 116 126 10 74 1 0.64813720051032397 0 0.64813720051032397 0 0.64813720051032397 0 0
52 1 63 1 116 127 11 75 1 0.64813720051032397 0 0.64813720051032397 0 0.64813720051032397 0 0
53 1 54 1 117 118 1 65 1 0.64813720051032397 0 0.64813720051032397 0 0.64813720051032397 0 0
53 1 55 1 117 119 2 66 1 0.64813720051032397 0 0.64813720051032397 0 0.64813720051032397 0 0
53 1 56 1 117 120 3 67 1 0.64813720051032397 0 0.64813720051032397 0 0.64813720051032397 0 0
53 1 57 1 117 121 4 68 1 0.64813720051032397 0 0.64813720051032397 0 0.64813720051032397 0 0
53 1 58 1 117 122 5 69 1 0.64813720051032397 0 0.64813720051032397 0 0.64813720051032397 0 0
53 1 59 1 117 123 6 70 1 0.64813720051032397 0 0.64813720051032397 0 0.64813720051032397 0 0
53 1 60 1 117 124 7 71 1 0.64813720051032397 0 0.64813720051032397 0 0.64813720051032397 0 0
53 1 61 1 117 125 8 72 1 0.64813720051032397 0 0.64813720051032397 0 0.64813720051032397 0 0
53 1 62 1 117 126 9 73 1 0.64813720051032397 0 0.64813720051032397 0 0.64813720051032397 0 0
53 1 63 1 117 127 10 74 1 0.64813720051032397 0 0.64813720051032397 0 0.64813720051032397 0 0
54 1 55 1 118 119 1 65 1 0.64813720051032397 0 0.64813720051032397 0 0.64813720051032397 0 0
54 1 56 1 118 120 2 66 1 0.64813720051032397 0 0.64813720051032397 0 0.64813720051032397 0 0
54 1 57 1 118 121 3 67 1 0.64813720051032397 0 0.64813720051032397 0 0.64813720051032397 0 0
54 1 58 1 118 122 4 68 1 0.64813720051032397 0 0.64813720051032397 0 0.64813720051032397 0 0
54 1 59 1 118 123 5 69 1 0.64813720051032397 0 0.64813720051032397 0 0.64813720051032397 0 0
54 1 60 1 118 124 6 70 1 0.64813720051032397 0 0.64813720051032397 0 0.64813720051032397 0 0
54 1 61 1 118 125 7 71 1 0.64813720051032397 0 0.64813720051032397 0 0.64813720051032397 0 0
54 1 62 1 118 126 8 72 1 0.64813720051032397 0 0.64813720051032397 0 0.64813720051032397 0 0
54 1 63 1 118 127 9 73 1 0.64813720051032397 0 0.64813720051032397 0 0.64813720051032397 0 0
55 1 56 1 119 120 1 65 1 0.64813720051032397 0 0.64813720051032397 0 0.64813720051032397 0 0
55 1 57 1 119 121 2 66 1 0.64813720051032397 0 0.64813720051032397 0 0.64813720051032397 0 0
55 1 58 1 119 122 3 67 1 0.64813720051032397 0 0.64813720051032397 0 0.64813720051032397 0 0
55 1 59 1 119 123 4 68 1 0.64813720051032397 0 0.64813720051032397 0 0.64813720051032397 0 0
55 1 60 1 119 124 5 69 1 0.64813720051032397 0 0.64813720051032397 0 0.64813720051032397 0 0
55 1 61 1 119 125 6 70 1 0.64813720051032397 0 0.64813720051032397 0 0.64813720051032397 0 0
55 1 62 1 119 126 7 71 1 0.64813720051032397 0 0.64813720051032397 0 0.64813720051032397 0 0
55 1 63 1 119 127 8 72 1 0.64813720051032397 0 0.64813720051032397 0 0.64813720051032397 0 0
56 1 57 1 120 121 1 65 1 0.64813720051032397 0 0.64813720051032397 0 0.64813720051032397 0 0
56 1 58 1 120 122 2 66 1 0.64813720051032397 0 0.64813720051032397 0 0.64813720051032397 0 0
56 1 59 1 120 123 3 67 1 0.64813720051032397 0 0.64813720051032397 0 0.64813720051032397 0 0
56 1 60 1 120 124 4 68 1 0.64813720051032397 0 0.64813720051032397 0 0.64813720051032397 0 0
56 1 61 1 120 125 5 69 1 0.64813720051032397 0 0.64813720051032397 0 0.64813720051032397 0 0
56 1 62 1 120 126 6 70 1 0.64813720051032397 0 0.64813720051032397 0 0.64813720051032397 0 0
56 1 63 1 120 127 7 71 1 0.64813720051032397 0 0.64813720051032397 0 0.64813720051032397 0 0
57 1 58 1 121 122 1 65 1 0.64813720051032397 0 0.64813720051032397 0 0.64813720051032397 0 0
57 1 59 1 121 123 2 66 1 0.64813720051032397 0 0.64813720051032397 0 0.64813720051032397 0 0
57 1 60 1 121 124 3 67 1 0.64813720051032397 0 0.64813720051032397 0 0.64813720051032397 0 0
57 1 61 1 121 125 4 68 1 0.64813720051032397 0 0.64813720051032397 0 0.64813720051032397 0 0
57 1 62 1 121 126 5 69 1 0.64813720051032397 0 0.64813720051032397 0 0.64813720051032397 0 0
57 1 63 1 121 127 6 70 1 0.64813720051032397 0 0.64813720051032397 0 0.64813720051032397 0 0
58 1 59 1 122 123 1 65 1 0.64813720051032397 0 0.64813720051032397 0 0.64813720051032397 0 0
58 1 60 1 122 124 2 66 1 0.64813720051032397 0 0.64813720051032397 0 0.64813720051032397 0 0
58 1 61 1 122 125 3 67 1 0.64813720051032397 0 0.64813720051032397 0 0.64813720051032397 0 0
58 1 62 1 122 126 4 68 1 0.64813720051032397 0 0.64813720051032397 0 0.64813720051032397 0 0
58 1 63 1 122 127 5 69 1 0.64813720051032397 0 0.64813720051032397 0 0.64813720051032397 0 0
59 1 60 1 123 124 1 65 1 0.64813720051032397 0 0.64813720051032397 0 0.64813720051032397 0 0
59 1 61 1 123 125 2 66 1 0.64813720051032397 0 0.64813720051032397 0 0.64813720051032397 0 0
59 1 62 1 123 126 3 67 1 0.64813720051032397 0 0.64813720051032397 0 0.64813720051032397 0 0
59 1 63 1 123 127 4 68 1 0.64813720051032397 0 0.64813720051032397 0 0.64813720051032397 0 0
60 1 61 1 124 125 1 65 1 0.64813720051032397 0 0.64813720051032397 0 0.64813720051032397 0 0
60 1 62 1 124 126 2 66 1 0.64813720051032397 0 0.64813720051032397 0 0.64813720051032397 0 0
60 1 63 1 124 127 3 67 1 0.64813720051032397 0 0.64813720051032397 0 0.64813720051032397 0 0
61 1 62 1 125 126 1 65 1 0.64813720051032397 0 0.64813720051032397 0 0.64813720051032397 0 0
61 1 63 1 125 127 2 66 1 0.64813720051032397 0 0.64813720051032397 0 0.64813720051032397 0 0
62 1 63 1 126 127 1 65 1 0.64813720051032397 0 0.64813720051032397 0 0.64813720051032397 0 0
