0.000000000000000000e+00 2.273367385451964928e+00 -1.848570465972362520e+00 2.103858658355440170e+00 -1.921069381595551961e+00 2.063697510845875271e+00 -1.946530262095349961e+00 2.046153529806946647e+00 -1.959322657392399636e+00 2.036437203515939043e+00 -1.966932727229703026e+00 2.030333243792013853e+00 -1.971921768977244138e+00 2.026193313678705366e+00 -1.975399433002791527e+00 2.023242818313612634e+00 -1.977922785665042316e+00 2.021071043677558521e+00 -1.979801055689204947e+00 2.019440989232224037e+00 -1.981218654989574723e+00 2.018207313480653742e+00 -1.982291364478617535e+00 2.017276977787808789e+00 -1.983094450413710463e+00 2.016588813970466187e+00 -1.983677731773322073e+00 2.016102276342409461e+00 -1.984074058879387481e+00 2.015791007133925561e+00 -1.984304211778858962e+00 2.015639115056762520e+00 -1.984379700305475058e+00 2.015639115056767849e+00 -1.984304211778863181e+00 2.015791007133932666e+00 -1.984074058879396585e+00 2.016102276342413457e+00 -1.983677731773328290e+00 2.016588813970464411e+00 -1.983094450413720011e+00 2.017276977787815007e+00 -1.982291364478636186e+00 2.018207313480663068e+00 -1.981218654989570727e+00 2.019440989232239581e+00 -1.979801055689205169e+00 2.021071043677562074e+00 -1.977922785665061856e+00 2.023242818313660152e+00 -1.975399433002826388e+00 2.026193313678729346e+00 -1.971921768977251244e+00 2.030333243792051157e+00 -1.966932727229720124e+00 2.036437203515976790e+00 -1.959322657392457367e+00 2.046153529806968407e+00 -1.946530262095385044e+00 2.063697510845887706e+00 -1.921069381595592374e+00 2.103858658355457489e+00 -1.848570465972380283e+00 2.273367385451967593e+00
-2.273367385451964928e+00 0.000000000000000000e+00 2.273367385451964928e+00 -1.848570465972362520e+00 2.103858658355440170e+00 -1.921069381595551961e+00 2.063697510845875271e+00 -1.946530262095349961e+00 2.046153529806946647e+00 -1.959322657392399636e+00 2.036437203515939043e+00 -1.966932727229703026e+00 2.030333243792013853e+00 -1.971921768977244138e+00 2.026193313678705366e+00 -1.975399433002791527e+00 2.023242818313612634e+00 -1.977922785665042316e+00 2.021071043677558521e+00 -1.979801055689204947e+00 2.019440989232224037e+00 -1.981218654989574723e+00 2.018207313480653742e+00 -1.982291364478617535e+00 2.017276977787808789e+00 -1.983094450413710463e+00 2.016588813970466187e+00 -1.983677731773322073e+00 2.016102276342409461e+00 -1.984074058879387481e+00 2.015791007133925561e+00 -1.984304211778858962e+00 2.015639115056762520e+00 -1.984379700305475058e+00 2.015639115056767849e+00 -1.984304211778863181e+00 2.015791007133932666e+00 -1.984074058879396585e+00 2.016102276342413457e+00 -1.983677731773328290e+00 2.016588813970464411e+00 -1.983094450413720011e+00 2.017276977787815007e+00 -1.982291364478636186e+00 2.018207313480663068e+00 -1.981218654989570727e+00 2.019440989232239581e+00 -1.979801055689205169e+00 2.021071043677562074e+00 -1.977922785665061856e+00 2.023242818313660152e+00 -1.975399433002826388e+00 2.026193313678729346e+00 -1.971921768977251244e+00 2.030333243792051157e+00 -1.966932727229720124e+00 2.036437203515976790e+00 -1.959322657392457367e+00 2.046153529806968407e+00 -1.946530262095385044e+00 2.063697510845887706e+00 -1.921069381595592374e+00 2.103858658355457489e+00 -1.848570465972380283e+00
1.848570465972362520e+00 -2.273367385451964928e+00 0.000000000000000000e+00 2.273367385451964928e+00 -1.848570465972362520e+00 2.103858658355440170e+00 -1.921069381595551961e+00 2.063697510845875271e+00 -1.946530262095349961e+00 2.046153529806946647e+00 -1.959322657392399636e+00 2.036437203515939043e+00 -1.966932727229703026e+00 2.030333243792013853e+00 -1.971921768977244138e+00 2.026193313678705366e+00 -1.975399433002791527e+00 2.023242818313612634e+00 -1.977922785665042316e+00 2.021071043677558521e+00 -1.979801055689204947e+00 2.019440989232224037e+00 -1.981218654989574723e+00 2.018207313480653742e+00 -1.982291364478617535e+00 2.017276977787808789e+00 -1.983094450413710463e+00 2.016588813970466187e+00 -1.983677731773322073e+00 2.016102276342409461e+00 -1.984074058879387481e+00 2.015791007133925561e+00 -1.984304211778858962e+00 2.015639115056762520e+00 -1.984379700305475058e+00 2.015639115056767849e+00 -1.984304211778863181e+00 2.015791007133932666e+00 -1.984074058879396585e+00 2.016102276342413457e+00 -1.983677731773328290e+00 2.016588813970464411e+00 -1.983094450413720011e+00 2.017276977787815007e+00 -1.982291364478636186e+00 2.018207313480663068e+00 -1.981218654989570727e+00 2.019440989232239581e+00 -1.979801055689205169e+00 2.021071043677562074e+00 -1.977922785665061856e+00 2.023242818313660152e+00 -1.975399433002826388e+00 2.026193313678729346e+00 -1.971921768977251244e+00 2.030333243792051157e+00 -1.966932727229720124e+00 2.036437203515976790e+00 -1.959322657392457367e+00 2.046153529806968407e+00 -1.946530262095385044e+00 2.063697510845887706e+00 -1.921069381595592374e+00 2.103858658355457489e+00
-2.103858658355440170e+00 1.848570465972362520e+00 -2.273367385451964928e+00 0.000000000000000000e+00 2.273367385451964928e+00 -1.848570465972362520e+00 2.103858658355440170e+00 -1.921069381595551961e+00 2.063697510845875271e+00 -1.946530262095349961e+00 2.046153529806946647e+00 -1.959322657392399636e+00 2.036437203515939043e+00 -1.966932727229703026e+00 2.030333243792013853e+00 -1.971921768977244138e+00 2.026193313678705366e+00 -1.975399433002791527e+00 2.023242818313612634e+00 -1.977922785665042316e+00 2.021071043677558521e+00 -1.979801055689204947e+00 2.019440989232224037e+00 -1.981218654989574723e+00 2.018207313480653742e+00 -1.982291364478617535e+00 2.017276977787808789e+00 -1.983094450413710463e+00 2.016588813970466187e+00 -1.983677731773322073e+00 2.016102276342409461e+00 -1.984074058879387481e+00 2.015791007133925561e+00 -1.984304211778858962e+00 2.015639115056762520e+00 -1.984379700305475058e+00 2.015639115056767849e+00 -1.984304211778863181e+00 2.015791007133932666e+00 -1.984074058879396585e+00 2.016102276342413457e+00 -1.983677731773328290e+00 2.016588813970464411e+00 -1.983094450413720011e+00 2.017276977787815007e+00 -1.982291364478636186e+00 2.018207313480663068e+00 -1.981218654989570727e+00 2.019440989232239581e+00 -1.979801055689205169e+00 2.021071043677562074e+00 -1.977922785665061856e+00 2.023242818313660152e+00 -1.975399433002826388e+00 2.026193313678729346e+00 -1.971921768977251244e+00 2.030333243792051157e+00 -1.966932727229720124e+00 2.036437203515976790e+00 -1.959322657392457367e+00 2.046153529806968407e+00 -1.946530262095385044e+00 2.063697510845887706e+00 -1.921069381595592374e+00
1.921069381595551961e+00 -2.103858658355440170e+00 1.848570465972362520e+00 -2.273367385451964928e+00 0.000000000000000000e+00 2.273367385451964928e+00 -1.848570465972362520e+00 2.103858658355440170e+00 -1.921069381595551961e+00 2.063697510845875271e+00 -1.946530262095349961e+00 2.046153529806946647e+00 -1.959322657392399636e+00 2.036437203515939043e+00 -1.966932727229703026e+00 2.030333243792013853e+00 -1.971921768977244138e+00 2.026193313678705366e+00 -1.975399433002791527e+00 2.023242818313612634e+00 -1.977922785665042316e+00 2.021071043677558521e+00 -1.979801055689204947e+00 2.019440989232224037e+00 -1.981218654989574723e+00 2.018207313480653742e+00 -1.982291364478617535e+00 2.017276977787808789e+00 -1.983094450413710463e+00 2.016588813970466187e+00 -1.983677731773322073e+00 2.016102276342409461e+00 -1.984074058879387481e+00 2.015791007133925561e+00 -1.984304211778858962e+00 2.015639115056762520e+00 -1.984379700305475058e+00 2.015639115056767849e+00 -1.984304211778863181e+00 2.015791007133932666e+00 -1.984074058879396585e+00 2.016102276342413457e+00 -1.983677731773328290e+00 2.016588813970464411e+00 -1.983094450413720011e+00 2.017276977787815007e+00 -1.982291364478636186e+00 2.018207313480663068e+00 -1.981218654989570727e+00 2.019440989232239581e+00 -1.979801055689205169e+00 2.021071043677562074e+00 -1.977922785665061856e+00 2.023242818313660152e+00 -1.975399433002826388e+00 2.026193313678729346e+00 -1.971921768977251244e+00 2.030333243792051157e+00 -1.966932727229720124e+00 2.036437203515976790e+00 -1.959322657392457367e+00 2.046153529806968407e+00 -1.946530262095385044e+00 2.063697510845887706e+00
-2.063697510845875271e+00 1.921069381595551961e+00 -2.103858658355440170e+00 1.848570465972362520e+00 -2.273367385451964928e+00 0.000000000000000000e+00 2.273367385451964928e+00 -1.848570465972362520e+00 2.103858658355440170e+00 -1.921069381595551961e+00 2.063697510845875271e+00 -1.946530262095349961e+00 2.046153529806946647e+00 -1.959322657392399636e+00 2.036437203515939043e+00 -1.966932727229703026e+00 2.030333243792013853e+00 -1.971921768977244138e+00 2.026193313678705366e+00 -1.975399433002791527e+00 2.023242818313612634e+00 -1.977922785665042316e+00 2.021071043677558521e+00 -1.979801055689204947e+00 2.019440989232224037e+00 -1.981218654989574723e+00 2.018207313480653742e+00 -1.982291364478617535e+00 2.017276977787808789e+00 -1.983094450413710463e+00 2.016588813970466187e+00 -1.983677731773322073e+00 2.016102276342409461e+00 -1.984074058879387481e+00 2.015791007133925561e+00 -1.984304211778858962e+00 2.015639115056762520e+00 -1.984379700305475058e+00 2.015639115056767849e+00 -1.984304211778863181e+00 2.015791007133932666e+00 -1.984074058879396585e+00 2.016102276342413457e+00 -1.983677731773328290e+00 2.016588813970464411e+00 -1.983094450413720011e+00 2.017276977787815007e+00 -1.982291364478636186e+00 2.018207313480663068e+00 -1.981218654989570727e+00 2.019440989232239581e+00 -1.979801055689205169e+00 2.021071043677562074e+00 -1.977922785665061856e+00 2.023242818313660152e+00 -1.975399433002826388e+00 2.026193313678729346e+00 -1.971921768977251244e+00 2.030333243792051157e+00 -1.966932727229720124e+00 2.036437203515976790e+00 -1.959322657392457367e+00 2.046153529806968407e+00 -1.946530262095385044e+00
1.946530262095349961e+00 -2.063697510845875271e+00 1.921069381595551961e+00 -2.103858658355440170e+00 1.848570465972362520e+00 -2.273367385451964928e+00 0.000000000000000000e+00 2.273367385451964928e+00 -1.848570465972362520e+00 2.103858658355440170e+00 -1.921069381595551961e+00 2.063697510845875271e+00 -1.946530262095349961e+00 2.046153529806946647e+00 -1.959322657392399636e+00 2.036437203515939043e+00 -1.966932727229703026e+00 2.030333243792013853e+00 -1.971921768977244138e+00 2.026193313678705366e+00 -1.975399433002791527e+00 2.023242818313612634e+00 -1.977922785665042316e+00 2.021071043677558521e+00 -1.979801055689204947e+00 2.019440989232224037e+00 -1.981218654989574723e+00 2.018207313480653742e+00 -1.982291364478617535e+00 2.017276977787808789e+00 -1.983094450413710463e+00 2.016588813970466187e+00 -1.983677731773322073e+00 2.016102276342409461e+00 -1.984074058879387481e+00 2.015791007133925561e+00 -1.984304211778858962e+00 2.015639115056762520e+00 -1.984379700305475058e+00 2.015639115056767849e+00 -1.984304211778863181e+00 2.015791007133932666e+00 -1.984074058879396585e+00 2.016102276342413457e+00 -1.983677731773328290e+00 2.016588813970464411e+00 -1.983094450413720011e+00 2.017276977787815007e+00 -1.982291364478636186e+00 2.018207313480663068e+00 -1.981218654989570727e+00 2.019440989232239581e+00 -1.979801055689205169e+00 2.021071043677562074e+00 -1.977922785665061856e+00 2.023242818313660152e+00 -1.975399433002826388e+00 2.026193313678729346e+00 -1.971921768977251244e+00 2.030333243792051157e+00 -1.966932727229720124e+00 2.036437203515976790e+00 -1.959322657392457367e+00 2.046153529806968407e+00
-2.046153529806946647e+00 1.946530262095349961e+00 -2.063697510845875271e+00 1.921069381595551961e+00 -2.103858658355440170e+00 1.848570465972362520e+00 -2.273367385451964928e+00 0.000000000000000000e+00 2.273367385451964928e+00 -1.848570465972362520e+00 2.103858658355440170e+00 -1.921069381595551961e+00 2.063697510845875271e+00 -1.946530262095349961e+00 2.046153529806946647e+00 -1.959322657392399636e+00 2.036437203515939043e+00 -1.966932727229703026e+00 2.030333243792013853e+00 -1.971921768977244138e+00 2.026193313678705366e+00 -1.975399433002791527e+00 2.023242818313612634e+00 -1.977922785665042316e+00 2.021071043677558521e+00 -1.979801055689204947e+00 2.019440989232224037e+00 -1.981218654989574723e+00 2.018207313480653742e+00 -1.982291364478617535e+00 2.017276977787808789e+00 -1.983094450413710463e+00 2.016588813970466187e+00 -1.983677731773322073e+00 2.016102276342409461e+00 -1.984074058879387481e+00 2.015791007133925561e+00 -1.984304211778858962e+00 2.015639115056762520e+00 -1.984379700305475058e+00 2.015639115056767849e+00 -1.984304211778863181e+00 2.015791007133932666e+00 -1.984074058879396585e+00 2.016102276342413457e+00 -1.983677731773328290e+00 2.016588813970464411e+00 -1.983094450413720011e+00 2.017276977787815007e+00 -1.982291364478636186e+00 2.018207313480663068e+00 -1.981218654989570727e+00 2.019440989232239581e+00 -1.979801055689205169e+00 2.021071043677562074e+00 -1.977922785665061856e+00 2.023242818313660152e+00 -1.975399433002826388e+00 2.026193313678729346e+00 -1.971921768977251244e+00 2.030333243792051157e+00 -1.966932727229720124e+00 2.036437203515976790e+00 -1.959322657392457367e+00
1.959322657392399636e+00 -2.046153529806946647e+00 1.946530262095349961e+00 -2.063697510845875271e+00 1.921069381595551961e+00 -2.103858658355440170e+00 1.848570465972362520e+00 -2.273367385451964928e+00 0.000000000000000000e+00 2.273367385451964928e+00 -1.848570465972362520e+00 2.103858658355440170e+00 -1.921069381595551961e+00 2.063697510845875271e+00 -1.946530262095349961e+00 2.046153529806946647e+00 -1.959322657392399636e+00 2.036437203515939043e+00 -1.966932727229703026e+00 2.030333243792013853e+00 -1.971921768977244138e+00 2.026193313678705366e+00 -1.975399433002791527e+00 2.023242818313612634e+00 -1.977922785665042316e+00 2.021071043677558521e+00 -1.979801055689204947e+00 2.019440989232224037e+00 -1.981218654989574723e+00 2.018207313480653742e+00 -1.982291364478617535e+00 2.017276977787808789e+00 -1.983094450413710463e+00 2.016588813970466187e+00 -1.983677731773322073e+00 2.016102276342409461e+00 -1.984074058879387481e+00 2.015791007133925561e+00 -1.984304211778858962e+00 2.015639115056762520e+00 -1.984379700305475058e+00 2.015639115056767849e+00 -1.984304211778863181e+00 2.015791007133932666e+00 -1.984074058879396585e+00 2.016102276342413457e+00 -1.983677731773328290e+00 2.016588813970464411e+00 -1.983094450413720011e+00 2.017276977787815007e+00 -1.982291364478636186e+00 2.018207313480663068e+00 -1.981218654989570727e+00 2.019440989232239581e+00 -1.979801055689205169e+00 2.021071043677562074e+00 -1.977922785665061856e+00 2.023242818313660152e+00 -1.975399433002826388e+00 2.026193313678729346e+00 -1.971921768977251244e+00 2.030333243792051157e+00 -1.966932727229720124e+00 2.036437203515976790e+00
-2.036437203515939043e+00 1.959322657392399636e+00 -2.046153529806946647e+00 1.946530262095349961e+00 -2.063697510845875271e+00 1.921069381595551961e+00 -2.103858658355440170e+00 1.848570465972362520e+00 -2.273367385451964928e+00 0.000000000000000000e+00 2.273367385451964928e+00 -1.848570465972362520e+00 2.103858658355440170e+00 -1.921069381595551961e+00 2.063697510845875271e+00 -1.946530262095349961e+00 2.046153529806946647e+00 -1.959322657392399636e+00 2.036437203515939043e+00 -1.966932727229703026e+00 2.030333243792013853e+00 -1.971921768977244138e+00 2.026193313678705366e+00 -1.975399433002791527e+00 2.023242818313612634e+00 -1.977922785665042316e+00 2.021071043677558521e+00 -1.979801055689204947e+00 2.019440989232224037e+00 -1.981218654989574723e+00 2.018207313480653742e+00 -1.982291364478617535e+00 2.017276977787808789e+00 -1.983094450413710463e+00 2.016588813970466187e+00 -1.983677731773322073e+00 2.016102276342409461e+00 -1.984074058879387481e+00 2.015791007133925561e+00 -1.984304211778858962e+00 2.015639115056762520e+00 -1.984379700305475058e+00 2.015639115056767849e+00 -1.984304211778863181e+00 2.015791007133932666e+00 -1.984074058879396585e+00 2.016102276342413457e+00 -1.983677731773328290e+00 2.016588813970464411e+00 -1.983094450413720011e+00 2.017276977787815007e+00 -1.982291364478636186e+00 2.018207313480663068e+00 -1.981218654989570727e+00 2.019440989232239581e+00 -1.979801055689205169e+00 2.021071043677562074e+00 -1.977922785665061856e+00 2.023242818313660152e+00 -1.975399433002826388e+00 2.026193313678729346e+00 -1.971921768977251244e+00 2.030333243792051157e+00 -1.966932727229720124e+00
1.966932727229703026e+00 -2.036437203515939043e+00 1.959322657392399636e+00 -2.046153529806946647e+00 1.946530262095349961e+00 -2.063697510845875271e+00 1.921069381595551961e+00 -2.103858658355440170e+00 1.848570465972362520e+00 -2.273367385451964928e+00 0.000000000000000000e+00 2.273367385451964928e+00 -1.848570465972362520e+00 2.103858658355440170e+00 -1.921069381595551961e+00 2.063697510845875271e+00 -1.946530262095349961e+00 2.046153529806946647e+00 -1.959322657392399636e+00 2.036437203515939043e+00 -1.966932727229703026e+00 2.030333243792013853e+00 -1.971921768977244138e+00 2.026193313678705366e+00 -1.975399433002791527e+00 2.023242818313612634e+00 -1.977922785665042316e+00 2.021071043677558521e+00 -1.979801055689204947e+00 2.019440989232224037e+00 -1.981218654989574723e+00 2.018207313480653742e+00 -1.982291364478617535e+00 2.017276977787808789e+00 -1.983094450413710463e+00 2.016588813970466187e+00 -1.983677731773322073e+00 2.016102276342409461e+00 -1.984074058879387481e+00 2.015791007133925561e+00 -1.984304211778858962e+00 2.015639115056762520e+00 -1.984379700305475058e+00 2.015639115056767849e+00 -1.984304211778863181e+00 2.015791007133932666e+00 -1.984074058879396585e+00 2.016102276342413457e+00 -1.983677731773328290e+00 2.016588813970464411e+00 -1.983094450413720011e+00 2.017276977787815007e+00 -1.982291364478636186e+00 2.018207313480663068e+00 -1.981218654989570727e+00 2.019440989232239581e+00 -1.979801055689205169e+00 2.021071043677562074e+00 -1.977922785665061856e+00 2.023242818313660152e+00 -1.975399433002826388e+00 2.026193313678729346e+00 -1.971921768977251244e+00 2.030333243792051157e+00
-2.030333243792013853e+00 1.966932727229703026e+00 -2.036437203515939043e+00 1.959322657392399636e+00 -2.046153529806946647e+00 1.946530262095349961e+00 -2.063697510845875271e+00 1.921069381595551961e+00 -2.103858658355440170e+00 1.848570465972362520e+00 -2.273367385451964928e+00 0.000000000000000000e+00 2.273367385451964928e+00 -1.848570465972362520e+00 2.103858658355440170e+00 -1.921069381595551961e+00 2.063697510845875271e+00 -1.946530262095349961e+00 2.046153529806946647e+00 -1.959322657392399636e+00 2.036437203515939043e+00 -1.966932727229703026e+00 2.030333243792013853e+00 -1.971921768977244138e+00 2.026193313678705366e+00 -1.975399433002791527e+00 2.023242818313612634e+00 -1.977922785665042316e+00 2.021071043677558521e+00 -1.979801055689204947e+00 2.019440989232224037e+00 -1.981218654989574723e+00 2.018207313480653742e+00 -1.982291364478617535e+00 2.017276977787808789e+00 -1.983094450413710463e+00 2.016588813970466187e+00 -1.983677731773322073e+00 2.016102276342409461e+00 -1.984074058879387481e+00 2.015791007133925561e+00 -1.984304211778858962e+00 2.015639115056762520e+00 -1.984379700305475058e+00 2.015639115056767849e+00 -1.984304211778863181e+00 2.015791007133932666e+00 -1.984074058879396585e+00 2.016102276342413457e+00 -1.983677731773328290e+00 2.016588813970464411e+00 -1.983094450413720011e+00 2.017276977787815007e+00 -1.982291364478636186e+00 2.018207313480663068e+00 -1.981218654989570727e+00 2.019440989232239581e+00 -1.979801055689205169e+00 2.021071043677562074e+00 -1.977922785665061856e+00 2.023242818313660152e+00 -1.975399433002826388e+00 2.026193313678729346e+00 -1.971921768977251244e+00
1.971921768977244138e+00 -2.030333243792013853e+00 1.966932727229703026e+00 -2.036437203515939043e+00 1.959322657392399636e+00 -2.046153529806946647e+00 1.946530262095349961e+00 -2.063697510845875271e+00 1.921069381595551961e+00 -2.103858658355440170e+00 1.848570465972362520e+00 -2.273367385451964928e+00 0.000000000000000000e+00 2.273367385451964928e+00 -1.848570465972362520e+00 2.103858658355440170e+00 -1.921069381595551961e+00 2.063697510845875271e+00 -1.946530262095349961e+00 2.046153529806946647e+00 -1.959322657392399636e+00 2.036437203515939043e+00 -1.966932727229703026e+00 2.030333243792013853e+00 -1.971921768977244138e+00 2.026193313678705366e+00 -1.975399433002791527e+00 2.023242818313612634e+00 -1.977922785665042316e+00 2.021071043677558521e+00 -1.979801055689204947e+00 2.019440989232224037e+00 -1.981218654989574723e+00 2.018207313480653742e+00 -1.982291364478617535e+00 2.017276977787808789e+00 -1.983094450413710463e+00 2.016588813970466187e+00 -1.983677731773322073e+00 2.016102276342409461e+00 -1.984074058879387481e+00 2.015791007133925561e+00 -1.984304211778858962e+00 2.015639115056762520e+00 -1.984379700305475058e+00 2.015639115056767849e+00 -1.984304211778863181e+00 2.015791007133932666e+00 -1.984074058879396585e+00 2.016102276342413457e+00 -1.983677731773328290e+00 2.016588813970464411e+00 -1.983094450413720011e+00 2.017276977787815007e+00 -1.982291364478636186e+00 2.018207313480663068e+00 -1.981218654989570727e+00 2.019440989232239581e+00 -1.979801055689205169e+00 2.021071043677562074e+00 -1.977922785665061856e+00 2.023242818313660152e+00 -1.975399433002826388e+00 2.026193313678729346e+00
-2.026193313678705366e+00 1.971921768977244138e+00 -2.030333243792013853e+00 1.966932727229703026e+00 -2.036437203515939043e+00 1.959322657392399636e+00 -2.046153529806946647e+00 1.946530262095349961e+00 -2.063697510845875271e+00 1.921069381595551961e+00 -2.103858658355440170e+00 1.848570465972362520e+00 -2.273367385451964928e+00 0.000000000000000000e+00 2.273367385451964928e+00 -1.848570465972362520e+00 2.103858658355440170e+00 -1.921069381595551961e+00 2.063697510845875271e+00 -1.946530262095349961e+00 2.046153529806946647e+00 -1.959322657392399636e+00 2.036437203515939043e+00 -1.966932727229703026e+00 2.030333243792013853e+00 -1.971921768977244138e+00 2.026193313678705366e+00 -1.975399433002791527e+00 2.023242818313612634e+00 -1.977922785665042316e+00 2.021071043677558521e+00 -1.979801055689204947e+00 2.019440989232224037e+00 -1.981218654989574723e+00 2.018207313480653742e+00 -1.982291364478617535e+00 2.017276977787808789e+00 -1.983094450413710463e+00 2.016588813970466187e+00 -1.983677731773322073e+00 2.016102276342409461e+00 -1.984074058879387481e+00 2.015791007133925561e+00 -1.984304211778858962e+00 2.015639115056762520e+00 -1.984379700305475058e+00 2.015639115056767849e+00 -1.984304211778863181e+00 2.015791007133932666e+00 -1.984074058879396585e+00 2.016102276342413457e+00 -1.983677731773328290e+00 2.016588813970464411e+00 -1.983094450413720011e+00 2.017276977787815007e+00 -1.982291364478636186e+00 2.018207313480663068e+00 -1.981218654989570727e+00 2.019440989232239581e+00 -1.979801055689205169e+00 2.021071043677562074e+00 -1.977922785665061856e+00 2.023242818313660152e+00 -1.975399433002826388e+00
1.975399433002791527e+00 -2.026193313678705366e+00 1.971921768977244138e+00 -2.030333243792013853e+00 1.966932727229703026e+00 -2.036437203515939043e+00 1.959322657392399636e+00 -2.046153529806946647e+00 1.946530262095349961e+00 -2.063697510845875271e+00 1.921069381595551961e+00 -2.103858658355440170e+00 1.848570465972362520e+00 -2.273367385451964928e+00 0.000000000000000000e+00 2.273367385451964928e+00 -1.848570465972362520e+00 2.103858658355440170e+00 -1.921069381595551961e+00 2.063697510845875271e+00 -1.946530262095349961e+00 2.046153529806946647e+00 -1.959322657392399636e+00 2.036437203515939043e+00 -1.966932727229703026e+00 2.030333243792013853e+00 -1.971921768977244138e+00 2.026193313678705366e+00 -1.975399433002791527e+00 2.023242818313612634e+00 -1.977922785665042316e+00 2.021071043677558521e+00 -1.979801055689204947e+00 2.019440989232224037e+00 -1.981218654989574723e+00 2.018207313480653742e+00 -1.982291364478617535e+00 2.017276977787808789e+00 -1.983094450413710463e+00 2.016588813970466187e+00 -1.983677731773322073e+00 2.016102276342409461e+00 -1.984074058879387481e+00 2.015791007133925561e+00 -1.984304211778858962e+00 2.015639115056762520e+00 -1.984379700305475058e+00 2.015639115056767849e+00 -1.984304211778863181e+00 2.015791007133932666e+00 -1.984074058879396585e+00 2.016102276342413457e+00 -1.983677731773328290e+00 2.016588813970464411e+00 -1.983094450413720011e+00 2.017276977787815007e+00 -1.982291364478636186e+00 2.018207313480663068e+00 -1.981218654989570727e+00 2.019440989232239581e+00 -1.979801055689205169e+00 2.021071043677562074e+00 -1.977922785665061856e+00 2.023242818313660152e+00
-2.023242818313612634e+00 1.975399433002791527e+00 -2.026193313678705366e+00 1.971921768977244138e+00 -2.030333243792013853e+00 1.966932727229703026e+00 -2.036437203515939043e+00 1.959322657392399636e+00 -2.046153529806946647e+00 1.946530262095349961e+00 -2.063697510845875271e+00 1.921069381595551961e+00 -2.103858658355440170e+00 1.848570465972362520e+00 -2.273367385451964928e+00 0.000000000000000000e+00 2.273367385451964928e+00 -1.848570465972362520e+00 2.103858658355440170e+00 -1.921069381595551961e+00 2.063697510845875271e+00 -1.946530262095349961e+00 2.046153529806946647e+00 -1.959322657392399636e+00 2.036437203515939043e+00 -1.966932727229703026e+00 2.030333243792013853e+00 -1.971921768977244138e+00 2.026193313678705366e+00 -1.975399433002791527e+00 2.023242818313612634e+00 -1.977922785665042316e+00 2.021071043677558521e+00 -1.979801055689204947e+00 2.019440989232224037e+00 -1.981218654989574723e+00 2.018207313480653742e+00 -1.982291364478617535e+00 2.017276977787808789e+00 -1.983094450413710463e+00 2.016588813970466187e+00 -1.983677731773322073e+00 2.016102276342409461e+00 -1.984074058879387481e+00 2.015791007133925561e+00 -1.984304211778858962e+00 2.015639115056762520e+00 -1.984379700305475058e+00 2.015639115056767849e+00 -1.984304211778863181e+00 2.015791007133932666e+00 -1.984074058879396585e+00 2.016102276342413457e+00 -1.983677731773328290e+00 2.016588813970464411e+00 -1.983094450413720011e+00 2.017276977787815007e+00 -1.982291364478636186e+00 2.018207313480663068e+00 -1.981218654989570727e+00 2.019440989232239581e+00 -1.979801055689205169e+00 2.021071043677562074e+00 -1.977922785665061856e+00
1.977922785665042316e+00 -2.023242818313612634e+00 1.975399433002791527e+00 -2.026193313678705366e+00 1.971921768977244138e+00 -2.030333243792013853e+00 1.966932727229703026e+00 -2.036437203515939043e+00 1.959322657392399636e+00 -2.046153529806946647e+00 1.946530262095349961e+00 -2.063697510845875271e+00 1.921069381595551961e+00 -2.103858658355440170e+00 1.848570465972362520e+00 -2.273367385451964928e+00 0.000000000000000000e+00 2.273367385451964928e+00 -1.848570465972362520e+00 2.103858658355440170e+00 -1.921069381595551961e+00 2.063697510845875271e+00 -1.946530262095349961e+00 2.046153529806946647e+00 -1.959322657392399636e+00 2.036437203515939043e+00 -1.966932727229703026e+00 2.030333243792013853e+00 -1.971921768977244138e+00 2.026193313678705366e+00 -1.975399433002791527e+00 2.023242818313612634e+00 -1.977922785665042316e+00 2.021071043677558521e+00 -1.979801055689204947e+00 2.019440989232224037e+00 -1.981218654989574723e+00 2.018207313480653742e+00 -1.982291364478617535e+00 2.017276977787808789e+00 -1.983094450413710463e+00 2.016588813970466187e+00 -1.983677731773322073e+00 2.016102276342409461e+00 -1.984074058879387481e+00 2.015791007133925561e+00 -1.984304211778858962e+00 2.015639115056762520e+00 -1.984379700305475058e+00 2.015639115056767849e+00 -1.984304211778863181e+00 2.015791007133932666e+00 -1.984074058879396585e+00 2.016102276342413457e+00 -1.983677731773328290e+00 2.016588813970464411e+00 -1.983094450413720011e+00 2.017276977787815007e+00 -1.982291364478636186e+00 2.018207313480663068e+00 -1.981218654989570727e+00 2.019440989232239581e+00 -1.979801055689205169e+00 2.021071043677562074e+00
-2.021071043677558521e+00 1.977922785665042316e+00 -2.023242818313612634e+00 1.975399433002791527e+00 -2.026193313678705366e+00 1.971921768977244138e+00 -2.030333243792013853e+00 1.966932727229703026e+00 -2.036437203515939043e+00 1.959322657392399636e+00 -2.046153529806946647e+00 1.946530262095349961e+00 -2.063697510845875271e+00 1.921069381595551961e+00 -2.103858658355440170e+00 1.848570465972362520e+00 -2.273367385451964928e+00 0.000000000000000000e+00 2.273367385451964928e+00 -1.848570465972362520e+00 2.103858658355440170e+00 -1.921069381595551961e+00 2.063697510845875271e+00 -1.946530262095349961e+00 2.046153529806946647e+00 -1.959322657392399636e+00 2.036437203515939043e+00 -1.966932727229703026e+00 2.030333243792013853e+00 -1.971921768977244138e+00 2.026193313678705366e+00 -1.975399433002791527e+00 2.023242818313612634e+00 -1.977922785665042316e+00 2.021071043677558521e+00 -1.979801055689204947e+00 2.019440989232224037e+00 -1.981218654989574723e+00 2.018207313480653742e+00 -1.982291364478617535e+00 2.017276977787808789e+00 -1.983094450413710463e+00 2.016588813970466187e+00 -1.983677731773322073e+00 2.016102276342409461e+00 -1.984074058879387481e+00 2.015791007133925561e+00 -1.984304211778858962e+00 2.015639115056762520e+00 -1.984379700305475058e+00 2.015639115056767849e+00 -1.984304211778863181e+00 2.015791007133932666e+00 -1.984074058879396585e+00 2.016102276342413457e+00 -1.983677731773328290e+00 2.016588813970464411e+00 -1.983094450413720011e+00 2.017276977787815007e+00 -1.982291364478636186e+00 2.018207313480663068e+00 -1.981218654989570727e+00 2.019440989232239581e+00 -1.979801055689205169e+00
1.979801055689204947e+00 -2.021071043677558521e+00 1.977922785665042316e+00 -2.023242818313612634e+00 1.975399433002791527e+00 -2.026193313678705366e+00 1.971921768977244138e+00 -2.030333243792013853e+00 1.966932727229703026e+00 -2.036437203515939043e+00 1.959322657392399636e+00 -2.046153529806946647e+00 1.946530262095349961e+00 -2.063697510845875271e+00 1.921069381595551961e+00 -2.103858658355440170e+00 1.848570465972362520e+00 -2.273367385451964928e+00 0.000000000000000000e+00 2.273367385451964928e+00 -1.848570465972362520e+00 2.103858658355440170e+00 -1.921069381595551961e+00 2.063697510845875271e+00 -1.946530262095349961e+00 2.046153529806946647e+00 -1.959322657392399636e+00 2.036437203515939043e+00 -1.966932727229703026e+00 2.030333243792013853e+00 -1.971921768977244138e+00 2.026193313678705366e+00 -1.975399433002791527e+00 2.023242818313612634e+00 -1.977922785665042316e+00 2.021071043677558521e+00 -1.979801055689204947e+00 2.019440989232224037e+00 -1.981218654989574723e+00 2.018207313480653742e+00 -1.982291364478617535e+00 2.017276977787808789e+00 -1.983094450413710463e+00 2.016588813970466187e+00 -1.983677731773322073e+00 2.016102276342409461e+00 -1.984074058879387481e+00 2.015791007133925561e+00 -1.984304211778858962e+00 2.015639115056762520e+00 -1.984379700305475058e+00 2.015639115056767849e+00 -1.984304211778863181e+00 2.015791007133932666e+00 -1.984074058879396585e+00 2.016102276342413457e+00 -1.983677731773328290e+00 2.016588813970464411e+00 -1.983094450413720011e+00 2.017276977787815007e+00 -1.982291364478636186e+00 2.018207313480663068e+00 -1.981218654989570727e+00 2.019440989232239581e+00
-2.019440989232224037e+00 1.979801055689204947e+00 -2.021071043677558521e+00 1.977922785665042316e+00 -2.023242818313612634e+00 1.975399433002791527e+00 -2.026193313678705366e+00 1.971921768977244138e+00 -2.030333243792013853e+00 1.966932727229703026e+00 -2.036437203515939043e+00 1.959322657392399636e+00 -2.046153529806946647e+00 1.946530262095349961e+00 -2.063697510845875271e+00 1.921069381595551961e+00 -2.103858658355440170e+00 1.848570465972362520e+00 -2.273367385451964928e+00 0.000000000000000000e+00 2.273367385451964928e+00 -1.848570465972362520e+00 2.103858658355440170e+00 -1.921069381595551961e+00 2.063697510845875271e+00 -1.946530262095349961e+00 2.046153529806946647e+00 -1.959322657392399636e+00 2.036437203515939043e+00 -1.966932727229703026e+00 2.030333243792013853e+00 -1.971921768977244138e+00 2.026193313678705366e+00 -1.975399433002791527e+00 2.023242818313612634e+00 -1.977922785665042316e+00 2.021071043677558521e+00 -1.979801055689204947e+00 2.019440989232224037e+00 -1.981218654989574723e+00 2.018207313480653742e+00 -1.982291364478617535e+00 2.017276977787808789e+00 -1.983094450413710463e+00 2.016588813970466187e+00 -1.983677731773322073e+00 2.016102276342409461e+00 -1.984074058879387481e+00 2.015791007133925561e+00 -1.984304211778858962e+00 2.015639115056762520e+00 -1.984379700305475058e+00 2.015639115056767849e+00 -1.984304211778863181e+00 2.015791007133932666e+00 -1.984074058879396585e+00 2.016102276342413457e+00 -1.983677731773328290e+00 2.016588813970464411e+00 -1.983094450413720011e+00 2.017276977787815007e+00 -1.982291364478636186e+00 2.018207313480663068e+00 -1.981218654989570727e+00
1.981218654989574723e+00 -2.019440989232224037e+00 1.979801055689204947e+00 -2.021071043677558521e+00 1.977922785665042316e+00 -2.023242818313612634e+00 1.975399433002791527e+00 -2.026193313678705366e+00 1.971921768977244138e+00 -2.030333243792013853e+00 1.966932727229703026e+00 -2.036437203515939043e+00 1.959322657392399636e+00 -2.046153529806946647e+00 1.946530262095349961e+00 -2.063697510845875271e+00 1.921069381595551961e+00 -2.103858658355440170e+00 1.848570465972362520e+00 -2.273367385451964928e+00 0.000000000000000000e+00 2.273367385451964928e+00 -1.848570465972362520e+00 2.103858658355440170e+00 -1.921069381595551961e+00 2.063697510845875271e+00 -1.946530262095349961e+00 2.046153529806946647e+00 -1.959322657392399636e+00 2.036437203515939043e+00 -1.966932727229703026e+00 2.030333243792013853e+00 -1.971921768977244138e+00 2.026193313678705366e+00 -1.975399433002791527e+00 2.023242818313612634e+00 -1.977922785665042316e+00 2.021071043677558521e+00 -1.979801055689204947e+00 2.019440989232224037e+00 -1.981218654989574723e+00 2.018207313480653742e+00 -1.982291364478617535e+00 2.017276977787808789e+00 -1.983094450413710463e+00 2.016588813970466187e+00 -1.983677731773322073e+00 2.016102276342409461e+00 -1.984074058879387481e+00 2.015791007133925561e+00 -1.984304211778858962e+00 2.015639115056762520e+00 -1.984379700305475058e+00 2.015639115056767849e+00 -1.984304211778863181e+00 2.015791007133932666e+00 -1.984074058879396585e+00 2.016102276342413457e+00 -1.983677731773328290e+00 2.016588813970464411e+00 -1.983094450413720011e+00 2.017276977787815007e+00 -1.982291364478636186e+00 2.018207313480663068e+00
-2.018207313480653742e+00 1.981218654989574723e+00 -2.019440989232224037e+00 1.979801055689204947e+00 -2.021071043677558521e+00 1.977922785665042316e+00 -2.023242818313612634e+00 1.975399433002791527e+00 -2.026193313678705366e+00 1.971921768977244138e+00 -2.030333243792013853e+00 1.966932727229703026e+00 -2.036437203515939043e+00 1.959322657392399636e+00 -2.046153529806946647e+00 1.946530262095349961e+00 -2.063697510845875271e+00 1.921069381595551961e+00 -2.103858658355440170e+00 1.848570465972362520e+00 -2.273367385451964928e+00 0.000000000000000000e+00 2.273367385451964928e+00 -1.848570465972362520e+00 2.103858658355440170e+00 -1.921069381595551961e+00 2.063697510845875271e+00 -1.946530262095349961e+00 2.046153529806946647e+00 -1.959322657392399636e+00 2.036437203515939043e+00 -1.966932727229703026e+00 2.030333243792013853e+00 -1.971921768977244138e+00 2.026193313678705366e+00 -1.975399433002791527e+00 2.023242818313612634e+00 -1.977922785665042316e+00 2.021071043677558521e+00 -1.979801055689204947e+00 2.019440989232224037e+00 -1.981218654989574723e+00 2.018207313480653742e+00 -1.982291364478617535e+00 2.017276977787808789e+00 -1.983094450413710463e+00 2.016588813970466187e+00 -1.983677731773322073e+00 2.016102276342409461e+00 -1.984074058879387481e+00 2.015791007133925561e+00 -1.984304211778858962e+00 2.015639115056762520e+00 -1.984379700305475058e+00 2.015639115056767849e+00 -1.984304211778863181e+00 2.015791007133932666e+00 -1.984074058879396585e+00 2.016102276342413457e+00 -1.983677731773328290e+00 2.016588813970464411e+00 -1.983094450413720011e+00 2.017276977787815007e+00 -1.982291364478636186e+00
1.982291364478617535e+00 -2.018207313480653742e+00 1.981218654989574723e+00 -2.019440989232224037e+00 1.979801055689204947e+00 -2.021071043677558521e+00 1.977922785665042316e+00 -2.023242818313612634e+00 1.975399433002791527e+00 -2.026193313678705366e+00 1.971921768977244138e+00 -2.030333243792013853e+00 1.966932727229703026e+00 -2.036437203515939043e+00 1.959322657392399636e+00 -2.046153529806946647e+00 1.946530262095349961e+00 -2.063697510845875271e+00 1.921069381595551961e+00 -2.103858658355440170e+00 1.848570465972362520e+00 -2.273367385451964928e+00 0.000000000000000000e+00 2.273367385451964928e+00 -1.848570465972362520e+00 2.103858658355440170e+00 -1.921069381595551961e+00 2.063697510845875271e+00 -1.946530262095349961e+00 2.046153529806946647e+00 -1.959322657392399636e+00 2.036437203515939043e+00 -1.966932727229703026e+00 2.030333243792013853e+00 -1.971921768977244138e+00 2.026193313678705366e+00 -1.975399433002791527e+00 2.023242818313612634e+00 -1.977922785665042316e+00 2.021071043677558521e+00 -1.979801055689204947e+00 2.019440989232224037e+00 -1.981218654989574723e+00 2.018207313480653742e+00 -1.982291364478617535e+00 2.017276977787808789e+00 -1.983094450413710463e+00 2.016588813970466187e+00 -1.983677731773322073e+00 2.016102276342409461e+00 -1.984074058879387481e+00 2.015791007133925561e+00 -1.984304211778858962e+00 2.015639115056762520e+00 -1.984379700305475058e+00 2.015639115056767849e+00 -1.984304211778863181e+00 2.015791007133932666e+00 -1.984074058879396585e+00 2.016102276342413457e+00 -1.983677731773328290e+00 2.016588813970464411e+00 -1.983094450413720011e+00 2.017276977787815007e+00
-2.017276977787808789e+00 1.982291364478617535e+00 -2.018207313480653742e+00 1.981218654989574723e+00 -2.019440989232224037e+00 1.979801055689204947e+00 -2.021071043677558521e+00 1.977922785665042316e+00 -2.023242818313612634e+00 1.975399433002791527e+00 -2.026193313678705366e+00 1.971921768977244138e+00 -2.030333243792013853e+00 1.966932727229703026e+00 -2.036437203515939043e+00 1.959322657392399636e+00 -2.046153529806946647e+00 1.946530262095349961e+00 -2.063697510845875271e+00 1.921069381595551961e+00 -2.103858658355440170e+00 1.848570465972362520e+00 -2.273367385451964928e+00 0.000000000000000000e+00 2.273367385451964928e+00 -1.848570465972362520e+00 2.103858658355440170e+00 -1.921069381595551961e+00 2.063697510845875271e+00 -1.946530262095349961e+00 2.046153529806946647e+00 -1.959322657392399636e+00 2.036437203515939043e+00 -1.966932727229703026e+00 2.030333243792013853e+00 -1.971921768977244138e+00 2.026193313678705366e+00 -1.975399433002791527e+00 2.023242818313612634e+00 -1.977922785665042316e+00 2.021071043677558521e+00 -1.979801055689204947e+00 2.019440989232224037e+00 -1.981218654989574723e+00 2.018207313480653742e+00 -1.982291364478617535e+00 2.017276977787808789e+00 -1.983094450413710463e+00 2.016588813970466187e+00 -1.983677731773322073e+00 2.016102276342409461e+00 -1.984074058879387481e+00 2.015791007133925561e+00 -1.984304211778858962e+00 2.015639115056762520e+00 -1.984379700305475058e+00 2.015639115056767849e+00 -1.984304211778863181e+00 2.015791007133932666e+00 -1.984074058879396585e+00 2.016102276342413457e+00 -1.983677731773328290e+00 2.016588813970464411e+00 -1.983094450413720011e+00
1.983094450413710463e+00 -2.017276977787808789e+00 1.982291364478617535e+00 -2.018207313480653742e+00 1.981218654989574723e+00 -2.019440989232224037e+00 1.979801055689204947e+00 -2.021071043677558521e+00 1.977922785665042316e+00 -2.023242818313612634e+00 1.975399433002791527e+00 -2.026193313678705366e+00 1.971921768977244138e+00 -2.030333243792013853e+00 1.966932727229703026e+00 -2.036437203515939043e+00 1.959322657392399636e+00 -2.046153529806946647e+00 1.946530262095349961e+00 -2.063697510845875271e+00 1.921069381595551961e+00 -2.103858658355440170e+00 1.848570465972362520e+00 -2.273367385451964928e+00 0.000000000000000000e+00 2.273367385451964928e+00 -1.848570465972362520e+00 2.103858658355440170e+00 -1.921069381595551961e+00 2.063697510845875271e+00 -1.946530262095349961e+00 2.046153529806946647e+00 -1.959322657392399636e+00 2.036437203515939043e+00 -1.966932727229703026e+00 2.030333243792013853e+00 -1.971921768977244138e+00 2.026193313678705366e+00 -1.975399433002791527e+00 2.023242818313612634e+00 -1.977922785665042316e+00 2.021071043677558521e+00 -1.979801055689204947e+00 2.019440989232224037e+00 -1.981218654989574723e+00 2.018207313480653742e+00 -1.982291364478617535e+00 2.017276977787808789e+00 -1.983094450413710463e+00 2.016588813970466187e+00 -1.983677731773322073e+00 2.016102276342409461e+00 -1.984074058879387481e+00 2.015791007133925561e+00 -1.984304211778858962e+00 2.015639115056762520e+00 -1.984379700305475058e+00 2.015639115056767849e+00 -1.984304211778863181e+00 2.015791007133932666e+00 -1.984074058879396585e+00 2.016102276342413457e+00 -1.983677731773328290e+00 2.016588813970464411e+00
-2.016588813970466187e+00 1.983094450413710463e+00 -2.017276977787808789e+00 1.982291364478617535e+00 -2.018207313480653742e+00 1.981218654989574723e+00 -2.019440989232224037e+00 1.979801055689204947e+00 -2.021071043677558521e+00 1.977922785665042316e+00 -2.023242818313612634e+00 1.975399433002791527e+00 -2.026193313678705366e+00 1.971921768977244138e+00 -2.030333243792013853e+00 1.966932727229703026e+00 -2.036437203515939043e+00 1.959322657392399636e+00 -2.046153529806946647e+00 1.946530262095349961e+00 -2.063697510845875271e+00 1.921069381595551961e+00 -2.103858658355440170e+00 1.848570465972362520e+00 -2.273367385451964928e+00 0.000000000000000000e+00 2.273367385451964928e+00 -1.848570465972362520e+00 2.103858658355440170e+00 -1.921069381595551961e+00 2.063697510845875271e+00 -1.946530262095349961e+00 2.046153529806946647e+00 -1.959322657392399636e+00 2.036437203515939043e+00 -1.966932727229703026e+00 2.030333243792013853e+00 -1.971921768977244138e+00 2.026193313678705366e+00 -1.975399433002791527e+00 2.023242818313612634e+00 -1.977922785665042316e+00 2.021071043677558521e+00 -1.979801055689204947e+00 2.019440989232224037e+00 -1.981218654989574723e+00 2.018207313480653742e+00 -1.982291364478617535e+00 2.017276977787808789e+00 -1.983094450413710463e+00 2.016588813970466187e+00 -1.983677731773322073e+00 2.016102276342409461e+00 -1.984074058879387481e+00 2.015791007133925561e+00 -1.984304211778858962e+00 2.015639115056762520e+00 -1.984379700305475058e+00 2.015639115056767849e+00 -1.984304211778863181e+00 2.015791007133932666e+00 -1.984074058879396585e+00 2.016102276342413457e+00 -1.983677731773328290e+00
1.983677731773322073e+00 -2.016588813970466187e+00 1.983094450413710463e+00 -2.017276977787808789e+00 1.982291364478617535e+00 -2.018207313480653742e+00 1.981218654989574723e+00 -2.019440989232224037e+00 1.979801055689204947e+00 -2.021071043677558521e+00 1.977922785665042316e+00 -2.023242818313612634e+00 1.975399433002791527e+00 -2.026193313678705366e+00 1.971921768977244138e+00 -2.030333243792013853e+00 1.966932727229703026e+00 -2.036437203515939043e+00 1.959322657392399636e+00 -2.046153529806946647e+00 1.946530262095349961e+00 -2.063697510845875271e+00 1.921069381595551961e+00 -2.103858658355440170e+00 1.848570465972362520e+00 -2.273367385451964928e+00 0.000000000000000000e+00 2.273367385451964928e+00 -1.848570465972362520e+00 2.103858658355440170e+00 -1.921069381595551961e+00 2.063697510845875271e+00 -1.946530262095349961e+00 2.046153529806946647e+00 -1.959322657392399636e+00 2.036437203515939043e+00 -1.966932727229703026e+00 2.030333243792013853e+00 -1.971921768977244138e+00 2.026193313678705366e+00 -1.975399433002791527e+00 2.023242818313612634e+00 -1.977922785665042316e+00 2.021071043677558521e+00 -1.979801055689204947e+00 2.019440989232224037e+00 -1.981218654989574723e+00 2.018207313480653742e+00 -1.982291364478617535e+00 2.017276977787808789e+00 -1.983094450413710463e+00 2.016588813970466187e+00 -1.983677731773322073e+00 2.016102276342409461e+00 -1.984074058879387481e+00 2.015791007133925561e+00 -1.984304211778858962e+00 2.015639115056762520e+00 -1.984379700305475058e+00 2.015639115056767849e+00 -1.984304211778863181e+00 2.015791007133932666e+00 -1.984074058879396585e+00 2.016102276342413457e+00
-2.016102276342409461e+00 1.983677731773322073e+00 -2.016588813970466187e+00 1.983094450413710463e+00 -2.017276977787808789e+00 1.982291364478617535e+00 -2.018207313480653742e+00 1.981218654989574723e+00 -2.019440989232224037e+00 1.979801055689204947e+00 -2.021071043677558521e+00 1.977922785665042316e+00 -2.023242818313612634e+00 1.975399433002791527e+00 -2.026193313678705366e+00 1.971921768977244138e+00 -2.030333243792013853e+00 1.966932727229703026e+00 -2.036437203515939043e+00 1.959322657392399636e+00 -2.046153529806946647e+00 1.946530262095349961e+00 -2.063697510845875271e+00 1.921069381595551961e+00 -2.103858658355440170e+00 1.848570465972362520e+00 -2.273367385451964928e+00 0.000000000000000000e+00 2.273367385451964928e+00 -1.848570465972362520e+00 2.103858658355440170e+00 -1.921069381595551961e+00 2.063697510845875271e+00 -1.946530262095349961e+00 2.046153529806946647e+00 -1.959322657392399636e+00 2.036437203515939043e+00 -1.966932727229703026e+00 2.030333243792013853e+00 -1.971921768977244138e+00 2.026193313678705366e+00 -1.975399433002791527e+00 2.023242818313612634e+00 -1.977922785665042316e+00 2.021071043677558521e+00 -1.979801055689204947e+00 2.019440989232224037e+00 -1.981218654989574723e+00 2.018207313480653742e+00 -1.982291364478617535e+00 2.017276977787808789e+00 -1.983094450413710463e+00 2.016588813970466187e+00 -1.983677731773322073e+00 2.016102276342409461e+00 -1.984074058879387481e+00 2.015791007133925561e+00 -1.984304211778858962e+00 2.015639115056762520e+00 -1.984379700305475058e+00 2.015639115056767849e+00 -1.984304211778863181e+00 2.015791007133932666e+00 -1.984074058879396585e+00
1.984074058879387481e+00 -2.016102276342409461e+00 1.983677731773322073e+00 -2.016588813970466187e+00 1.983094450413710463e+00 -2.017276977787808789e+00 1.982291364478617535e+00 -2.018207313480653742e+00 1.981218654989574723e+00 -2.019440989232224037e+00 1.979801055689204947e+00 -2.021071043677558521e+00 1.977922785665042316e+00 -2.023242818313612634e+00 1.975399433002791527e+00 -2.026193313678705366e+00 1.971921768977244138e+00 -2.030333243792013853e+00 1.966932727229703026e+00 -2.036437203515939043e+00 1.959322657392399636e+00 -2.046153529806946647e+00 1.946530262095349961e+00 -2.063697510845875271e+00 1.921069381595551961e+00 -2.103858658355440170e+00 1.848570465972362520e+00 -2.273367385451964928e+00 0.000000000000000000e+00 2.273367385451964928e+00 -1.848570465972362520e+00 2.103858658355440170e+00 -1.921069381595551961e+00 2.063697510845875271e+00 -1.946530262095349961e+00 2.046153529806946647e+00 -1.959322657392399636e+00 2.036437203515939043e+00 -1.966932727229703026e+00 2.030333243792013853e+00 -1.971921768977244138e+00 2.026193313678705366e+00 -1.975399433002791527e+00 2.023242818313612634e+00 -1.977922785665042316e+00 2.021071043677558521e+00 -1.979801055689204947e+00 2.019440989232224037e+00 -1.981218654989574723e+00 2.018207313480653742e+00 -1.982291364478617535e+00 2.017276977787808789e+00 -1.983094450413710463e+00 2.016588813970466187e+00 -1.983677731773322073e+00 2.016102276342409461e+00 -1.984074058879387481e+00 2.015791007133925561e+00 -1.984304211778858962e+00 2.015639115056762520e+00 -1.984379700305475058e+00 2.015639115056767849e+00 -1.984304211778863181e+00 2.015791007133932666e+00
-2.015791007133925561e+00 1.984074058879387481e+00 -2.016102276342409461e+00 1.983677731773322073e+00 -2.016588813970466187e+00 1.983094450413710463e+00 -2.017276977787808789e+00 1.982291364478617535e+00 -2.018207313480653742e+00 1.981218654989574723e+00 -2.019440989232224037e+00 1.979801055689204947e+00 -2.021071043677558521e+00 1.977922785665042316e+00 -2.023242818313612634e+00 1.975399433002791527e+00 -2.026193313678705366e+00 1.971921768977244138e+00 -2.030333243792013853e+00 1.966932727229703026e+00 -2.036437203515939043e+00 1.959322657392399636e+00 -2.046153529806946647e+00 1.946530262095349961e+00 -2.063697510845875271e+00 1.921069381595551961e+00 -2.103858658355440170e+00 1.848570465972362520e+00 -2.273367385451964928e+00 0.000000000000000000e+00 2.273367385451964928e+00 -1.848570465972362520e+00 2.103858658355440170e+00 -1.921069381595551961e+00 2.063697510845875271e+00 -1.946530262095349961e+00 2.046153529806946647e+00 -1.959322657392399636e+00 2.036437203515939043e+00 -1.966932727229703026e+00 2.030333243792013853e+00 -1.971921768977244138e+00 2.026193313678705366e+00 -1.975399433002791527e+00 2.023242818313612634e+00 -1.977922785665042316e+00 2.021071043677558521e+00 -1.979801055689204947e+00 2.019440989232224037e+00 -1.981218654989574723e+00 2.018207313480653742e+00 -1.982291364478617535e+00 2.017276977787808789e+00 -1.983094450413710463e+00 2.016588813970466187e+00 -1.983677731773322073e+00 2.016102276342409461e+00 -1.984074058879387481e+00 2.015791007133925561e+00 -1.984304211778858962e+00 2.015639115056762520e+00 -1.984379700305475058e+00 2.015639115056767849e+00 -1.984304211778863181e+00
1.984304211778858962e+00 -2.015791007133925561e+00 1.984074058879387481e+00 -2.016102276342409461e+00 1.983677731773322073e+00 -2.016588813970466187e+00 1.983094450413710463e+00 -2.017276977787808789e+00 1.982291364478617535e+00 -2.018207313480653742e+00 1.981218654989574723e+00 -2.019440989232224037e+00 1.979801055689204947e+00 -2.021071043677558521e+00 1.977922785665042316e+00 -2.023242818313612634e+00 1.975399433002791527e+00 -2.026193313678705366e+00 1.971921768977244138e+00 -2.030333243792013853e+00 1.966932727229703026e+00 -2.036437203515939043e+00 1.959322657392399636e+00 -2.046153529806946647e+00 1.946530262095349961e+00 -2.063697510845875271e+00 1.921069381595551961e+00 -2.103858658355440170e+00 1.848570465972362520e+00 -2.273367385451964928e+00 0.000000000000000000e+00 2.273367385451964928e+00 -1.848570465972362520e+00 2.103858658355440170e+00 -1.921069381595551961e+00 2.063697510845875271e+00 -1.946530262095349961e+00 2.046153529806946647e+00 -1.959322657392399636e+00 2.036437203515939043e+00 -1.966932727229703026e+00 2.030333243792013853e+00 -1.971921768977244138e+00 2.026193313678705366e+00 -1.975399433002791527e+00 2.023242818313612634e+00 -1.977922785665042316e+00 2.021071043677558521e+00 -1.979801055689204947e+00 2.019440989232224037e+00 -1.981218654989574723e+00 2.018207313480653742e+00 -1.982291364478617535e+00 2.017276977787808789e+00 -1.983094450413710463e+00 2.016588813970466187e+00 -1.983677731773322073e+00 2.016102276342409461e+00 -1.984074058879387481e+00 2.015791007133925561e+00 -1.984304211778858962e+00 2.015639115056762520e+00 -1.984379700305475058e+00 2.015639115056767849e+00
-2.015639115056762520e+00 1.984304211778858962e+00 -2.015791007133925561e+00 1.984074058879387481e+00 -2.016102276342409461e+00 1.983677731773322073e+00 -2.016588813970466187e+00 1.983094450413710463e+00 -2.017276977787808789e+00 1.982291364478617535e+00 -2.018207313480653742e+00 1.981218654989574723e+00 -2.019440989232224037e+00 1.979801055689204947e+00 -2.021071043677558521e+00 1.977922785665042316e+00 -2.023242818313612634e+00 1.975399433002791527e+00 -2.026193313678705366e+00 1.971921768977244138e+00 -2.030333243792013853e+00 1.966932727229703026e+00 -2.036437203515939043e+00 1.959322657392399636e+00 -2.046153529806946647e+00 1.946530262095349961e+00 -2.063697510845875271e+00 1.921069381595551961e+00 -2.103858658355440170e+00 1.848570465972362520e+00 -2.273367385451964928e+00 0.000000000000000000e+00 2.273367385451964928e+00 -1.848570465972362520e+00 2.103858658355440170e+00 -1.921069381595551961e+00 2.063697510845875271e+00 -1.946530262095349961e+00 2.046153529806946647e+00 -1.959322657392399636e+00 2.036437203515939043e+00 -1.966932727229703026e+00 2.030333243792013853e+00 -1.971921768977244138e+00 2.026193313678705366e+00 -1.975399433002791527e+00 2.023242818313612634e+00 -1.977922785665042316e+00 2.021071043677558521e+00 -1.979801055689204947e+00 2.019440989232224037e+00 -1.981218654989574723e+00 2.018207313480653742e+00 -1.982291364478617535e+00 2.017276977787808789e+00 -1.983094450413710463e+00 2.016588813970466187e+00 -1.983677731773322073e+00 2.016102276342409461e+00 -1.984074058879387481e+00 2.015791007133925561e+00 -1.984304211778858962e+00 2.015639115056762520e+00 -1.984379700305475058e+00
1.984379700305475058e+00 -2.015639115056762520e+00 1.984304211778858962e+00 -2.015791007133925561e+00 1.984074058879387481e+00 -2.016102276342409461e+00 1.983677731773322073e+00 -2.016588813970466187e+00 1.983094450413710463e+00 -2.017276977787808789e+00 1.982291364478617535e+00 -2.018207313480653742e+00 1.981218654989574723e+00 -2.019440989232224037e+00 1.979801055689204947e+00 -2.021071043677558521e+00 1.977922785665042316e+00 -2.023242818313612634e+00 1.975399433002791527e+00 -2.026193313678705366e+00 1.971921768977244138e+00 -2.030333243792013853e+00 1.966932727229703026e+00 -2.036437203515939043e+00 1.959322657392399636e+00 -2.046153529806946647e+00 1.946530262095349961e+00 -2.063697510845875271e+00 1.921069381595551961e+00 -2.103858658355440170e+00 1.848570465972362520e+00 -2.273367385451964928e+00 0.000000000000000000e+00 2.273367385451964928e+00 -1.848570465972362520e+00 2.103858658355440170e+00 -1.921069381595551961e+00 2.063697510845875271e+00 -1.946530262095349961e+00 2.046153529806946647e+00 -1.959322657392399636e+00 2.036437203515939043e+00 -1.966932727229703026e+00 2.030333243792013853e+00 -1.971921768977244138e+00 2.026193313678705366e+00 -1.975399433002791527e+00 2.023242818313612634e+00 -1.977922785665042316e+00 2.021071043677558521e+00 -1.979801055689204947e+00 2.019440989232224037e+00 -1.981218654989574723e+00 2.018207313480653742e+00 -1.982291364478617535e+00 2.017276977787808789e+00 -1.983094450413710463e+00 2.016588813970466187e+00 -1.983677731773322073e+00 2.016102276342409461e+00 -1.984074058879387481e+00 2.015791007133925561e+00 -1.984304211778858962e+00 2.015639115056762520e+00
-2.015639115056767849e+00 1.984379700305475058e+00 -2.015639115056762520e+00 1.984304211778858962e+00 -2.015791007133925561e+00 1.984074058879387481e+00 -2.016102276342409461e+00 1.983677731773322073e+00 -2.016588813970466187e+00 1.983094450413710463e+00 -2.017276977787808789e+00 1.982291364478617535e+00 -2.018207313480653742e+00 1.981218654989574723e+00 -2.019440989232224037e+00 1.979801055689204947e+00 -2.021071043677558521e+00 1.977922785665042316e+00 -2.023242818313612634e+00 1.975399433002791527e+00 -2.026193313678705366e+00 1.971921768977244138e+00 -2.030333243792013853e+00 1.966932727229703026e+00 -2.036437203515939043e+00 1.959322657392399636e+00 -2.046153529806946647e+00 1.946530262095349961e+00 -2.063697510845875271e+00 1.921069381595551961e+00 -2.103858658355440170e+00 1.848570465972362520e+00 -2.273367385451964928e+00 0.000000000000000000e+00 2.273367385451964928e+00 -1.848570465972362520e+00 2.103858658355440170e+00 -1.921069381595551961e+00 2.063697510845875271e+00 -1.946530262095349961e+00 2.046153529806946647e+00 -1.959322657392399636e+00 2.036437203515939043e+00 -1.966932727229703026e+00 2.030333243792013853e+00 -1.971921768977244138e+00 2.026193313678705366e+00 -1.975399433002791527e+00 2.023242818313612634e+00 -1.977922785665042316e+00 2.021071043677558521e+00 -1.979801055689204947e+00 2.019440989232224037e+00 -1.981218654989574723e+00 2.018207313480653742e+00 -1.982291364478617535e+00 2.017276977787808789e+00 -1.983094450413710463e+00 2.016588813970466187e+00 -1.983677731773322073e+00 2.016102276342409461e+00 -1.984074058879387481e+00 2.015791007133925561e+00 -1.984304211778858962e+00
1.984304211778863181e+00 -2.015639115056767849e+00 1.984379700305475058e+00 -2.015639115056762520e+00 1.984304211778858962e+00 -2.015791007133925561e+00 1.984074058879387481e+00 -2.016102276342409461e+00 1.983677731773322073e+00 -2.016588813970466187e+00 1.983094450413710463e+00 -2.017276977787808789e+00 1.982291364478617535e+00 -2.018207313480653742e+00 1.981218654989574723e+00 -2.019440989232224037e+00 1.979801055689204947e+00 -2.021071043677558521e+00 1.977922785665042316e+00 -2.023242818313612634e+00 1.975399433002791527e+00 -2.026193313678705366e+00 1.971921768977244138e+00 -2.030333243792013853e+00 1.966932727229703026e+00 -2.036437203515939043e+00 1.959322657392399636e+00 -2.046153529806946647e+00 1.946530262095349961e+00 -2.063697510845875271e+00 1.921069381595551961e+00 -2.103858658355440170e+00 1.848570465972362520e+00 -2.273367385451964928e+00 0.000000000000000000e+00 2.273367385451964928e+00 -1.848570465972362520e+00 2.103858658355440170e+00 -1.921069381595551961e+00 2.063697510845875271e+00 -1.946530262095349961e+00 2.046153529806946647e+00 -1.959322657392399636e+00 2.036437203515939043e+00 -1.966932727229703026e+00 2.030333243792013853e+00 -1.971921768977244138e+00 2.026193313678705366e+00 -1.975399433002791527e+00 2.023242818313612634e+00 -1.977922785665042316e+00 2.021071043677558521e+00 -1.979801055689204947e+00 2.019440989232224037e+00 -1.981218654989574723e+00 2.018207313480653742e+00 -1.982291364478617535e+00 2.017276977787808789e+00 -1.983094450413710463e+00 2.016588813970466187e+00 -1.983677731773322073e+00 2.016102276342409461e+00 -1.984074058879387481e+00 2.015791007133925561e+00
-2.015791007133932666e+00 1.984304211778863181e+00 -2.015639115056767849e+00 1.984379700305475058e+00 -2.015639115056762520e+00 1.984304211778858962e+00 -2.015791007133925561e+00 1.984074058879387481e+00 -2.016102276342409461e+00 1.983677731773322073e+00 -2.016588813970466187e+00 1.983094450413710463e+00 -2.017276977787808789e+00 1.982291364478617535e+00 -2.018207313480653742e+00 1.981218654989574723e+00 -2.019440989232224037e+00 1.979801055689204947e+00 -2.021071043677558521e+00 1.977922785665042316e+00 -2.023242818313612634e+00 1.975399433002791527e+00 -2.026193313678705366e+00 1.971921768977244138e+00 -2.030333243792013853e+00 1.966932727229703026e+00 -2.036437203515939043e+00 1.959322657392399636e+00 -2.046153529806946647e+00 1.946530262095349961e+00 -2.063697510845875271e+00 1.921069381595551961e+00 -2.103858658355440170e+00 1.848570465972362520e+00 -2.273367385451964928e+00 0.000000000000000000e+00 2.273367385451964928e+00 -1.848570465972362520e+00 2.103858658355440170e+00 -1.921069381595551961e+00 2.063697510845875271e+00 -1.946530262095349961e+00 2.046153529806946647e+00 -1.959322657392399636e+00 2.036437203515939043e+00 -1.966932727229703026e+00 2.030333243792013853e+00 -1.971921768977244138e+00 2.026193313678705366e+00 -1.975399433002791527e+00 2.023242818313612634e+00 -1.977922785665042316e+00 2.021071043677558521e+00 -1.979801055689204947e+00 2.019440989232224037e+00 -1.981218654989574723e+00 2.018207313480653742e+00 -1.982291364478617535e+00 2.017276977787808789e+00 -1.983094450413710463e+00 2.016588813970466187e+00 -1.983677731773322073e+00 2.016102276342409461e+00 -1.984074058879387481e+00
1.984074058879396585e+00 -2.015791007133932666e+00 1.984304211778863181e+00 -2.015639115056767849e+00 1.984379700305475058e+00 -2.015639115056762520e+00 1.984304211778858962e+00 -2.015791007133925561e+00 1.984074058879387481e+00 -2.016102276342409461e+00 1.983677731773322073e+00 -2.016588813970466187e+00 1.983094450413710463e+00 -2.017276977787808789e+00 1.982291364478617535e+00 -2.018207313480653742e+00 1.981218654989574723e+00 -2.019440989232224037e+00 1.979801055689204947e+00 -2.021071043677558521e+00 1.977922785665042316e+00 -2.023242818313612634e+00 1.975399433002791527e+00 -2.026193313678705366e+00 1.971921768977244138e+00 -2.030333243792013853e+00 1.966932727229703026e+00 -2.036437203515939043e+00 1.959322657392399636e+00 -2.046153529806946647e+00 1.946530262095349961e+00 -2.063697510845875271e+00 1.921069381595551961e+00 -2.103858658355440170e+00 1.848570465972362520e+00 -2.273367385451964928e+00 0.000000000000000000e+00 2.273367385451964928e+00 -1.848570465972362520e+00 2.103858658355440170e+00 -1.921069381595551961e+00 2.063697510845875271e+00 -1.946530262095349961e+00 2.046153529806946647e+00 -1.959322657392399636e+00 2.036437203515939043e+00 -1.966932727229703026e+00 2.030333243792013853e+00 -1.971921768977244138e+00 2.026193313678705366e+00 -1.975399433002791527e+00 2.023242818313612634e+00 -1.977922785665042316e+00 2.021071043677558521e+00 -1.979801055689204947e+00 2.019440989232224037e+00 -1.981218654989574723e+00 2.018207313480653742e+00 -1.982291364478617535e+00 2.017276977787808789e+00 -1.983094450413710463e+00 2.016588813970466187e+00 -1.983677731773322073e+00 2.016102276342409461e+00
-2.016102276342413457e+00 1.984074058879396585e+00 -2.015791007133932666e+00 1.984304211778863181e+00 -2.015639115056767849e+00 1.984379700305475058e+00 -2.015639115056762520e+00 1.984304211778858962e+00 -2.015791007133925561e+00 1.984074058879387481e+00 -2.016102276342409461e+00 1.983677731773322073e+00 -2.016588813970466187e+00 1.983094450413710463e+00 -2.017276977787808789e+00 1.982291364478617535e+00 -2.018207313480653742e+00 1.981218654989574723e+00 -2.019440989232224037e+00 1.979801055689204947e+00 -2.021071043677558521e+00 1.977922785665042316e+00 -2.023242818313612634e+00 1.975399433002791527e+00 -2.026193313678705366e+00 1.971921768977244138e+00 -2.030333243792013853e+00 1.966932727229703026e+00 -2.036437203515939043e+00 1.959322657392399636e+00 -2.046153529806946647e+00 1.946530262095349961e+00 -2.063697510845875271e+00 1.921069381595551961e+00 -2.103858658355440170e+00 1.848570465972362520e+00 -2.273367385451964928e+00 0.000000000000000000e+00 2.273367385451964928e+00 -1.848570465972362520e+00 2.103858658355440170e+00 -1.921069381595551961e+00 2.063697510845875271e+00 -1.946530262095349961e+00 2.046153529806946647e+00 -1.959322657392399636e+00 2.036437203515939043e+00 -1.966932727229703026e+00 2.030333243792013853e+00 -1.971921768977244138e+00 2.026193313678705366e+00 -1.975399433002791527e+00 2.023242818313612634e+00 -1.977922785665042316e+00 2.021071043677558521e+00 -1.979801055689204947e+00 2.019440989232224037e+00 -1.981218654989574723e+00 2.018207313480653742e+00 -1.982291364478617535e+00 2.017276977787808789e+00 -1.983094450413710463e+00 2.016588813970466187e+00 -1.983677731773322073e+00
1.983677731773328290e+00 -2.016102276342413457e+00 1.984074058879396585e+00 -2.015791007133932666e+00 1.984304211778863181e+00 -2.015639115056767849e+00 1.984379700305475058e+00 -2.015639115056762520e+00 1.984304211778858962e+00 -2.015791007133925561e+00 1.984074058879387481e+00 -2.016102276342409461e+00 1.983677731773322073e+00 -2.016588813970466187e+00 1.983094450413710463e+00 -2.017276977787808789e+00 1.982291364478617535e+00 -2.018207313480653742e+00 1.981218654989574723e+00 -2.019440989232224037e+00 1.979801055689204947e+00 -2.021071043677558521e+00 1.977922785665042316e+00 -2.023242818313612634e+00 1.975399433002791527e+00 -2.026193313678705366e+00 1.971921768977244138e+00 -2.030333243792013853e+00 1.966932727229703026e+00 -2.036437203515939043e+00 1.959322657392399636e+00 -2.046153529806946647e+00 1.946530262095349961e+00 -2.063697510845875271e+00 1.921069381595551961e+00 -2.103858658355440170e+00 1.848570465972362520e+00 -2.273367385451964928e+00 0.000000000000000000e+00 2.273367385451964928e+00 -1.848570465972362520e+00 2.103858658355440170e+00 -1.921069381595551961e+00 2.063697510845875271e+00 -1.946530262095349961e+00 2.046153529806946647e+00 -1.959322657392399636e+00 2.036437203515939043e+00 -1.966932727229703026e+00 2.030333243792013853e+00 -1.971921768977244138e+00 2.026193313678705366e+00 -1.975399433002791527e+00 2.023242818313612634e+00 -1.977922785665042316e+00 2.021071043677558521e+00 -1.979801055689204947e+00 2.019440989232224037e+00 -1.981218654989574723e+00 2.018207313480653742e+00 -1.982291364478617535e+00 2.017276977787808789e+00 -1.983094450413710463e+00 2.016588813970466187e+00
-2.016588813970464411e+00 1.983677731773328290e+00 -2.016102276342413457e+00 1.984074058879396585e+00 -2.015791007133932666e+00 1.984304211778863181e+00 -2.015639115056767849e+00 1.984379700305475058e+00 -2.015639115056762520e+00 1.984304211778858962e+00 -2.015791007133925561e+00 1.984074058879387481e+00 -2.016102276342409461e+00 1.983677731773322073e+00 -2.016588813970466187e+00 1.983094450413710463e+00 -2.017276977787808789e+00 1.982291364478617535e+00 -2.018207313480653742e+00 1.981218654989574723e+00 -2.019440989232224037e+00 1.979801055689204947e+00 -2.021071043677558521e+00 1.977922785665042316e+00 -2.023242818313612634e+00 1.975399433002791527e+00 -2.026193313678705366e+00 1.971921768977244138e+00 -2.030333243792013853e+00 1.966932727229703026e+00 -2.036437203515939043e+00 1.959322657392399636e+00 -2.046153529806946647e+00 1.946530262095349961e+00 -2.063697510845875271e+00 1.921069381595551961e+00 -2.103858658355440170e+00 1.848570465972362520e+00 -2.273367385451964928e+00 0.000000000000000000e+00 2.273367385451964928e+00 -1.848570465972362520e+00 2.103858658355440170e+00 -1.921069381595551961e+00 2.063697510845875271e+00 -1.946530262095349961e+00 2.046153529806946647e+00 -1.959322657392399636e+00 2.036437203515939043e+00 -1.966932727229703026e+00 2.030333243792013853e+00 -1.971921768977244138e+00 2.026193313678705366e+00 -1.975399433002791527e+00 2.023242818313612634e+00 -1.977922785665042316e+00 2.021071043677558521e+00 -1.979801055689204947e+00 2.019440989232224037e+00 -1.981218654989574723e+00 2.018207313480653742e+00 -1.982291364478617535e+00 2.017276977787808789e+00 -1.983094450413710463e+00
1.983094450413720011e+00 -2.016588813970464411e+00 1.983677731773328290e+00 -2.016102276342413457e+00 1.984074058879396585e+00 -2.015791007133932666e+00 1.984304211778863181e+00 -2.015639115056767849e+00 1.984379700305475058e+00 -2.015639115056762520e+00 1.984304211778858962e+00 -2.015791007133925561e+00 1.984074058879387481e+00 -2.016102276342409461e+00 1.983677731773322073e+00 -2.016588813970466187e+00 1.983094450413710463e+00 -2.017276977787808789e+00 1.982291364478617535e+00 -2.018207313480653742e+00 1.981218654989574723e+00 -2.019440989232224037e+00 1.979801055689204947e+00 -2.021071043677558521e+00 1.977922785665042316e+00 -2.023242818313612634e+00 1.975399433002791527e+00 -2.026193313678705366e+00 1.971921768977244138e+00 -2.030333243792013853e+00 1.966932727229703026e+00 -2.036437203515939043e+00 1.959322657392399636e+00 -2.046153529806946647e+00 1.946530262095349961e+00 -2.063697510845875271e+00 1.921069381595551961e+00 -2.103858658355440170e+00 1.848570465972362520e+00 -2.273367385451964928e+00 0.000000000000000000e+00 2.273367385451964928e+00 -1.848570465972362520e+00 2.103858658355440170e+00 -1.921069381595551961e+00 2.063697510845875271e+00 -1.946530262095349961e+00 2.046153529806946647e+00 -1.959322657392399636e+00 2.036437203515939043e+00 -1.966932727229703026e+00 2.030333243792013853e+00 -1.971921768977244138e+00 2.026193313678705366e+00 -1.975399433002791527e+00 2.023242818313612634e+00 -1.977922785665042316e+00 2.021071043677558521e+00 -1.979801055689204947e+00 2.019440989232224037e+00 -1.981218654989574723e+00 2.018207313480653742e+00 -1.982291364478617535e+00 2.017276977787808789e+00
-2.017276977787815007e+00 1.983094450413720011e+00 -2.016588813970464411e+00 1.983677731773328290e+00 -2.016102276342413457e+00 1.984074058879396585e+00 -2.015791007133932666e+00 1.984304211778863181e+00 -2.015639115056767849e+00 1.984379700305475058e+00 -2.015639115056762520e+00 1.984304211778858962e+00 -2.015791007133925561e+00 1.984074058879387481e+00 -2.016102276342409461e+00 1.983677731773322073e+00 -2.016588813970466187e+00 1.983094450413710463e+00 -2.017276977787808789e+00 1.982291364478617535e+00 -2.018207313480653742e+00 1.981218654989574723e+00 -2.019440989232224037e+00 1.979801055689204947e+00 -2.021071043677558521e+00 1.977922785665042316e+00 -2.023242818313612634e+00 1.975399433002791527e+00 -2.026193313678705366e+00 1.971921768977244138e+00 -2.030333243792013853e+00 1.966932727229703026e+00 -2.036437203515939043e+00 1.959322657392399636e+00 -2.046153529806946647e+00 1.946530262095349961e+00 -2.063697510845875271e+00 1.921069381595551961e+00 -2.103858658355440170e+00 1.848570465972362520e+00 -2.273367385451964928e+00 0.000000000000000000e+00 2.273367385451964928e+00 -1.848570465972362520e+00 2.103858658355440170e+00 -1.921069381595551961e+00 2.063697510845875271e+00 -1.946530262095349961e+00 2.046153529806946647e+00 -1.959322657392399636e+00 2.036437203515939043e+00 -1.966932727229703026e+00 2.030333243792013853e+00 -1.971921768977244138e+00 2.026193313678705366e+00 -1.975399433002791527e+00 2.023242818313612634e+00 -1.977922785665042316e+00 2.021071043677558521e+00 -1.979801055689204947e+00 2.019440989232224037e+00 -1.981218654989574723e+00 2.018207313480653742e+00 -1.982291364478617535e+00
1.982291364478636186e+00 -2.017276977787815007e+00 1.983094450413720011e+00 -2.016588813970464411e+00 1.983677731773328290e+00 -2.016102276342413457e+00 1.984074058879396585e+00 -2.015791007133932666e+00 1.984304211778863181e+00 -2.015639115056767849e+00 1.984379700305475058e+00 -2.015639115056762520e+00 1.984304211778858962e+00 -2.015791007133925561e+00 1.984074058879387481e+00 -2.016102276342409461e+00 1.983677731773322073e+00 -2.016588813970466187e+00 1.983094450413710463e+00 -2.017276977787808789e+00 1.982291364478617535e+00 -2.018207313480653742e+00 1.981218654989574723e+00 -2.019440989232224037e+00 1.979801055689204947e+00 -2.021071043677558521e+00 1.977922785665042316e+00 -2.023242818313612634e+00 1.975399433002791527e+00 -2.026193313678705366e+00 1.971921768977244138e+00 -2.030333243792013853e+00 1.966932727229703026e+00 -2.036437203515939043e+00 1.959322657392399636e+00 -2.046153529806946647e+00 1.946530262095349961e+00 -2.063697510845875271e+00 1.921069381595551961e+00 -2.103858658355440170e+00 1.848570465972362520e+00 -2.273367385451964928e+00 0.000000000000000000e+00 2.273367385451964928e+00 -1.848570465972362520e+00 2.103858658355440170e+00 -1.921069381595551961e+00 2.063697510845875271e+00 -1.946530262095349961e+00 2.046153529806946647e+00 -1.959322657392399636e+00 2.036437203515939043e+00 -1.966932727229703026e+00 2.030333243792013853e+00 -1.971921768977244138e+00 2.026193313678705366e+00 -1.975399433002791527e+00 2.023242818313612634e+00 -1.977922785665042316e+00 2.021071043677558521e+00 -1.979801055689204947e+00 2.019440989232224037e+00 -1.981218654989574723e+00 2.018207313480653742e+00
-2.018207313480663068e+00 1.982291364478636186e+00 -2.017276977787815007e+00 1.983094450413720011e+00 -2.016588813970464411e+00 1.983677731773328290e+00 -2.016102276342413457e+00 1.984074058879396585e+00 -2.015791007133932666e+00 1.984304211778863181e+00 -2.015639115056767849e+00 1.984379700305475058e+00 -2.015639115056762520e+00 1.984304211778858962e+00 -2.015791007133925561e+00 1.984074058879387481e+00 -2.016102276342409461e+00 1.983677731773322073e+00 -2.016588813970466187e+00 1.983094450413710463e+00 -2.017276977787808789e+00 1.982291364478617535e+00 -2.018207313480653742e+00 1.981218654989574723e+00 -2.019440989232224037e+00 1.979801055689204947e+00 -2.021071043677558521e+00 1.977922785665042316e+00 -2.023242818313612634e+00 1.975399433002791527e+00 -2.026193313678705366e+00 1.971921768977244138e+00 -2.030333243792013853e+00 1.966932727229703026e+00 -2.036437203515939043e+00 1.959322657392399636e+00 -2.046153529806946647e+00 1.946530262095349961e+00 -2.063697510845875271e+00 1.921069381595551961e+00 -2.103858658355440170e+00 1.848570465972362520e+00 -2.273367385451964928e+00 0.000000000000000000e+00 2.273367385451964928e+00 -1.848570465972362520e+00 2.103858658355440170e+00 -1.921069381595551961e+00 2.063697510845875271e+00 -1.946530262095349961e+00 2.046153529806946647e+00 -1.959322657392399636e+00 2.036437203515939043e+00 -1.966932727229703026e+00 2.030333243792013853e+00 -1.971921768977244138e+00 2.026193313678705366e+00 -1.975399433002791527e+00 2.023242818313612634e+00 -1.977922785665042316e+00 2.021071043677558521e+00 -1.979801055689204947e+00 2.019440989232224037e+00 -1.981218654989574723e+00
1.981218654989570727e+00 -2.018207313480663068e+00 1.982291364478636186e+00 -2.017276977787815007e+00 1.983094450413720011e+00 -2.016588813970464411e+00 1.983677731773328290e+00 -2.016102276342413457e+00 1.984074058879396585e+00 -2.015791007133932666e+00 1.984304211778863181e+00 -2.015639115056767849e+00 1.984379700305475058e+00 -2.015639115056762520e+00 1.984304211778858962e+00 -2.015791007133925561e+00 1.984074058879387481e+00 -2.016102276342409461e+00 1.983677731773322073e+00 -2.016588813970466187e+00 1.983094450413710463e+00 -2.017276977787808789e+00 1.982291364478617535e+00 -2.018207313480653742e+00 1.981218654989574723e+00 -2.019440989232224037e+00 1.979801055689204947e+00 -2.021071043677558521e+00 1.977922785665042316e+00 -2.023242818313612634e+00 1.975399433002791527e+00 -2.026193313678705366e+00 1.971921768977244138e+00 -2.030333243792013853e+00 1.966932727229703026e+00 -2.036437203515939043e+00 1.959322657392399636e+00 -2.046153529806946647e+00 1.946530262095349961e+00 -2.063697510845875271e+00 1.921069381595551961e+00 -2.103858658355440170e+00 1.848570465972362520e+00 -2.273367385451964928e+00 0.000000000000000000e+00 2.273367385451964928e+00 -1.848570465972362520e+00 2.103858658355440170e+00 -1.921069381595551961e+00 2.063697510845875271e+00 -1.946530262095349961e+00 2.046153529806946647e+00 -1.959322657392399636e+00 2.036437203515939043e+00 -1.966932727229703026e+00 2.030333243792013853e+00 -1.971921768977244138e+00 2.026193313678705366e+00 -1.975399433002791527e+00 2.023242818313612634e+00 -1.977922785665042316e+00 2.021071043677558521e+00 -1.979801055689204947e+00 2.019440989232224037e+00
-2.019440989232239581e+00 1.981218654989570727e+00 -2.018207313480663068e+00 1.982291364478636186e+00 -2.017276977787815007e+00 1.983094450413720011e+00 -2.016588813970464411e+00 1.983677731773328290e+00 -2.016102276342413457e+00 1.984074058879396585e+00 -2.015791007133932666e+00 1.984304211778863181e+00 -2.015639115056767849e+00 1.984379700305475058e+00 -2.015639115056762520e+00 1.984304211778858962e+00 -2.015791007133925561e+00 1.984074058879387481e+00 -2.016102276342409461e+00 1.983677731773322073e+00 -2.016588813970466187e+00 1.983094450413710463e+00 -2.017276977787808789e+00 1.982291364478617535e+00 -2.018207313480653742e+00 1.981218654989574723e+00 -2.019440989232224037e+00 1.979801055689204947e+00 -2.021071043677558521e+00 1.977922785665042316e+00 -2.023242818313612634e+00 1.975399433002791527e+00 -2.026193313678705366e+00 1.971921768977244138e+00 -2.030333243792013853e+00 1.966932727229703026e+00 -2.036437203515939043e+00 1.959322657392399636e+00 -2.046153529806946647e+00 1.946530262095349961e+00 -2.063697510845875271e+00 1.921069381595551961e+00 -2.103858658355440170e+00 1.848570465972362520e+00 -2.273367385451964928e+00 0.000000000000000000e+00 2.273367385451964928e+00 -1.848570465972362520e+00 2.103858658355440170e+00 -1.921069381595551961e+00 2.063697510845875271e+00 -1.946530262095349961e+00 2.046153529806946647e+00 -1.959322657392399636e+00 2.036437203515939043e+00 -1.966932727229703026e+00 2.030333243792013853e+00 -1.971921768977244138e+00 2.026193313678705366e+00 -1.975399433002791527e+00 2.023242818313612634e+00 -1.977922785665042316e+00 2.021071043677558521e+00 -1.979801055689204947e+00
1.979801055689205169e+00 -2.019440989232239581e+00 1.981218654989570727e+00 -2.018207313480663068e+00 1.982291364478636186e+00 -2.017276977787815007e+00 1.983094450413720011e+00 -2.016588813970464411e+00 1.983677731773328290e+00 -2.016102276342413457e+00 1.984074058879396585e+00 -2.015791007133932666e+00 1.984304211778863181e+00 -2.015639115056767849e+00 1.984379700305475058e+00 -2.015639115056762520e+00 1.984304211778858962e+00 -2.015791007133925561e+00 1.984074058879387481e+00 -2.016102276342409461e+00 1.983677731773322073e+00 -2.016588813970466187e+00 1.983094450413710463e+00 -2.017276977787808789e+00 1.982291364478617535e+00 -2.018207313480653742e+00 1.981218654989574723e+00 -2.019440989232224037e+00 1.979801055689204947e+00 -2.021071043677558521e+00 1.977922785665042316e+00 -2.023242818313612634e+00 1.975399433002791527e+00 -2.026193313678705366e+00 1.971921768977244138e+00 -2.030333243792013853e+00 1.966932727229703026e+00 -2.036437203515939043e+00 1.959322657392399636e+00 -2.046153529806946647e+00 1.946530262095349961e+00 -2.063697510845875271e+00 1.921069381595551961e+00 -2.103858658355440170e+00 1.848570465972362520e+00 -2.273367385451964928e+00 0.000000000000000000e+00 2.273367385451964928e+00 -1.848570465972362520e+00 2.103858658355440170e+00 -1.921069381595551961e+00 2.063697510845875271e+00 -1.946530262095349961e+00 2.046153529806946647e+00 -1.959322657392399636e+00 2.036437203515939043e+00 -1.966932727229703026e+00 2.030333243792013853e+00 -1.971921768977244138e+00 2.026193313678705366e+00 -1.975399433002791527e+00 2.023242818313612634e+00 -1.977922785665042316e+00 2.021071043677558521e+00
-2.021071043677562074e+00 1.979801055689205169e+00 -2.019440989232239581e+00 1.981218654989570727e+00 -2.018207313480663068e+00 1.982291364478636186e+00 -2.017276977787815007e+00 1.983094450413720011e+00 -2.016588813970464411e+00 1.983677731773328290e+00 -2.016102276342413457e+00 1.984074058879396585e+00 -2.015791007133932666e+00 1.984304211778863181e+00 -2.015639115056767849e+00 1.984379700305475058e+00 -2.015639115056762520e+00 1.984304211778858962e+00 -2.015791007133925561e+00 1.984074058879387481e+00 -2.016102276342409461e+00 1.983677731773322073e+00 -2.016588813970466187e+00 1.983094450413710463e+00 -2.017276977787808789e+00 1.982291364478617535e+00 -2.018207313480653742e+00 1.981218654989574723e+00 -2.019440989232224037e+00 1.979801055689204947e+00 -2.021071043677558521e+00 1.977922785665042316e+00 -2.023242818313612634e+00 1.975399433002791527e+00 -2.026193313678705366e+00 1.971921768977244138e+00 -2.030333243792013853e+00 1.966932727229703026e+00 -2.036437203515939043e+00 1.959322657392399636e+00 -2.046153529806946647e+00 1.946530262095349961e+00 -2.063697510845875271e+00 1.921069381595551961e+00 -2.103858658355440170e+00 1.848570465972362520e+00 -2.273367385451964928e+00 0.000000000000000000e+00 2.273367385451964928e+00 -1.848570465972362520e+00 2.103858658355440170e+00 -1.921069381595551961e+00 2.063697510845875271e+00 -1.946530262095349961e+00 2.046153529806946647e+00 -1.959322657392399636e+00 2.036437203515939043e+00 -1.966932727229703026e+00 2.030333243792013853e+00 -1.971921768977244138e+00 2.026193313678705366e+00 -1.975399433002791527e+00 2.023242818313612634e+00 -1.977922785665042316e+00
1.977922785665061856e+00 -2.021071043677562074e+00 1.979801055689205169e+00 -2.019440989232239581e+00 1.981218654989570727e+00 -2.018207313480663068e+00 1.982291364478636186e+00 -2.017276977787815007e+00 1.983094450413720011e+00 -2.016588813970464411e+00 1.983677731773328290e+00 -2.016102276342413457e+00 1.984074058879396585e+00 -2.015791007133932666e+00 1.984304211778863181e+00 -2.015639115056767849e+00 1.984379700305475058e+00 -2.015639115056762520e+00 1.984304211778858962e+00 -2.015791007133925561e+00 1.984074058879387481e+00 -2.016102276342409461e+00 1.983677731773322073e+00 -2.016588813970466187e+00 1.983094450413710463e+00 -2.017276977787808789e+00 1.982291364478617535e+00 -2.018207313480653742e+00 1.981218654989574723e+00 -2.019440989232224037e+00 1.979801055689204947e+00 -2.021071043677558521e+00 1.977922785665042316e+00 -2.023242818313612634e+00 1.975399433002791527e+00 -2.026193313678705366e+00 1.971921768977244138e+00 -2.030333243792013853e+00 1.966932727229703026e+00 -2.036437203515939043e+00 1.959322657392399636e+00 -2.046153529806946647e+00 1.946530262095349961e+00 -2.063697510845875271e+00 1.921069381595551961e+00 -2.103858658355440170e+00 1.848570465972362520e+00 -2.273367385451964928e+00 0.000000000000000000e+00 2.273367385451964928e+00 -1.848570465972362520e+00 2.103858658355440170e+00 -1.921069381595551961e+00 2.063697510845875271e+00 -1.946530262095349961e+00 2.046153529806946647e+00 -1.959322657392399636e+00 2.036437203515939043e+00 -1.966932727229703026e+00 2.030333243792013853e+00 -1.971921768977244138e+00 2.026193313678705366e+00 -1.975399433002791527e+00 2.023242818313612634e+00
-2.023242818313660152e+00 1.977922785665061856e+00 -2.021071043677562074e+00 1.979801055689205169e+00 -2.019440989232239581e+00 1.981218654989570727e+00 -2.018207313480663068e+00 1.982291364478636186e+00 -2.017276977787815007e+00 1.983094450413720011e+00 -2.016588813970464411e+00 1.983677731773328290e+00 -2.016102276342413457e+00 1.984074058879396585e+00 -2.015791007133932666e+00 1.984304211778863181e+00 -2.015639115056767849e+00 1.984379700305475058e+00 -2.015639115056762520e+00 1.984304211778858962e+00 -2.015791007133925561e+00 1.984074058879387481e+00 -2.016102276342409461e+00 1.983677731773322073e+00 -2.016588813970466187e+00 1.983094450413710463e+00 -2.017276977787808789e+00 1.982291364478617535e+00 -2.018207313480653742e+00 1.981218654989574723e+00 -2.019440989232224037e+00 1.979801055689204947e+00 -2.021071043677558521e+00 1.977922785665042316e+00 -2.023242818313612634e+00 1.975399433002791527e+00 -2.026193313678705366e+00 1.971921768977244138e+00 -2.030333243792013853e+00 1.966932727229703026e+00 -2.036437203515939043e+00 1.959322657392399636e+00 -2.046153529806946647e+00 1.946530262095349961e+00 -2.063697510845875271e+00 1.921069381595551961e+00 -2.103858658355440170e+00 1.848570465972362520e+00 -2.273367385451964928e+00 0.000000000000000000e+00 2.273367385451964928e+00 -1.848570465972362520e+00 2.103858658355440170e+00 -1.921069381595551961e+00 2.063697510845875271e+00 -1.946530262095349961e+00 2.046153529806946647e+00 -1.959322657392399636e+00 2.036437203515939043e+00 -1.966932727229703026e+00 2.030333243792013853e+00 -1.971921768977244138e+00 2.026193313678705366e+00 -1.975399433002791527e+00
1.975399433002826388e+00 -2.023242818313660152e+00 1.977922785665061856e+00 -2.021071043677562074e+00 1.979801055689205169e+00 -2.019440989232239581e+00 1.981218654989570727e+00 -2.018207313480663068e+00 1.982291364478636186e+00 -2.017276977787815007e+00 1.983094450413720011e+00 -2.016588813970464411e+00 1.983677731773328290e+00 -2.016102276342413457e+00 1.984074058879396585e+00 -2.015791007133932666e+00 1.984304211778863181e+00 -2.015639115056767849e+00 1.984379700305475058e+00 -2.015639115056762520e+00 1.984304211778858962e+00 -2.015791007133925561e+00 1.984074058879387481e+00 -2.016102276342409461e+00 1.983677731773322073e+00 -2.016588813970466187e+00 1.983094450413710463e+00 -2.017276977787808789e+00 1.982291364478617535e+00 -2.018207313480653742e+00 1.981218654989574723e+00 -2.019440989232224037e+00 1.979801055689204947e+00 -2.021071043677558521e+00 1.977922785665042316e+00 -2.023242818313612634e+00 1.975399433002791527e+00 -2.026193313678705366e+00 1.971921768977244138e+00 -2.030333243792013853e+00 1.966932727229703026e+00 -2.036437203515939043e+00 1.959322657392399636e+00 -2.046153529806946647e+00 1.946530262095349961e+00 -2.063697510845875271e+00 1.921069381595551961e+00 -2.103858658355440170e+00 1.848570465972362520e+00 -2.273367385451964928e+00 0.000000000000000000e+00 2.273367385451964928e+00 -1.848570465972362520e+00 2.103858658355440170e+00 -1.921069381595551961e+00 2.063697510845875271e+00 -1.946530262095349961e+00 2.046153529806946647e+00 -1.959322657392399636e+00 2.036437203515939043e+00 -1.966932727229703026e+00 2.030333243792013853e+00 -1.971921768977244138e+00 2.026193313678705366e+00
-2.026193313678729346e+00 1.975399433002826388e+00 -2.023242818313660152e+00 1.977922785665061856e+00 -2.021071043677562074e+00 1.979801055689205169e+00 -2.019440989232239581e+00 1.981218654989570727e+00 -2.018207313480663068e+00 1.982291364478636186e+00 -2.017276977787815007e+00 1.983094450413720011e+00 -2.016588813970464411e+00 1.983677731773328290e+00 -2.016102276342413457e+00 1.984074058879396585e+00 -2.015791007133932666e+00 1.984304211778863181e+00 -2.015639115056767849e+00 1.984379700305475058e+00 -2.015639115056762520e+00 1.984304211778858962e+00 -2.015791007133925561e+00 1.984074058879387481e+00 -2.016102276342409461e+00 1.983677731773322073e+00 -2.016588813970466187e+00 1.983094450413710463e+00 -2.017276977787808789e+00 1.982291364478617535e+00 -2.018207313480653742e+00 1.981218654989574723e+00 -2.019440989232224037e+00 1.979801055689204947e+00 -2.021071043677558521e+00 1.977922785665042316e+00 -2.023242818313612634e+00 1.975399433002791527e+00 -2.026193313678705366e+00 1.971921768977244138e+00 -2.030333243792013853e+00 1.966932727229703026e+00 -2.036437203515939043e+00 1.959322657392399636e+00 -2.046153529806946647e+00 1.946530262095349961e+00 -2.063697510845875271e+00 1.921069381595551961e+00 -2.103858658355440170e+00 1.848570465972362520e+00 -2.273367385451964928e+00 0.000000000000000000e+00 2.273367385451964928e+00 -1.848570465972362520e+00 2.103858658355440170e+00 -1.921069381595551961e+00 2.063697510845875271e+00 -1.946530262095349961e+00 2.046153529806946647e+00 -1.959322657392399636e+00 2.036437203515939043e+00 -1.966932727229703026e+00 2.030333243792013853e+00 -1.971921768977244138e+00
1.971921768977251244e+00 -2.026193313678729346e+00 1.975399433002826388e+00 -2.023242818313660152e+00 1.977922785665061856e+00 -2.021071043677562074e+00 1.979801055689205169e+00 -2.019440989232239581e+00 1.981218654989570727e+00 -2.018207313480663068e+00 1.982291364478636186e+00 -2.017276977787815007e+00 1.983094450413720011e+00 -2.016588813970464411e+00 1.983677731773328290e+00 -2.016102276342413457e+00 1.984074058879396585e+00 -2.015791007133932666e+00 1.984304211778863181e+00 -2.015639115056767849e+00 1.984379700305475058e+00 -2.015639115056762520e+00 1.984304211778858962e+00 -2.015791007133925561e+00 1.984074058879387481e+00 -2.016102276342409461e+00 1.983677731773322073e+00 -2.016588813970466187e+00 1.983094450413710463e+00 -2.017276977787808789e+00 1.982291364478617535e+00 -2.018207313480653742e+00 1.981218654989574723e+00 -2.019440989232224037e+00 1.979801055689204947e+00 -2.021071043677558521e+00 1.977922785665042316e+00 -2.023242818313612634e+00 1.975399433002791527e+00 -2.026193313678705366e+00 1.971921768977244138e+00 -2.030333243792013853e+00 1.966932727229703026e+00 -2.036437203515939043e+00 1.959322657392399636e+00 -2.046153529806946647e+00 1.946530262095349961e+00 -2.063697510845875271e+00 1.921069381595551961e+00 -2.103858658355440170e+00 1.848570465972362520e+00 -2.273367385451964928e+00 0.000000000000000000e+00 2.273367385451964928e+00 -1.848570465972362520e+00 2.103858658355440170e+00 -1.921069381595551961e+00 2.063697510845875271e+00 -1.946530262095349961e+00 2.046153529806946647e+00 -1.959322657392399636e+00 2.036437203515939043e+00 -1.966932727229703026e+00 2.030333243792013853e+00
-2.030333243792051157e+00 1.971921768977251244e+00 -2.026193313678729346e+00 1.975399433002826388e+00 -2.023242818313660152e+00 1.977922785665061856e+00 -2.021071043677562074e+00 1.979801055689205169e+00 -2.019440989232239581e+00 1.981218654989570727e+00 -2.018207313480663068e+00 1.982291364478636186e+00 -2.017276977787815007e+00 1.983094450413720011e+00 -2.016588813970464411e+00 1.983677731773328290e+00 -2.016102276342413457e+00 1.984074058879396585e+00 -2.015791007133932666e+00 1.984304211778863181e+00 -2.015639115056767849e+00 1.984379700305475058e+00 -2.015639115056762520e+00 1.984304211778858962e+00 -2.015791007133925561e+00 1.984074058879387481e+00 -2.016102276342409461e+00 1.983677731773322073e+00 -2.016588813970466187e+00 1.983094450413710463e+00 -2.017276977787808789e+00 1.982291364478617535e+00 -2.018207313480653742e+00 1.981218654989574723e+00 -2.019440989232224037e+00 1.979801055689204947e+00 -2.021071043677558521e+00 1.977922785665042316e+00 -2.023242818313612634e+00 1.975399433002791527e+00 -2.026193313678705366e+00 1.971921768977244138e+00 -2.030333243792013853e+00 1.966932727229703026e+00 -2.036437203515939043e+00 1.959322657392399636e+00 -2.046153529806946647e+00 1.946530262095349961e+00 -2.063697510845875271e+00 1.921069381595551961e+00 -2.103858658355440170e+00 1.848570465972362520e+00 -2.273367385451964928e+00 0.000000000000000000e+00 2.273367385451964928e+00 -1.848570465972362520e+00 2.103858658355440170e+00 -1.921069381595551961e+00 2.063697510845875271e+00 -1.946530262095349961e+00 2.046153529806946647e+00 -1.959322657392399636e+00 2.036437203515939043e+00 -1.966932727229703026e+00
1.966932727229720124e+00 -2.030333243792051157e+00 1.971921768977251244e+00 -2.026193313678729346e+00 1.975399433002826388e+00 -2.023242818313660152e+00 1.977922785665061856e+00 -2.021071043677562074e+00 1.979801055689205169e+00 -2.019440989232239581e+00 1.981218654989570727e+00 -2.018207313480663068e+00 1.982291364478636186e+00 -2.017276977787815007e+00 1.983094450413720011e+00 -2.016588813970464411e+00 1.983677731773328290e+00 -2.016102276342413457e+00 1.984074058879396585e+00 -2.015791007133932666e+00 1.984304211778863181e+00 -2.015639115056767849e+00 1.984379700305475058e+00 -2.015639115056762520e+00 1.984304211778858962e+00 -2.015791007133925561e+00 1.984074058879387481e+00 -2.016102276342409461e+00 1.983677731773322073e+00 -2.016588813970466187e+00 1.983094450413710463e+00 -2.017276977787808789e+00 1.982291364478617535e+00 -2.018207313480653742e+00 1.981218654989574723e+00 -2.019440989232224037e+00 1.979801055689204947e+00 -2.021071043677558521e+00 1.977922785665042316e+00 -2.023242818313612634e+00 1.975399433002791527e+00 -2.026193313678705366e+00 1.971921768977244138e+00 -2.030333243792013853e+00 1.966932727229703026e+00 -2.036437203515939043e+00 1.959322657392399636e+00 -2.046153529806946647e+00 1.946530262095349961e+00 -2.063697510845875271e+00 1.921069381595551961e+00 -2.103858658355440170e+00 1.848570465972362520e+00 -2.273367385451964928e+00 0.000000000000000000e+00 2.273367385451964928e+00 -1.848570465972362520e+00 2.103858658355440170e+00 -1.921069381595551961e+00 2.063697510845875271e+00 -1.946530262095349961e+00 2.046153529806946647e+00 -1.959322657392399636e+00 2.036437203515939043e+00
-2.036437203515976790e+00 1.966932727229720124e+00 -2.030333243792051157e+00 1.971921768977251244e+00 -2.026193313678729346e+00 1.975399433002826388e+00 -2.023242818313660152e+00 1.977922785665061856e+00 -2.021071043677562074e+00 1.979801055689205169e+00 -2.019440989232239581e+00 1.981218654989570727e+00 -2.018207313480663068e+00 1.982291364478636186e+00 -2.017276977787815007e+00 1.983094450413720011e+00 -2.016588813970464411e+00 1.983677731773328290e+00 -2.016102276342413457e+00 1.984074058879396585e+00 -2.015791007133932666e+00 1.984304211778863181e+00 -2.015639115056767849e+00 1.984379700305475058e+00 -2.015639115056762520e+00 1.984304211778858962e+00 -2.015791007133925561e+00 1.984074058879387481e+00 -2.016102276342409461e+00 1.983677731773322073e+00 -2.016588813970466187e+00 1.983094450413710463e+00 -2.017276977787808789e+00 1.982291364478617535e+00 -2.018207313480653742e+00 1.981218654989574723e+00 -2.019440989232224037e+00 1.979801055689204947e+00 -2.021071043677558521e+00 1.977922785665042316e+00 -2.023242818313612634e+00 1.975399433002791527e+00 -2.026193313678705366e+00 1.971921768977244138e+00 -2.030333243792013853e+00 1.966932727229703026e+00 -2.036437203515939043e+00 1.959322657392399636e+00 -2.046153529806946647e+00 1.946530262095349961e+00 -2.063697510845875271e+00 1.921069381595551961e+00 -2.103858658355440170e+00 1.848570465972362520e+00 -2.273367385451964928e+00 0.000000000000000000e+00 2.273367385451964928e+00 -1.848570465972362520e+00 2.103858658355440170e+00 -1.921069381595551961e+00 2.063697510845875271e+00 -1.946530262095349961e+00 2.046153529806946647e+00 -1.959322657392399636e+00
1.959322657392457367e+00 -2.036437203515976790e+00 1.966932727229720124e+00 -2.030333243792051157e+00 1.971921768977251244e+00 -2.026193313678729346e+00 1.975399433002826388e+00 -2.023242818313660152e+00 1.977922785665061856e+00 -2.021071043677562074e+00 1.979801055689205169e+00 -2.019440989232239581e+00 1.981218654989570727e+00 -2.018207313480663068e+00 1.982291364478636186e+00 -2.017276977787815007e+00 1.983094450413720011e+00 -2.016588813970464411e+00 1.983677731773328290e+00 -2.016102276342413457e+00 1.984074058879396585e+00 -2.015791007133932666e+00 1.984304211778863181e+00 -2.015639115056767849e+00 1.984379700305475058e+00 -2.015639115056762520e+00 1.984304211778858962e+00 -2.015791007133925561e+00 1.984074058879387481e+00 -2.016102276342409461e+00 1.983677731773322073e+00 -2.016588813970466187e+00 1.983094450413710463e+00 -2.017276977787808789e+00 1.982291364478617535e+00 -2.018207313480653742e+00 1.981218654989574723e+00 -2.019440989232224037e+00 1.979801055689204947e+00 -2.021071043677558521e+00 1.977922785665042316e+00 -2.023242818313612634e+00 1.975399433002791527e+00 -2.026193313678705366e+00 1.971921768977244138e+00 -2.030333243792013853e+00 1.966932727229703026e+00 -2.036437203515939043e+00 1.959322657392399636e+00 -2.046153529806946647e+00 1.946530262095349961e+00 -2.063697510845875271e+00 1.921069381595551961e+00 -2.103858658355440170e+00 1.848570465972362520e+00 -2.273367385451964928e+00 0.000000000000000000e+00 2.273367385451964928e+00 -1.848570465972362520e+00 2.103858658355440170e+00 -1.921069381595551961e+00 2.063697510845875271e+00 -1.946530262095349961e+00 2.046153529806946647e+00
-2.046153529806968407e+00 1.959322657392457367e+00 -2.036437203515976790e+00 1.966932727229720124e+00 -2.030333243792051157e+00 1.971921768977251244e+00 -2.026193313678729346e+00 1.975399433002826388e+00 -2.023242818313660152e+00 1.977922785665061856e+00 -2.021071043677562074e+00 1.979801055689205169e+00 -2.019440989232239581e+00 1.981218654989570727e+00 -2.018207313480663068e+00 1.982291364478636186e+00 -2.017276977787815007e+00 1.983094450413720011e+00 -2.016588813970464411e+00 1.983677731773328290e+00 -2.016102276342413457e+00 1.984074058879396585e+00 -2.015791007133932666e+00 1.984304211778863181e+00 -2.015639115056767849e+00 1.984379700305475058e+00 -2.015639115056762520e+00 1.984304211778858962e+00 -2.015791007133925561e+00 1.984074058879387481e+00 -2.016102276342409461e+00 1.983677731773322073e+00 -2.016588813970466187e+00 1.983094450413710463e+00 -2.017276977787808789e+00 1.982291364478617535e+00 -2.018207313480653742e+00 1.981218654989574723e+00 -2.019440989232224037e+00 1.979801055689204947e+00 -2.021071043677558521e+00 1.977922785665042316e+00 -2.023242818313612634e+00 1.975399433002791527e+00 -2.026193313678705366e+00 1.971921768977244138e+00 -2.030333243792013853e+00 1.966932727229703026e+00 -2.036437203515939043e+00 1.959322657392399636e+00 -2.046153529806946647e+00 1.946530262095349961e+00 -2.063697510845875271e+00 1.921069381595551961e+00 -2.103858658355440170e+00 1.848570465972362520e+00 -2.273367385451964928e+00 0.000000000000000000e+00 2.273367385451964928e+00 -1.848570465972362520e+00 2.103858658355440170e+00 -1.921069381595551961e+00 2.063697510845875271e+00 -1.946530262095349961e+00
1.946530262095385044e+00 -2.046153529806968407e+00 1.959322657392457367e+00 -2.036437203515976790e+00 1.966932727229720124e+00 -2.030333243792051157e+00 1.971921768977251244e+00 -2.026193313678729346e+00 1.975399433002826388e+00 -2.023242818313660152e+00 1.977922785665061856e+00 -2.021071043677562074e+00 1.979801055689205169e+00 -2.019440989232239581e+00 1.981218654989570727e+00 -2.018207313480663068e+00 1.982291364478636186e+00 -2.017276977787815007e+00 1.983094450413720011e+00 -2.016588813970464411e+00 1.983677731773328290e+00 -2.016102276342413457e+00 1.984074058879396585e+00 -2.015791007133932666e+00 1.984304211778863181e+00 -2.015639115056767849e+00 1.984379700305475058e+00 -2.015639115056762520e+00 1.984304211778858962e+00 -2.015791007133925561e+00 1.984074058879387481e+00 -2.016102276342409461e+00 1.983677731773322073e+00 -2.016588813970466187e+00 1.983094450413710463e+00 -2.017276977787808789e+00 1.982291364478617535e+00 -2.018207313480653742e+00 1.981218654989574723e+00 -2.019440989232224037e+00 1.979801055689204947e+00 -2.021071043677558521e+00 1.977922785665042316e+00 -2.023242818313612634e+00 1.975399433002791527e+00 -2.026193313678705366e+00 1.971921768977244138e+00 -2.030333243792013853e+00 1.966932727229703026e+00 -2.036437203515939043e+00 1.959322657392399636e+00 -2.046153529806946647e+00 1.946530262095349961e+00 -2.063697510845875271e+00 1.921069381595551961e+00 -2.103858658355440170e+00 1.848570465972362520e+00 -2.273367385451964928e+00 0.000000000000000000e+00 2.273367385451964928e+00 -1.848570465972362520e+00 2.103858658355440170e+00 -1.921069381595551961e+00 2.063697510845875271e+00
-2.063697510845887706e+00 1.946530262095385044e+00 -2.046153529806968407e+00 1.959322657392457367e+00 -2.036437203515976790e+00 1.966932727229720124e+00 -2.030333243792051157e+00 1.971921768977251244e+00 -2.026193313678729346e+00 1.975399433002826388e+00 -2.023242818313660152e+00 1.977922785665061856e+00 -2.021071043677562074e+00 1.979801055689205169e+00 -2.019440989232239581e+00 1.981218654989570727e+00 -2.018207313480663068e+00 1.982291364478636186e+00 -2.017276977787815007e+00 1.983094450413720011e+00 -2.016588813970464411e+00 1.983677731773328290e+00 -2.016102276342413457e+00 1.984074058879396585e+00 -2.015791007133932666e+00 1.984304211778863181e+00 -2.015639115056767849e+00 1.984379700305475058e+00 -2.015639115056762520e+00 1.984304211778858962e+00 -2.015791007133925561e+00 1.984074058879387481e+00 -2.016102276342409461e+00 1.983677731773322073e+00 -2.016588813970466187e+00 1.983094450413710463e+00 -2.017276977787808789e+00 1.982291364478617535e+00 -2.018207313480653742e+00 1.981218654989574723e+00 -2.019440989232224037e+00 1.979801055689204947e+00 -2.021071043677558521e+00 1.977922785665042316e+00 -2.023242818313612634e+00 1.975399433002791527e+00 -2.026193313678705366e+00 1.971921768977244138e+00 -2.030333243792013853e+00 1.966932727229703026e+00 -2.036437203515939043e+00 1.959322657392399636e+00 -2.046153529806946647e+00 1.946530262095349961e+00 -2.063697510845875271e+00 1.921069381595551961e+00 -2.103858658355440170e+00 1.848570465972362520e+00 -2.273367385451964928e+00 0.000000000000000000e+00 2.273367385451964928e+00 -1.848570465972362520e+00 2.103858658355440170e+00 -1.921069381595551961e+00
1.921069381595592374e+00 -2.063697510845887706e+00 1.946530262095385044e+00 -2.046153529806968407e+00 1.959322657392457367e+00 -2.036437203515976790e+00 1.966932727229720124e+00 -2.030333243792051157e+00 1.971921768977251244e+00 -2.026193313678729346e+00 1.975399433002826388e+00 -2.023242818313660152e+00 1.977922785665061856e+00 -2.021071043677562074e+00 1.979801055689205169e+00 -2.019440989232239581e+00 1.981218654989570727e+00 -2.018207313480663068e+00 1.982291364478636186e+00 -2.017276977787815007e+00 1.983094450413720011e+00 -2.016588813970464411e+00 1.983677731773328290e+00 -2.016102276342413457e+00 1.984074058879396585e+00 -2.015791007133932666e+00 1.984304211778863181e+00 -2.015639115056767849e+00 1.984379700305475058e+00 -2.015639115056762520e+00 1.984304211778858962e+00 -2.015791007133925561e+00 1.984074058879387481e+00 -2.016102276342409461e+00 1.983677731773322073e+00 -2.016588813970466187e+00 1.983094450413710463e+00 -2.017276977787808789e+00 1.982291364478617535e+00 -2.018207313480653742e+00 1.981218654989574723e+00 -2.019440989232224037e+00 1.979801055689204947e+00 -2.021071043677558521e+00 1.977922785665042316e+00 -2.023242818313612634e+00 1.975399433002791527e+00 -2.026193313678705366e+00 1.971921768977244138e+00 -2.030333243792013853e+00 1.966932727229703026e+00 -2.036437203515939043e+00 1.959322657392399636e+00 -2.046153529806946647e+00 1.946530262095349961e+00 -2.063697510845875271e+00 1.921069381595551961e+00 -2.103858658355440170e+00 1.848570465972362520e+00 -2.273367385451964928e+00 0.000000000000000000e+00 2.273367385451964928e+00 -1.848570465972362520e+00 2.103858658355440170e+00
-2.103858658355457489e+00 1.921069381595592374e+00 -2.063697510845887706e+00 1.946530262095385044e+00 -2.046153529806968407e+00 1.959322657392457367e+00 -2.036437203515976790e+00 1.966932727229720124e+00 -2.030333243792051157e+00 1.971921768977251244e+00 -2.026193313678729346e+00 1.975399433002826388e+00 -2.023242818313660152e+00 1.977922785665061856e+00 -2.021071043677562074e+00 1.979801055689205169e+00 -2.019440989232239581e+00 1.981218654989570727e+00 -2.018207313480663068e+00 1.982291364478636186e+00 -2.017276977787815007e+00 1.983094450413720011e+00 -2.016588813970464411e+00 1.983677731773328290e+00 -2.016102276342413457e+00 1.984074058879396585e+00 -2.015791007133932666e+00 1.984304211778863181e+00 -2.015639115056767849e+00 1.984379700305475058e+00 -2.015639115056762520e+00 1.984304211778858962e+00 -2.015791007133925561e+00 1.984074058879387481e+00 -2.016102276342409461e+00 1.983677731773322073e+00 -2.016588813970466187e+00 1.983094450413710463e+00 -2.017276977787808789e+00 1.982291364478617535e+00 -2.018207313480653742e+00 1.981218654989574723e+00 -2.019440989232224037e+00 1.979801055689204947e+00 -2.021071043677558521e+00 1.977922785665042316e+00 -2.023242818313612634e+00 1.975399433002791527e+00 -2.026193313678705366e+00 1.971921768977244138e+00 -2.030333243792013853e+00 1.966932727229703026e+00 -2.036437203515939043e+00 1.959322657392399636e+00 -2.046153529806946647e+00 1.946530262095349961e+00 -2.063697510845875271e+00 1.921069381595551961e+00 -2.103858658355440170e+00 1.848570465972362520e+00 -2.273367385451964928e+00 0.000000000000000000e+00 2.273367385451964928e+00 -1.848570465972362520e+00
1.848570465972380283e+00 -2.103858658355457489e+00 1.921069381595592374e+00 -2.063697510845887706e+00 1.946530262095385044e+00 -2.046153529806968407e+00 1.959322657392457367e+00 -2.036437203515976790e+00 1.966932727229720124e+00 -2.030333243792051157e+00 1.971921768977251244e+00 -2.026193313678729346e+00 1.975399433002826388e+00 -2.023242818313660152e+00 1.977922785665061856e+00 -2.021071043677562074e+00 1.979801055689205169e+00 -2.019440989232239581e+00 1.981218654989570727e+00 -2.018207313480663068e+00 1.982291364478636186e+00 -2.017276977787815007e+00 1.983094450413720011e+00 -2.016588813970464411e+00 1.983677731773328290e+00 -2.016102276342413457e+00 1.984074058879396585e+00 -2.015791007133932666e+00 1.984304211778863181e+00 -2.015639115056767849e+00 1.984379700305475058e+00 -2.015639115056762520e+00 1.984304211778858962e+00 -2.015791007133925561e+00 1.984074058879387481e+00 -2.016102276342409461e+00 1.983677731773322073e+00 -2.016588813970466187e+00 1.983094450413710463e+00 -2.017276977787808789e+00 1.982291364478617535e+00 -2.018207313480653742e+00 1.981218654989574723e+00 -2.019440989232224037e+00 1.979801055689204947e+00 -2.021071043677558521e+00 1.977922785665042316e+00 -2.023242818313612634e+00 1.975399433002791527e+00 -2.026193313678705366e+00 1.971921768977244138e+00 -2.030333243792013853e+00 1.966932727229703026e+00 -2.036437203515939043e+00 1.959322657392399636e+00 -2.046153529806946647e+00 1.946530262095349961e+00 -2.063697510845875271e+00 1.921069381595551961e+00 -2.103858658355440170e+00 1.848570465972362520e+00 -2.273367385451964928e+00 0.000000000000000000e+00 2.273367385451964928e+00
-2.273367385451967593e+00 1.848570465972380283e+00 -2.103858658355457489e+00 1.921069381595592374e+00 -2.063697510845887706e+00 1.946530262095385044e+00 -2.046153529806968407e+00 1.959322657392457367e+00 -2.036437203515976790e+00 1.966932727229720124e+00 -2.030333243792051157e+00 1.971921768977251244e+00 -2.026193313678729346e+00 1.975399433002826388e+00 -2.023242818313660152e+00 1.977922785665061856e+00 -2.021071043677562074e+00 1.979801055689205169e+00 -2.019440989232239581e+00 1.981218654989570727e+00 -2.018207313480663068e+00 1.982291364478636186e+00 -2.017276977787815007e+00 1.983094450413720011e+00 -2.016588813970464411e+00 1.983677731773328290e+00 -2.016102276342413457e+00 1.984074058879396585e+00 -2.015791007133932666e+00 1.984304211778863181e+00 -2.015639115056767849e+00 1.984379700305475058e+00 -2.015639115056762520e+00 1.984304211778858962e+00 -2.015791007133925561e+00 1.984074058879387481e+00 -2.016102276342409461e+00 1.983677731773322073e+00 -2.016588813970466187e+00 1.983094450413710463e+00 -2.017276977787808789e+00 1.982291364478617535e+00 -2.018207313480653742e+00 1.981218654989574723e+00 -2.019440989232224037e+00 1.979801055689204947e+00 -2.021071043677558521e+00 1.977922785665042316e+00 -2.023242818313612634e+00 1.975399433002791527e+00 -2.026193313678705366e+00 1.971921768977244138e+00 -2.030333243792013853e+00 1.966932727229703026e+00 -2.036437203515939043e+00 1.959322657392399636e+00 -2.046153529806946647e+00 1.946530262095349961e+00 -2.063697510845875271e+00 1.921069381595551961e+00 -2.103858658355440170e+00 1.848570465972362520e+00 -2.273367385451964928e+00 0.000000000000000000e+00
